Code,Sample_ID,Sample_Date,Sample_Time,Qm3,PR Gage Ht,PR Discharge,USGS_STAGE,USGS_cfps,Temp,pH,Cond,Cl_mg_L,NO3-N_ug_N_L,SO4_S_mg_L,Na_mg_L,K_mg_L,Mg_mg_L,Ca_mg_L,NH4-N_ug_L,PO4-P_ug_P_L,DOC_mg_L,DIC_mg_L,TDN_mg_L,TDP_ug_P_L,SiO2_mg_L,DON_mg_L,TSS_mg_L,Month,Year,MonYr,UNH,Sample_Type,Site,FinalID,PC,PN,PO4_Lachat,Fluoride_mg_L
27845,QS,1/5/2009,955,0.05,3.2,,2.89,1.7,20,6.93,56,7.85,88.95,0.55,4.99,0.23,1.85,2.94,2.5,2,3.72,,0.16,,12.71,0.07,1.73,1,2009,15-Jan-09,,Stream,QS,QS,,,,
27861,QS,1/13/2009,951,0.12,3.54,,3.22,4.1,20.1,6.94,51.1,7.66,86.87,0.54,4.64,0.22,1.63,3.05,5.7,2,1.65,,0.18,,10.59,0.09,3.1,1,2009,15-Jan-09,,Stream,QS,QS,,,,
27877,QS,1/20/2009,915,0.05,3.22,,2.92,1.9,20.5,6.89,55.1,6.7,84.95,0.54,4.8,0.24,1.78,2.78,14.53,2,1.56,,0.14,,11.11,0.04,2.3,1,2009,15-Jan-09,,Stream,QS,QS,,,,
27893,QS,1/27/2009,940,0.05,3.2,,2.92,1.9,20.5,7.04,55,7.4,83.02,0.54,4.88,0.21,1.77,3.15,6.61,2,1.18,,0.16,,11.45,0.07,1.8,1,2009,15-Jan-09,,Stream,QS,QS,,,,
27909,QS,2/3/2009,905,0.03,3,,2.69,0.95,20.6,6.96,57.1,7.61,97.3,0.54,5.05,0.23,1.93,3.08,2.5,2,3.47,,0.17,,12.37,0.07,1.5,2,2009,15-Feb-09,,Stream,QS,QS,,,,
27925,QS,2/10/2009,942,0.15,3.62,,3.32,5.2,20.1,6.94,47,7.01,22.98,0.57,4.33,0.23,1.59,2.41,6.65,2,2.14,,0.13,,8.65,0.1,2.7,2,2009,15-Feb-09,,Stream,QS,QS,,,,
27941,QS,2/17/2009,855,0.04,3.12,,2.8,1.3,19.1,6.92,55.1,7.47,50.71,0.56,4.93,0.24,1.96,3.01,2.5,2,0.93,,0.15,,12.66,0.09,2.39,2,2009,15-Feb-09,,Stream,QS,QS,,,,
27957,QS,2/24/2009,915,0.03,3.08,,2.75,1.1,20,6.95,56,7.73,54.95,0.59,5.23,0.19,2.06,2.96,6.78,2,0.97,,0.15,,13.07,0.09,1.8,2,2009,15-Feb-09,,Stream,QS,QS,,,,
27973,QS,3/3/2009,923,0.02,2.9,,2.57,0.64,20.6,7.2,60,7.94,119.83,0.52,5.37,0.22,2.08,2.96,2.5,2,1.08,,0.14,,13.97,0.02,1.3,3,2009,15-Mar-09,,Stream,QS,QS,,,,
27989,QS,3/10/2009,930,0.08,3.12,,3.15,2.9,18.8,7.03,55.2,8.16,73.96,0.55,5.04,0.22,1.91,2.63,10.13,2,1.07,,0.14,,12.94,0.06,1.5,3,2009,15-Mar-09,,Stream,QS,QS,,,,
28005,QS,3/17/2009,945,0.48,3.9,,3.58,17,19.3,6.9,59,10.29,46.64,0.58,5,0.23,1.65,2.54,2.5,2,2.29,,0.12,,6.59,0.07,2.5,3,2009,15-Mar-09,,Stream,QS,QS,,,,
28021,QS,3/24/2009,935,0.2,3.74,,3.41,7.2,19.1,6.77,45.1,8.98,29.78,0.6,4.78,0.25,1.54,2.46,2.5,2,3.01,,0.1,,6.79,0.08,2.4,3,2009,15-Mar-09,,Stream,QS,QS,,,,
28037,QS,3/31/2009,1005,0.12,3.48,,3.14,4.1,20,7.03,55,7.91,69.71,0.6,5.24,0.26,1.88,2.94,2.5,2,1.13,,0.13,,12.27,0.06,1.3,3,2009,15-Mar-09,,Stream,QS,QS,,,,
28053,QS,4/7/2009,1045,,3.2,,,,20.4,7.08,56.1,7.98,72.9,0.54,5.32,0.27,1.96,3.14,2.5,2,1.08,,0.14,,12.93,0.06,1.6,4,2009,15-Apr-09,,Stream,QS,QS,,,,
28069,QS,4/14/2009,1050,0.08,3.12,,3.18,2.7,21.1,7.01,55,7.72,48.26,0.57,5.45,0.26,2.03,3.1,2.5,2,0.98,,0.1,,13.73,0.06,1.3,4,2009,15-Apr-09,,Stream,QS,QS,,,,
28085,QS,4/21/2009,921,0.74,4.2,,4.24,26,20.9,6.58,46.2,7.34,31.23,0.74,4.37,0.34,1.31,2.1,5.91,2,4.22,,0.14,,6.34,0.11,5.07,4,2009,15-Apr-09,,Stream,QS,QS,,,,
28101,QS,4/28/2009,931,0.16,3.44,,3.52,5.5,20.8,6.89,56,8.02,45.14,0.61,4.96,0.32,1.64,2.62,2.5,6.8,1.73,,0.11,,10.54,0.06,1.7,4,2009,15-Apr-09,,Stream,QS,QS,,,,
28117,QS,5/5/2009,905,0.11,3.4,,3.46,4,20.7,7.03,55,7.73,80.17,0.61,5.03,0.31,1.61,2.58,2.5,2,1.43,,0.12,,9.83,0.04,1.9,5,2009,15-May-09,,Stream,QS,QS,,,,
28133,QS,5/12/2009,930,0.26,3.8,,3.89,9.3,20.8,6.87,47.1,8.56,44.93,0.57,4.55,0.28,1.35,2.07,11.22,2,1.4,,0.14,,7.62,0.08,1.6,5,2009,15-May-09,,Stream,QS,QS,,,,
28149,QS,5/19/2009,847,,3.9,,,,20.8,6.56,45.1,7.23,36.98,0.54,4.53,0.28,1.31,2.55,13.59,2,2.28,,0.12,,7.32,0.07,1.8,5,2009,15-May-09,,Stream,QS,QS,,,,
28165,QS,5/26/2009,817,,3.45,,,,22.3,6.64,52,7.5,70.48,0.55,5.06,0.28,1.62,3.09,2.5,2,1.25,,0.12,,11.22,0.05,1,5,2009,15-May-09,,Stream,QS,QS,,,,
28181,QS,6/2/2009,935,0.99,4.6,,4.59,35,21.9,6.38,43.1,6.86,63.46,0.67,4.23,0.34,1.3,2.48,15.58,2,3.73,,0.15,,7.25,0.07,15,6,2009,15-Jun-09,,Stream,QS,QS,,,,
28197,QS,6/9/2009,829,0.1,3.5,,3.58,3.4,21.9,6.6,49.3,7.12,60.85,0.61,4.57,0.3,1.51,2.81,8.67,2,1.8,,0.13,,9.99,0.06,1.27,6,2009,15-Jun-09,,Stream,QS,QS,,,,
28213,QS,6/16/2009,829,0.08,3.45,,3.51,2.8,22.2,6.57,50.4,7.3,56.51,0.52,4.9,0.29,1.6,2.53,12.75,2,1.17,,0.14,,11.51,0.07,0.9,6,2009,15-Jun-09,,Stream,QS,QS,,,,
28229,QS,6/23/2009,813,0.07,3.35,,3.4,2.4,22.4,7.3,52.1,7.35,76.3,0.57,5.02,0.27,1.74,2.73,8.85,2,1.16,,0.12,,12.16,0.03,1.3,6,2009,15-Jun-09,,Stream,QS,QS,,,,
28245,QS,6/30/2009,826,0.05,3.15,,3.21,1.6,22.8,7.15,56.2,7.21,81.07,0.58,5.31,0.25,1.91,2.78,2.5,2,0.95,,0.09,,12.26,0.01,9.2,6,2009,15-Jun-09,,Stream,QS,QS,,,,
28261,QS,7/7/2009,927,0.17,3.4,,3.68,6.1,23.6,7.14,46.9,6.31,31.4,0.59,4.46,0.25,1.42,2.24,8.92,2,2.04,,0.13,,9.61,0.08,5.4,7,2009,15-Jul-09,,Stream,QS,QS,,,,
28277,QS,7/14/2009,833,0.08,3.4,,3.36,2.8,23,6.83,52,6.89,46.04,0.61,4.91,0.24,1.65,2.59,10.57,2,2.28,,0.2,,11.26,0.14,0.9,7,2009,15-Jul-09,,Stream,QS,QS,,,,
28293,QS,7/21/2009,859,0.15,3.45,,3.63,5.4,22.9,6.73,50.9,7.69,44.73,0.63,4.62,0.33,1.62,2.59,2.5,2,2.44,,0.04,,10.3,0.01,0.8,7,2009,15-Jul-09,,Stream,QS,QS,,,,
28309,QS,7/28/2009,1015,0.1,3.35,,3.45,3.5,24.1,6.88,53,7.68,45.45,0.57,4.79,0.35,1.69,2.74,10.46,2,1.67,,0.09,,10.23,0.04,1.1,7,2009,15-Jul-09,,Stream,QS,QS,,,,
28325,QS,8/4/2009,820,0.45,4.1,,4.12,16,23.5,6.81,48.6,7.48,32.19,0.57,4.62,0.35,1.58,2.59,7.03,2,2.8,,0.31,,8.32,0.27,4.6,8,2009,15-Aug-09,,Stream,QS,QS,,,,
28341,QS,8/11/2009,824,0.08,3.35,,3.37,2.8,23.9,6.72,54,7.73,71.06,0.58,4.91,0.25,1.65,2.55,8.6,2,1.43,,0.14,,10.83,0.06,5.4,8,2009,15-Aug-09,,Stream,QS,QS,,,,
28357,QS,8/18/2009,810,0.13,3.6,,3.78,4.5,23.6,6.61,46.3,6.24,41.28,0.58,4.34,0.28,1.25,2.34,5.02,2,2.02,,0.1,,8.92,0.05,1.6,8,2009,15-Aug-09,,Stream,QS,QS,,,,
28373,QS,8/25/2009,750,0.28,3.9,,4.11,10,23.4,6.55,42,6.19,30.45,0.51,4.03,0.27,1.16,2.22,8.52,2,3.6,,0.12,,6.92,0.09,2.4,8,2009,15-Aug-09,,Stream,QS,QS,,,,
28389,QS,9/1/2009,752,0.04,3.35,,3.39,1.4,24.3,6.64,52.1,6.83,88.31,0.57,4.88,0.29,1.54,2.87,2.5,2,1.64,,0.14,,11.29,0.04,0.25,9,2009,15-Sep-09,,Stream,QS,QS,,,,
28405,QS,9/8/2009,813,0.06,3.5,,3.5,2,23.5,6.57,48.8,7.3,32.95,0.56,4.62,0.29,1.4,2.72,2.5,2,1.82,,0.12,,10.02,0.09,0.5,9,2009,15-Sep-09,,Stream,QS,QS,,,,
28421,QS,9/15/2009,808,0.04,3.4,,3.42,1.5,23.6,6.75,50.1,6.4,62.61,0.57,4.67,0.29,1.51,2.87,9.37,2,2.05,,0.14,,10.74,0.07,0.4,9,2009,15-Sep-09,,Stream,QS,QS,,,,
28437,QS,9/22/2009,817,0.16,3.8,,3.87,5.8,23.4,6.75,38.7,5.48,34.9,0.5,3.84,0.35,1.1,2.11,6.21,2,2.59,,0.11,,6.98,0.07,2.2,9,2009,15-Sep-09,,Stream,QS,QS,,,,
28455,QS,9/29/2009,814,0.04,3.35,,3.36,1.3,23.9,6.69,52.5,7.06,79.16,0.51,4.88,0.32,1.57,2.95,2.5,2,0.92,,0.13,,11.89,0.05,0.5,9,2009,15-Sep-09,,Stream,QS,QS,,,,
28471,QS,10/6/2009,755,0.03,3.35,,3.34,1.2,23.9,6.71,51.1,6.36,58.8,0.51,4.62,0.33,1.5,2.82,6.86,9.18,1.73,,0.15,,12.47,0.09,1,10,2009,15-Oct-09,,Stream,QS,QS,,,,
28487,QS,10/13/2009,804,0.07,3.5,,3.55,2.4,23.9,6.74,43.3,5.71,70.1,0.53,4.02,0.31,1.25,2.34,2.5,6.5,2.53,,0.16,,9.9,0.08,1.1,10,2009,15-Oct-09,,Stream,QS,QS,,,,
28503,QS,10/20/2009,758,0.03,3.25,,3.28,1.1,23.5,6.75,51,6.75,111.6,0.52,4.73,0.33,1.63,3.03,2.5,6.32,1.24,,0.16,,11.8,0.05,0.8,10,2009,15-Oct-09,,Stream,QS,QS,,,,
28519,QS,10/27/2009,840,0.03,3.1,,3.13,1.2,23.7,6.84,56.6,6.91,106.9,0.51,5.05,0.33,1.8,2.61,2.5,4.75,1.08,,0.17,,13.34,0.06,0.3,10,2009,15-Oct-09,,Stream,QS,QS,,,,
28535,QS,11/3/2009,1010,0.06,3.2,,3.22,2.2,23.5,6.73,53.2,6.64,79.8,0.54,4.78,0.34,1.69,3.24,14.31,2,1.51,,0.18,,12.13,0.09,1.3,11,2009,15-Nov-09,,Stream,QS,QS,,,,
28551,QS,11/10/2009,847,0.34,4,,3.94,12,22.7,6.58,39.3,4.15,44.4,0.25,2.49,0.17,0.36,0.59,7,2,2.5,,0.14,,7.75,0.09,1.1,11,2009,15-Nov-09,,Stream,QS,QS,,,,
28567,QS,11/17/2009,825,0.14,3.55,,3.54,5.1,22.8,6.69,45.3,6.03,55,0.59,4.32,0.43,1.59,2.75,2.5,2,2.08,,0.15,,10.07,0.09,2.3,11,2009,15-Nov-09,,Stream,QS,QS,,,,
28583,QS,11/24/2009,822,0.22,3.7,,3.73,7.9,23.3,6.65,49.7,6.55,78.5,0.57,4.67,0.45,1.76,2.98,10.64,8.77,1.62,,0.18,,11.89,0.09,3.3,11,2009,15-Nov-09,,Stream,QS,QS,,,,
28599,QS,12/1/2009,818,0.05,3.2,,3.13,1.7,22.6,6.72,55.7,7.23,96.8,0.56,5.12,0.45,1.96,3.21,12.48,4.08,0.95,,0.17,,12.9,0.07,0.5,12,2009,15-Dec-09,,Stream,QS,QS,,,,
28615,QS,12/8/2009,808,0.07,3.35,,3.24,2.4,22.8,6.84,52.3,6.62,81.8,0.56,4.76,0.33,1.62,2.93,2.5,4.39,1.62,,0.14,,12.09,0.06,1.2,12,2009,15-Dec-09,,Stream,QS,QS,,,,
28631,QS,12/15/2009,814,0.1,3.5,,3.38,3.4,22,6.68,52.2,6.94,73.8,0.55,4.64,0.33,1.56,2.9,5.63,2,1.47,,0.14,,11.29,0.06,1.8,12,2009,15-Dec-09,,Stream,QS,QS,,,,
28647,QS,12/22/2009,800,0.05,3.2,,3.13,1.7,21.7,6.64,53,7.02,111.6,0.54,4.74,0.31,1.6,3.02,7.22,2,1.05,,0.17,,12.14,0.05,1.4,12,2009,15-Dec-09,,Stream,QS,QS,,,,
28663,QS,12/29/2009,811,0.05,3.25,,3.11,1.6,22,6.59,53.8,6.88,109,0.55,4.79,0.3,1.64,3.12,5.74,4.17,1.07,,0.18,,12.23,0.07,0.8,12,2009,15-Dec-09,,Stream,QS,QS,,,,
28679,QS,1/5/2010,827,0.07,3.2,,,2.4,22.2,6.44,63.7,7.9,88.7,0.55,5.31,0.35,1.73,3.24,14.3,4.57,1.05,,0.17,,13.27,0.06,0.5,1,2010,15-Jan-10,,Stream,QS,QS,,,,
28695,QS,1/12/2010,820,0.07,3.4,,,2.4,21.1,6.75,53.4,7.36,46.1,0.5,4.76,0.14,1.47,2.75,10.05,2,0.91,,0.13,,12.24,0.07,0,1,2010,15-Jan-10,,Stream,QS,QS,,,,
28711,QS,1/19/2010,837,0.17,3.8,,,6.1,21.9,6.69,45.4,6.45,44.2,0.46,3.99,0.12,1.05,1.98,8.87,2,1.34,,0.09,,10.36,0.04,0.3,1,2010,15-Jan-10,,Stream,QS,QS,,,,
28727,QS,1/26/2010,835,0.14,3.65,,,4.8,21.7,6.5,48.7,7.61,34,0.54,4.34,0.14,1.29,2.19,9.46,2,1.64,,0.1,,9.1,0.06,1.5,1,2010,15-Jan-10,,Stream,QS,QS,,,,
28743,QS,2/2/2010,915,0.13,3.66,,,4.7,21.2,6.66,50.4,7.69,52.6,0.5,4.61,0.19,1.48,2.79,11.52,2,1.49,,0.13,,10.87,0.07,0.6,2,2010,15-Feb-10,,Stream,QS,QS,,,,
28759,QS,2/9/2010,915,0.05,3.1,,,1.7,21.3,6.75,56.7,7.26,104.3,0.56,5.16,0.29,1.66,3.09,7.95,2,1.52,,0.2,,13.1,0.09,0.8,2,2010,15-Feb-10,,Stream,QS,QS,,,,
28775,QS,2/16/2010,945,0.04,2.96,,,1.3,22.2,6.95,60.2,7.18,105.7,0.53,5.18,0.29,1.74,3.27,2.5,4.4,1.11,,0.13,,14.58,0.02,0.4,2,2010,15-Feb-10,,Stream,QS,QS,,,,
28791,QS,2/23/2010,815,0.15,3.5,,,5.4,21.9,6.42,48.7,6.96,63.8,0.55,4.55,0.3,1.35,2.56,2.5,6.94,1.37,,0.11,,10.4,0.04,1,2,2010,15-Feb-10,,Stream,QS,QS,,,,
28807,QS,3/2/2010,822,0.11,3.4,,,3.9,22.3,6.54,51.2,6.96,67.8,0.54,4.85,0.27,1.54,3.21,6.62,2,0.44,,0.11,,11.78,0.04,1.6,3,2010,15-Mar-10,,Stream,QS,QS,,,,
28823,QS,3/9/2010,813,0.18,3.65,,,6.3,20.9,6.66,45.6,6.57,48.9,0.49,4.35,0.25,1.33,2.77,18.81,2,0.48,,0.09,,,0.02,1,3,2010,15-Mar-10,,Stream,QS,QS,,,,
28839,QS,3/16/2010,945,0.1,3.4,,,3.7,22.4,7.06,53.3,8.02,31.5,0.35,5.37,0.36,1.14,2.67,8.96,2,0.43,,0.13,,12.43,0.09,0.7,3,2010,15-Mar-10,,Stream,QS,QS,,,,
28855,QS,3/23/2010,918,0.08,3.28,,,2.8,23,7.28,58.2,6.7,103.2,0.52,6.08,0.63,1.36,3.69,2.5,2,0.94,,0.15,,13.74,0.05,1.72,3,2010,15-Mar-10,,Stream,QS,QS,,,,
28871,QS,3/30/2010,942,0.05,3.09,,,1.8,23.4,6.85,60.5,7.17,125.9,0.55,5.48,0.29,1.81,3.41,22.32,2,1.27,,0.22,,14.15,0.07,0.6,3,2010,15-Mar-10,,Stream,QS,QS,,,,
28887,QS,4/6/2010,938,0.07,3.14,,,2.3,22,6.91,58.8,8.26,103.2,0.59,5.23,0.3,1.74,3.27,23.56,2,1.55,,0.23,,13.2,0.1,0.8,4,2010,15-Apr-10,,Stream,QS,QS,,,,
28903,QS,4/13/2010,950,0.45,4.1,,,16,22.3,6.61,46.3,8.38,28.8,0.68,4.44,0.19,1.23,2.2,10.09,2,2.71,,0.13,,6.82,0.09,3.3,4,2010,15-Apr-10,,Stream,QS,QS,,,,
28919,QS,4/20/2010,940,0.12,3.44,,,4.4,23.2,6.84,49.5,7.58,53.8,0.57,4.53,0.18,1.31,2.53,23.72,2,1.54,,0.15,,11.12,0.07,0.1,4,2010,15-Apr-10,,Stream,QS,QS,,,,
28935,QS,4/27/2010,855,0.14,3.5,,,4.8,23.3,6.98,51,13.06,49.9,0.98,9.07,0.48,2.23,3.44,2.5,2,1.21,,0.11,,11.36,0.06,2.25,4,2010,15-Apr-10,,Stream,QS,QS,,,,
28951,QS,5/4/2010,915,0.59,4.28,,,21,23.3,6.42,38.3,7.44,81.1,0.38,5.68,0.49,1.44,4.34,104.21,2,2.31,,0.2,,5.99,0.01,2.74,5,2010,15-May-10,,Stream,QS,QS,,,,
28967,QS,5/11/2010,935,0.37,4,,,13,23.2,6.48,40.3,6.08,32.2,0.49,4.31,0.18,1.17,2.28,18.2,2,1.86,,0.12,,9.49,0.07,1.2,5,2010,15-May-10,,Stream,QS,QS,,,,
28983,QS,5/18/2010,1015,1.1,4.7,,,39,23.4,6.17,29.5,5.06,14.4,0.43,3.31,0.16,0.79,1.54,8.05,2,2.45,,0.09,,5.11,0.07,2,5,2010,15-May-10,,Stream,QS,QS,,,,
28999,QS,5/25/2010,912,0.17,3.6,,,5.9,24.2,6.43,44.8,6.11,32.52,0.5,4.3,0.18,1.39,2.75,8.01,2,1.47,,0.09,,10.57,0.05,0.2,5,2010,15-May-10,,Stream,QS,QS,,,,
29032,QS,6/1/2010,935,0.34,3.9,,,12,24.2,6.89,35,5,21.2,0.49,3.79,0.18,1.05,2.05,2.5,2,2.8,,0.13,,7.83,0.12,3,6,2010,15-Jun-10,,Stream,QS,QS,,,,
29049,QS,6/8/2010,758,0.1,3.35,,,3.6,24.2,6.55,53.6,6.89,60.6,0.52,4.84,0.21,1.58,2.96,9.45,2,1.15,,0.15,,10.28,0.08,0.3,6,2010,15-Jun-10,,Stream,QS,QS,,,,
29066,QS,6/15/2010,814,0.14,3.45,,,4.8,24.6,6.72,51.5,,,,,,,,6.05,2,12.89,,6.12,,12.34,,1.5,6,2010,15-Jun-10,,Stream,QS,QS,,,,
29083,QS,6/22/2010,728,0.57,4.3,,,20,23.5,6.06,30.1,4.44,17.2,0.47,3,0.24,0.9,1.8,7.03,2,3.01,,0.1,,4.89,0.07,2.5,6,2010,15-Jun-10,,Stream,QS,QS,,,,
29100,QS,6/29/2010,817,0.18,3.6,,,6.2,24.3,6.47,47.4,6.6,64.7,0.5,4.34,0.21,1.49,2.45,2.5,2,2.36,,0.11,,11.72,0.05,0.5,6,2010,15-Jun-10,,Stream,QS,QS,,,,
29117,QS,7/6/2010,955,0.31,3.5,,,11,24.3,6.82,38.7,5.63,29.5,0.56,3.92,0.23,1.21,2.17,2.5,2,2.97,,0.1,,8.68,0.07,3,7,2010,15-Jul-10,,,QS,QS,,,,
29134,QS,7/13/2010,854,0.16,3.5,,,5.5,24.6,6.94,47.5,6.25,40.7,0.52,3.73,0.19,1.42,2.43,16.13,2,1.8,,0.14,,10.8,0.08,1.8,7,2010,15-Jul-10,,,QS,QS,,,,
29151,QS,7/20/2010,756,1.64,4.8,,,58,23.5,6.24,27.9,4.24,23.9,0.42,2.42,0.14,0.75,1.32,2.5,2,3.11,,0.08,,4.54,0.05,4,7,2010,15-Jul-10,,,QS,QS,,,,
29168,QS,7/27/2010,955,0.31,3.74,,,11,24.3,6.83,46.1,6.02,54.3,0.48,4.17,0.21,1.29,2.45,2.5,2,1.54,,0.08,,10.5,0.03,2.3,7,2010,15-Jul-10,,,QS,QS,,,,
29185,QS,8/3/2010,945,0.26,3.62,,,9.3,24.8,6.51,48.3,6.62,84,0.53,4.46,0.24,1.5,2.93,14.35,2,1.6,,0.11,,11.68,0.01,2,8,2010,15-Aug-10,,,QS,QS,,,,
29202,QS,8/10/2010,945,1.59,4.75,,,56,24.4,6.1,35.4,4.95,26.7,0.56,3.38,0.21,1,1.95,19.1,2,3.92,,0.11,,6.46,0.07,20.75,8,2010,15-Aug-10,,,QS,QS,,,,
29219,QS,8/17/2010,943,0.26,3.64,,,9.3,24.6,6.42,45.6,5.43,60.6,0.42,4.18,0.2,1.38,2.73,9.91,2,1.49,,0.15,,10.98,0.08,1.37,8,2010,15-Aug-10,,,QS,QS,,,,
29236,QS,8/24/2010,947,0.16,3.4,,,5.7,25.1,6.49,49.2,6.04,79.3,0.5,4.48,0.21,1.52,2.95,20.57,2,1.99,,0.22,,12.41,0.12,2.1,8,2010,15-Aug-10,,,QS,QS,,,,
29253,QS,8/31/2010,,0.4,,,,14,,,,,,,,,,,,,,,,,,,,8,2010,15-Aug-10,,,QS,QS,,,,
29270,QS,9/7/2010,955,1.13,4.5,,,40,24.8,6.01,35.9,5.14,22.7,0.53,3.3,0.21,0.88,1.57,2.5,2,5.07,,0.18,,5.5,0.15,6.97,9,2010,15-Sep-10,,,QS,QS,,,,
29287,QS,9/14/2010,929,0.15,3.5,,,5.3,24.5,6.4,47.9,7.06,49.5,0.52,4.4,0.15,1.45,2.51,6.73,2,1.71,,0.1,,12.26,0.05,0.71,9,2010,15-Sep-10,,,QS,QS,,,,
29304,QS,9/21/2010,925,0.17,3.56,,,6.1,24.4,6.39,46.2,6.74,58,0.55,4.23,0.17,1.42,2.43,5.68,2,2.43,,0.11,,9.88,0.04,0.9,9,2010,15-Sep-10,,,QS,QS,,,,
29321,QS,9/28/2010,920,0.2,3.6,,,7.2,24.5,6.44,45.7,3.48,20.4,0.22,2.47,0.13,0.73,1.31,2.5,5.69,1.42,,0.04,,11.84,0.02,1.26,9,2010,15-Sep-10,,,QS,QS,,,,
29338,QS,10/5/2010,950,0.25,3.7,,,8.7,24.6,6.81,47.1,6.73,54.8,0.54,4.42,0.18,1.47,2.58,10.18,4.3,2.47,,0.12,,11.16,0.06,1.67,10,2010,15-Oct-10,,,QS,QS,,,,
29355,QS,10/12/2010,1000,0.18,3.4,,,6.5,24.6,6.7,51,7.72,100.2,0.51,4.57,0.29,1.65,3.35,7.07,4.48,1.43,,0.14,,12.49,0.03,1.43,10,2010,15-Oct-10,,,QS,QS,,,,
29372,QS,10/19/2010,910,0.13,3.2,,,4.5,23.9,6.79,56.9,8.2,142.9,0.54,5.04,0.31,1.83,2.75,8.63,4.85,1.16,,0.19,,13.27,0.04,0.93,10,2010,15-Oct-10,,,QS,QS,,,,
29389,QS,10/26/2010,910,0.13,3.16,,,4.5,24.5,6.9,59.4,8.5,135.3,0.56,5.24,0.4,1.88,2.89,2.5,2,1.36,,0.18,,13.09,0.04,0.8,10,2010,15-Oct-10,,,QS,QS,,,,
29406,QS,11/2/2010,950,0.16,3.28,,,5.8,24.5,7.07,53.2,6.73,91.7,0.55,3.99,0.21,1.66,2.88,2.5,2,1.63,,0.15,,11.7,0.06,1.9,11,2010,15-Nov-10,,,QS,QS,,,,
29422,QS,11/9/2010,930,0.31,3.6,,,11,24.2,6.68,44.9,6.27,61.3,0.55,3.5,0.17,1.42,2.52,2.5,2,1.88,,0.12,,10.42,0.06,1.12,11,2010,15-Nov-10,,,QS,QS,,,,
29438,QS,11/16/2010,955,0.21,3.42,,,7.5,23.9,6.88,51,8.19,149.8,1.31,7.07,1.06,3.17,4.54,2.5,2,1.25,,0.17,,12.12,0.01,1.8,11,2010,15-Nov-10,,,QS,QS,,,,
29454,QS,11/23/2010,845,1.56,4.64,,,55,23.7,6.12,34.3,5.95,2.5,0.53,3.63,0.98,0.99,1.78,2.5,2,3.81,,0.09,,5.3,0.09,1.92,11,2010,15-Nov-10,,,QS,QS,,,,
29470,QS,11/30/2010,935,0.17,4.34,,,5.9,20.7,6.91,53.5,8.09,116.9,0.47,6.46,0.32,3.74,3.6,2.5,,0.94,,0.14,,12.59,0.02,0.3,11,2010,15-Nov-10,,,QS,QS,,,,
29486,QS,12/7/2010,910,0.13,3.19,,,4.5,20.1,6.58,56.6,9.68,129.9,0.78,7.16,0.36,1.83,3.46,6.76,5.65,1.21,,0.17,,13.96,0.04,0.9,12,2010,15-Dec-10,,,QS,QS,,,,
29502,QS,12/14/2010,958,0.16,3.28,,,5.5,20.2,6.63,51.7,6.62,87.1,0.55,4.66,0.25,1.69,2.9,7.26,2,1.69,,0.14,,11.7,0.04,1,12,2010,15-Dec-10,,,QS,QS,,,,
29518,QS,12/21/2010,830,0.27,3.6,,,9.5,19.9,6.39,49,6.94,65,0.55,4.49,0.22,1.51,2.61,19.08,2,1.61,,0.1,,11.73,0.02,1.06,12,2010,15-Dec-10,,,QS,QS,,,,
29534,QS,12/28/2010,1010,0.23,3.5,,,8.2,20.2,6.53,51.6,7.05,2.5,0.53,4.57,0.26,1.55,2.69,2.5,2,1.72,,0.04,,10.81,0.03,1.29,12,2010,15-Dec-10,,,QS,QS,,,,
29550,QS,1/4/2011,955,0.51,3.96,,,18,18.8,6.45,50.8,7.9,51.6,0.51,4.7,0.2,1.35,2.5,2.5,2,1.49,,0.08,,9.1,0.02,1.1,1,2011,15-Jan-11,,,QS,QS,,,2.78,
29566,QS,1/11/2011,955,0.2,3.48,,,7.1,20.2,6.84,54.4,6.92,78,0.53,5.08,0.22,1.55,3.1,2.5,2,1.16,,0.1,,12.84,0.02,0.5,1,2011,15-Jan-11,,,QS,QS,,,0.68,
29582,QS,1/18/2011,935,0.16,3.38,,,5.8,20.2,6.6,56.3,6.67,86.3,0.55,4.9,0.21,1.6,3.01,9.02,2,1.22,,0.13,,12.17,0.04,2.06,1,2011,15-Jan-11,,,QS,QS,,,0.27,
29598,QS,1/25/2011,840,0.15,3.32,,,5.2,19.9,6.47,55.8,8.01,89.7,0.54,5.14,0.18,1.66,3.07,6.19,2,1.22,,0.14,,12.4,0.04,0.5,1,2011,15-Jan-11,,,QS,QS,,,1.72,
29614,QS,2/1/2011,930,0.13,3.34,,,4.7,19.5,6.7,55.7,7.8,95.9,0.55,5.04,0.15,1.67,3.2,2.5,2,1.35,,0.15,,11.67,0.06,1.1,2,2011,15-Feb-11,,,QS,QS,,,1.7,
29630,QS,2/8/2011,935,0.4,3.8,,,14,19.9,6.5,50.6,7.89,24.1,0.54,4.78,0.19,1.52,2.96,2.5,2,2.14,,0.08,,8.01,0.06,2.3,2,2011,15-Feb-11,,,QS,QS,,,2.43,
29646,QS,2/15/2011,940,0.25,3.58,,,8.9,20,6.75,49.7,7.82,45,0.5,4.77,0.14,1.34,2.59,6.45,2,2.28,,0.12,,8.16,0.07,1.8,2,2011,15-Feb-11,,,QS,QS,,,1.57,
29662,QS,2/22/2011,955,0.27,3.62,,,9.7,19.4,6.51,45,6.65,38.8,0.5,4.39,0.18,1.37,2.7,2.5,2,1.78,,0.07,,7.9,0.03,0.9,2,2011,15-Feb-11,,,QS,QS,,,3.05,
29678,QS,3/1/2011,910,0.14,3.34,,,4.8,19.2,6.63,54.9,7.53,86.5,0.51,5.04,0.13,1.56,2.95,16.82,2,0.92,,0.12,,10.69,0.01,0.9,3,2011,15-Mar-11,,,QS,QS,,,1.47,
29694,QS,3/8/2011,918,0.17,3.34,,,6.1,19.2,6.72,50.7,6.7,36.4,0.52,4.5,0.18,1.53,3.05,2.5,2,1.94,,0.09,,7.48,0.05,1.6,3,2011,15-Mar-11,,,QS,QS,,,9.15,
29710,QS,3/15/2011,940,0.12,3.3,,,4.4,19.2,6.71,55.7,6.93,81.8,0.55,4.96,0.11,1.49,3.2,2.5,2,1.01,,0.14,,13.47,0.05,0.4,3,2011,15-Mar-11,,,QS,QS,,,,
29726,QS,3/22/2011,855,0.54,3.92,,,19,18.8,6.73,51.2,7.64,56.1,0.59,4.68,0.16,1.46,2.84,7.61,5.23,1.73,,0.14,,10.26,0.07,3.4,3,2011,15-Mar-11,,,QS,QS,,,,
29742,QS,3/29/2011,925,0.1,3.18,,,3.6,20.2,6.7,56.6,7.18,105.7,0.56,5.07,0.18,1.74,2.6,5.42,4.03,0.93,,0.14,,13.4,0.03,1.6,3,2011,15-Mar-11,,,QS,QS,,,,
29758,QS,4/5/2011,920,0.11,3.19,,,4,20.4,6.81,58.3,7.68,49.8,0.64,4.8,0.22,1.73,3.47,5.59,2,1.32,,0.12,,13.38,0.06,1.8,4,2011,15-Apr-11,,,QS,QS,,,,
29774,QS,4/12/2011,815,0.1,3.11,,,3.5,20.2,7.09,58.2,6.79,66.4,0.54,4.5,0.18,1.57,2.99,2.5,2,1.31,,0.13,,12.94,0.06,0.8,4,2011,15-Apr-11,,,QS,QS,,,,
29790,QS,4/19/2011,930,0.12,3.2,,,4.2,20.3,7.13,53.6,7.51,90.9,0.61,5.3,0.22,1.76,3,2.5,2,1.2,,0.17,,13.04,0.08,1.25,4,2011,15-Apr-11,,,QS,QS,,,1.51,
29806,QS,4/26/2011,935,0.45,3.8,,,16,20.7,7.14,51.6,6.77,72.7,0.67,4.84,0.23,1.56,2.8,2.5,2,1.52,,0.14,,9.84,0.07,11,4,2011,15-Apr-11,,,QS,QS,,,1.06,
29822,QS,5/3/2011,1000,0.37,3.8,,,13,20.6,6.97,42.5,6.66,25.8,0.54,4.23,0.17,1.09,1.95,13.28,2,1.77,,0.13,,8.95,0.09,,5,2011,15-May-11,,,QS,QS,,,2.57,
29838,QS,5/10/2011,935,0.14,3.34,,,4.9,20.9,7.16,55.3,7.32,47,0.58,5.2,0.2,1.53,2.78,2.5,2,1.1,,0.12,,13.35,0.08,,5,2011,15-May-11,,,QS,QS,,,0.98,
29854,QS,5/17/2011,915,1.33,4.6,,,47,20.6,6.61,30.4,6.05,32.6,0.52,4.19,0.17,1.2,2.2,13.26,2,2.25,,0.18,,9.89,0.13,,5,2011,15-May-11,,,QS,QS,,,3.31,
29870,QS,5/24/2011,955,0.27,3.6,,,9.5,21.1,7.06,43.5,7.42,25.9,0.66,5.32,0.3,0.96,2.7,2.5,2,4.82,,0.16,,4.34,0.13,,5,2011,15-May-11,,,QS,QS,,,10.6,
29886,QS,5/31/2011,801,0.18,3.45,,,6.5,22.4,6.98,52.5,6.36,64.3,0.49,5.11,0.16,1.53,3.44,2.5,2,1.57,,0.13,,13.08,0.07,,5,2011,15-May-11,,,QS,QS,,,0.17,
29902,QS,6/7/2011,911,0.34,3.75,,,12,21.1,6.9,42.9,5.24,34.2,0.49,4.1,0.16,1.27,2.72,2.5,2,1.89,,0.11,,10.67,0.08,0.9,6,2011,15-Jun-11,,,QS,QS,,,,
29918,QS,6/14/2011,842,0.14,3.35,,,5.1,22.5,6.97,51.2,6.14,78.8,0.5,4.75,0.22,1.59,3.39,2.5,4.46,1.31,,0.15,,11.24,0.07,0.6,6,2011,15-Jun-11,,,QS,QS,,,,
29934,QS,6/21/2011,755,3.11,5.4,,,110,21.9,6.72,31.6,7.14,19.1,0.53,3.18,0.21,0.88,2.2,2.5,2,4.97,,0.17,,4.68,0.15,15,6,2011,15-Jun-11,,,QS,QS,,,13.33,
29950,QS,6/28/2011,940,0.23,3.52,,,8.2,21.9,6.89,45,9.35,76.8,0.7,5.57,0.28,1.38,2.62,2.5,2,2.52,,0.16,,9.65,0.08,1.6,6,2011,15-Jun-11,,,QS,QS,,,8.61,
29966,QS,7/5/2011,730,0.19,3.45,,,6.8,22,6.78,50,8.47,68.7,0.52,4.32,0.19,1.54,2.64,2.5,2,1.47,,0.1,,10.67,0.03,0.71,7,2011,15-Jul-11,,,QS,QS,,,6.37,
29982,QS,7/12/2011,845,0.45,3.9,,,16,21.7,6.91,41,7.43,27.8,0.54,3.64,0.16,1.26,2.93,2.5,2,3.66,,0.12,,8.17,0.09,2,7,2011,15-Jul-11,,,QS,QS,,,0.03,
29998,QS,7/19/2011,920,0.48,3.9,,,17,22,7,39.9,5.5,20.2,0.5,3.73,0.16,1.1,2.14,2.5,2,2.85,,0.12,,6.34,0.09,1.6,7,2011,15-Jul-11,,,QS,QS,,,,
30014,QS,7/26/2011,730,0.22,3.51,,,7.9,22,6.95,48.5,6.47,73,0.45,4.61,0.11,1.39,3.1,2.5,2,1.44,,0.15,,7.63,0.08,0.6,7,2011,15-Jul-11,,,QS,QS,,,6.37,
30030,QS,8/2/2011,700,4.87,5.7,,,172,22,6.45,33.2,5.16,2.5,0.44,3.48,0.24,0.92,2.01,2.5,4.22,4.09,,0.12,,5.45,0.11,51.5,8,2011,15-Aug-11,,,QS,QS,,,9.11,
30046,QS,8/9/2011,817,0.21,3.5,,,7.5,22.1,6.71,48.4,6.65,84.9,0.44,4.68,0.2,1.44,3.13,8.41,2,1.69,,0.19,,10.57,0.1,0.6,8,2011,15-Aug-11,,,QS,QS,,,7.68,
30062,QS,8/16/2011,824,0.19,3.45,,,6.6,23,6.76,49.3,6.17,27.9,0.49,4.62,0.19,1.4,2.89,2.5,4.21,1.61,,0.1,,12.68,0.08,0.9,8,2011,15-Aug-11,,,QS,QS,,,3.32,
30078,QS,8/23/2011,,2.61,,,,92,,,,,,,,,,,,,,,,,,,,8,2011,15-Aug-11,,,QS,QS,,,,
30094,QS,8/30/2011,802,0.31,3.65,,,11,22,6.76,47,6.74,2.5,0.47,4.55,0.22,1.37,2.64,2.5,2,1.69,,0.07,,9.79,0.07,1.3,8,2011,15-Aug-11,,,QS,QS,,,3.44,
30110,QS,9/6/2011,815,0.16,2.42,,,5.5,22.2,6.96,51.7,6.33,45.1,0.47,4.54,0.22,1.54,2.87,2.5,2,2.58,,0.13,,,0.08,1.1,9,2011,15-Sep-11,,,QS,QS,,,0.57,
30126,QS,9/13/2011,825,6.85,6.4,,,242,21.9,6.08,26.9,4.11,50.8,0.53,2.56,0.35,0.65,1.22,2.5,2,6.1,,0.21,,2.14,0.16,26.8,9,2011,15-Sep-11,,,QS,QS,,,1.37,
30142,QS,9/20/2011,815,0.4,3.82,,,14,21.6,6.6,35.9,4.52,12,0.44,3.37,0.18,1.06,1.99,2.5,2,3.18,,0.1,,6.58,0.08,1.3,9,2011,15-Sep-11,,,QS,QS,,,,
30160,QS,9/27/2011,740,0.21,3.5,,,7.4,22.3,6.96,48.6,6.42,49.5,0.48,4.45,0.24,1.51,3.25,2.5,2,1.47,,0.1,,10.53,0.05,0.3,9,2011,15-Sep-11,,,QS,QS,,,4.34,
30178,QS,10/4/2011,1000,0.27,3.64,,,9.5,22.8,7.06,48.7,6.31,54.7,0.49,4.57,0.26,1.56,2.55,5.19,2,2.25,,0.14,,10.58,0.08,2.5,10,2011,15-Oct-11,,,QS,QS,,,5.27,
30196,QS,10/11/2011,920,0.17,3.4,,,6.1,22.3,6.78,48.4,6.52,113.3,0.48,4.65,0.28,1.55,3.43,2.5,2,1.24,,0.14,,13.71,0.03,0.2,10,2011,15-Oct-11,,,QS,QS,,,7.07,
30214,QS,10/18/2011,955,0.16,3.36,,,5.5,22.4,7.08,50.2,6.35,116.9,0.49,4.69,0.25,1.66,2.74,8.69,2,1.42,,0.16,,12.38,0.03,1.4,10,2011,15-Oct-11,,,QS,QS,,,3.44,
30232,QS,10/25/2011,1000,0.15,3.36,,,5.3,22.6,7.09,51.8,6.56,120.3,0.52,4.76,0.26,1.68,2.8,11.31,2,1.29,,0.15,,12.41,0.02,0.6,10,2011,15-Oct-11,,,QS,QS,,,7.18,
30250,QS,11/1/2011,1000,0.31,3.7,,,11,22,6.84,39.8,5.95,2.5,0.49,4.09,0.23,1.2,2.39,2.5,2,3.55,,0.13,,8.1,0.13,0.2,11,2011,15-Nov-11,,,QS,QS,,,3.62,
30268,QS,11/8/2011,930,0.15,3.38,,,5.3,21.9,6.83,50.9,7.07,47.5,0.51,4.52,0.2,1.57,3.02,9.38,2,1.76,,0.16,,13.08,0.11,0.1,11,2011,15-Nov-11,,,QS,QS,,,5.37,
30286,QS,11/15/2011,915,0.91,4.3,,,32,21.9,6.83,34.6,5.22,2.5,0.49,3.28,0.16,1.03,2.11,2.5,2,4.42,,0.15,,6.84,0.15,5.92,11,2011,15-Nov-11,,,QS,QS,,,5.22,
30304,QS,11/22/2011,935,0.51,3.98,,,18,21.6,6.74,39.4,6.49,2.5,0.48,3.72,0.18,1.14,2.24,2.5,2,2.76,,0.11,,7.45,0.11,1.92,11,2011,15-Nov-11,,,QS,QS,,,4.58,
30322,QS,11/29/2011,925,1.05,4.4,,,37,21.5,6.72,31.9,4.4,40.1,0.46,3.64,0.21,0.95,2.12,14.29,2,3.72,,0.15,,6.29,0.1,2.22,11,2011,15-Nov-11,,,QS,QS,,,6.6,
30340,QS,12/6/2011,940,0.31,3.7,,,11,21.1,6.9,39.6,4.91,79.5,0.45,4.28,0.21,1.22,2.71,2.5,2,2.15,,0.16,,9.48,0.08,1.29,12,2011,15-Dec-11,,,QS,QS,,,5.12,
30358,QS,12/13/2011,935,0.28,3.67,,,10,20.1,6.84,47.4,9.72,174.6,0.83,9.58,0.51,1.49,3.53,8.11,2,1.2,,0.2,,12.76,0.01,0.25,12,2011,15-Dec-11,,,QS,QS,,,,
30376,QS,12/20/2011,945,0.18,3.42,,,6.2,20.1,6.85,50.7,6.64,124.3,0.5,5.27,0.26,1.64,3.49,2.5,2,0.97,,0.16,,13.36,0.04,4.3,12,2011,15-Dec-11,,,QS,QS,,,7.24,
30394,QS,12/27/2011,1000,0.27,3.6,,,9.5,20.5,6.81,52,8.33,83.5,0.46,5.01,0.26,1.6,3.49,2.5,2,1.49,,0.13,,11.23,0.05,0.9,12,2011,15-Dec-11,,,QS,QS,,,6.2,
30412,QS,1/3/2012,1040,0.31,3.66,,,11,20.7,6.67,44.6,8.06,72.9,0.47,4.78,0.25,1.61,3.47,2.5,5.43,1.89,,0.09,,8.98,0.02,1.1,1,2012,15-Jan-12,,,QS,QS,,,6.26,
30430,QS,1/10/2012,945,0.2,3.42,,,6.9,20.5,6.8,49.7,7.03,116.4,0.46,4.82,0.26,1.65,2.72,2.5,2,1.09,,0.16,,9.27,0.04,1,1,2012,15-Jan-12,,,QS,QS,,,4.81,
30448,QS,1/17/2012,800,0.17,3.4,,,6.1,20.5,6.83,,9.4,2.5,0.64,5.87,0.3,1.86,2.63,11.29,2,2.29,,0.14,,7.84,0.13,0.9,1,2012,15-Jan-12,,,QS,QS,,,,
30466,QS,1/24/2012,940,0.57,4.16,,,20,19.7,6.63,,7.05,40.5,0.47,3.93,0.21,1.21,2.71,2.5,2,3.72,,0.1,,3.82,0.06,13.7,1,2012,15-Jan-12,,,QS,QS,,,2.89,
30484,QS,1/31/2012,1005,0.54,4.1,,,19,20.2,6.62,,7.34,59.8,0.44,4.53,0.19,1.34,2.02,2.5,2,1.63,,0.08,,10.65,0.02,1,1,2012,15-Jan-12,,,QS,QS,,,4.17,
30500,QS,2/7/2012,945,0.15,3.52,,,5.3,20.2,6.75,,7.24,2.5,0.5,4.93,0.26,1.42,2.84,2.5,2,2.83,,0.04,,7.83,0.03,2,2,2012,15-Feb-12,,,QS,QS,,,,
30516,QS,2/14/2012,915,0.16,3.54,,,5.7,20.3,6.95,,6.94,108,0.52,4.89,0.25,1.57,2.51,2.5,2,1.52,,0.11,,12.69,0.01,1.1,2,2012,15-Feb-12,,,QS,QS,,,5.08,
30532,QS,2/21/2012,935,0.1,3.36,,,3.7,19.9,6.82,,6.96,19.4,0.5,4.85,0.26,1.58,2.82,2.5,2,1.61,,0.04,,11.57,0.02,1.6,2,2012,15-Feb-12,,,QS,QS,,,8.78,
30548,QS,2/28/2012,1005,0.12,3.42,,,4.4,20.4,6.85,,7.29,94.1,0.49,4.73,0.24,1.63,3.29,2.5,2,1.68,,0.11,,10.83,0.01,1.6,2,2012,15-Feb-12,,,QS,QS,,,8.42,
30564,QS,3/6/2012,915,0.15,3.48,,,5.3,20.4,6.85,,7.49,81,0.51,4.85,0.24,1.53,3.2,2.5,2,1.48,,0.12,,10.24,0.03,0.5,3,2012,15-Mar-12,,,QS,QS,,,6.44,
30580,QS,3/13/2012,945,0.19,3.6,,,6.8,19.9,6.78,,7.9,2.5,0.48,4.89,0.23,1.48,3.06,,2,1.8,,0.04,,9.04,,2,3,2012,15-Mar-12,,,QS,QS,,,5.29,
30596,QS,3/20/2012,855,0.1,3.38,,,3.5,20.4,6.73,,7.45,89.1,0.51,5.28,0.25,1.73,2.75,,2,1.37,,0.13,,,,1.5,3,2012,15-Mar-12,,,QS,QS,,,3.38,
30612,QS,3/27/2012,850,0.19,3.58,,,6.8,20.3,6.8,,6.66,71,0.47,4.49,0.21,1.47,3.14,,2,1.11,,0.09,,10.3,,1.5,3,2012,15-Mar-12,,,QS,QS,,,0.78,
30628,QS,4/3/2012,930,0.23,3.9,,,8.2,20.5,6.78,,7.21,53.7,0.53,4.72,0.26,1.42,2.72,2.5,2,1,,0.11,,12.56,0.06,1,4,2012,15-Apr-12,,,QS,QS,,,8.64,
30644,QS,4/10/2012,930,0.74,4.5,,,26,20.7,6.62,,4.16,2.5,0.48,3.24,0.2,0.97,1.96,2.5,2,4.59,,0.09,,6.29,0.09,3.2,4,2012,15-Apr-12,,,QS,QS,,,,
30660,QS,4/17/2012,935,0.2,3.82,,,7.1,19.7,6.82,,7.88,2.5,0.53,4.77,0.27,1.56,3.37,2.5,2,1.5,,0.04,,12.31,0.03,1.3,4,2012,15-Apr-12,,,QS,QS,,,,
30676,QS,4/24/2012,915,0.17,3.76,,,5.9,21.5,6.7,,7.13,39.1,0.52,4.36,0.22,1.57,3.24,2.5,2,1.61,,0.11,,10.85,0.07,0.8,4,2012,15-Apr-12,,,QS,QS,,,2.22,
30692,QS,5/1/2012,915,0.15,3.7,,,5.3,21.1,6.85,,7.12,54.9,0.5,4.79,0.24,1.59,3.15,2.5,2,1.69,,0.09,,13.51,0.04,1.2,5,2012,15-May-12,,,QS,QS,,,3.12,
30708,QS,5/8/2012,855,0.26,3.9,,,9.1,21.1,6.45,,5.82,7,0.46,4.14,0.23,1.35,2.7,2.5,2,1.89,,0.04,,9.9,0.03,1.4,5,2012,15-May-12,,,QS,QS,,,5.72,
30724,QS,5/15/2012,915,0.15,3.66,,,5.4,22.2,6.65,,6.6,2.5,0.49,4.82,0.28,1.61,3.23,2.5,2,1.37,,0.04,,11.88,0.03,1.1,5,2012,15-May-12,,,QS,QS,,,,
30740,QS,5/22/2012,807,0.74,4.4,,,26,21.8,6.54,,6.28,2.5,0.48,3.89,0.21,1.14,2.21,2.5,2,2.54,,0.04,,8.65,0.03,2.7,5,2012,15-May-12,,,QS,QS,,,,
30756,QS,5/29/2012,812,0.26,3.85,,,9.1,21.9,6.46,,6.08,2.5,0.48,4.08,0.21,1.27,2.42,2.5,2,2.25,,0.04,,12.16,0.03,1.5,5,2012,15-May-12,,,QS,QS,,,,
30772,QS,6/5/2012,810,0.16,3.65,,,5.8,22.2,6.91,,6.81,115.1,0.5,4.74,0.29,1.44,2.52,2.5,2,1.19,,0.14,,13.91,0.03,2.5,6,2012,15-Jun-12,,,QS,QS,,,5,
30788,QS,6/12/2012,1055,0.12,3.44,,,4.2,23.4,6.83,,8.13,40.5,0.51,5.29,0.23,1.58,2.99,2.5,2,1.52,,0.04,,12.04,0.01,0.9,6,2012,15-Jun-12,,,QS,QS,,,8.31,
30804,QS,6/19/2012,1005,0.13,3.5,,,4.5,23.1,6.83,57.7,8.04,70.4,0.57,5.15,0.24,1.67,2.98,2.5,2,1.45,,0.14,,14.18,0.06,0.9,6,2012,15-Jun-12,,,QS,QS,,,6.4,
30820,QS,6/26/2012,855,0.11,3.4,,,3.8,23.1,6.88,59.7,8.12,40,0.61,5.11,0.23,1.69,3.04,2.5,2,1.77,,0.04,,13.78,0.01,1,6,2012,15-Jun-12,,,QS,QS,,,8.61,
30836,QS,7/3/2012,935,0.07,3.3,,,2.3,23.6,6.8,60.4,7.96,42.9,0.54,5.26,0.23,1.76,3.1,32.97,2,1.47,,0.13,,13.37,0.06,0.7,7,2012,15-Jul-12,,,QS,QS,,,1.9,
30852,QS,7/10/2012,915,0.19,3.7,,,6.6,23.7,6.57,50.5,7.17,62.3,0.6,4.67,0.27,1.54,2.58,2.5,6.1,2.05,,0.14,,12.23,0.08,1.9,7,2012,15-Jul-12,,,QS,QS,,,,0.01
30868,QS,7/17/2012,735,0.09,3.39,,,3.3,23.8,6.64,54.1,7.38,13.6,0.53,4.87,0.19,1.42,2.25,2.5,2,2.55,,0.1,,11.43,0.08,1.1,7,2012,15-Jul-12,,,QS,QS,,,2.86,
30884,QS,7/24/2012,930,0.2,3.72,,,7.1,23.4,6.93,51.6,7.64,65,0.51,4.55,0.21,1.38,2.48,2.5,2,1.62,,0.1,,10.89,0.03,1.9,7,2012,15-Jul-12,,,QS,QS,,,3.27,
30900,QS,7/31/2012,935,1.25,4.88,,,44,23,6.55,42.6,7.12,19.5,0.48,3.84,0.2,0.95,1.96,6.2,2,2.99,,0.04,,5.72,0.01,9.57,7,2012,15-Jul-12,,,QS,QS,,,6.39,
30916,QS,8/7/2012,950,0.14,3.6,,,4.9,23.4,6.75,54.46,7.02,74.7,0.51,4.63,0.2,1.33,2.4,2.5,2,1.25,,0.13,,12.37,0.06,1.7,8,2012,15-Aug-12,,,QS,QS,,,3.08,
30932,QS,8/14/2012,925,0.1,3.42,,,3.4,23.5,6.91,59.25,7.18,47.5,0.52,5.02,0.23,1.65,2.88,72.13,2,1.84,,0.1,,13.32,0.01,1,8,2012,15-Aug-12,,,QS,QS,,,7.76,
30948,QS,8/21/2012,955,0.12,3.54,,,4.4,23.8,6.85,55.83,6.96,44.2,0.55,4.66,0.25,1.54,2.7,2.5,2,1.45,,0.09,,12.22,0.04,1.5,8,2012,15-Aug-12,,,QS,QS,,,1.03,
30964,QS,8/28/2012,935,0.22,3.82,,,7.9,22.6,6.7,48.64,6.41,28.1,0.53,4.33,0.22,1.29,2.29,2.5,2,1.69,,0.1,,10.93,0.07,0.8,8,2012,15-Aug-12,,,QS,QS,,,5.47,
30980,QS,9/4/2012,1015,0.11,3.51,,,4,23.1,6.83,56.66,6.92,2.5,0.55,4.77,0.24,1.51,2.67,11.79,4.24,1.51,,0.09,,13.56,0.08,2.9,9,2012,15-Sep-12,,,QS,QS,,,5.8,
30996,QS,9/11/2012,930,0.05,3.3,,,1.8,22.8,6.75,58.19,7.45,89.6,0.56,5.21,0.26,1.66,2.99,2.5,2,1.34,,0.17,,11.56,0.08,6.9,9,2012,15-Sep-12,,,QS,QS,,,7.12,
31012,QS,9/18/2012,915,0.03,3,,,0.95,23.9,6.86,62.88,8,82,0.54,5.42,0.23,1.62,3.03,2.5,2,1.06,,0.13,,14.61,0.04,4.5,9,2012,15-Sep-12,,,QS,QS,,,,
31028,QS,9/25/2012,925,0.23,4,,,8.2,23.3,6.62,53.48,7.64,109.1,0.66,4.69,0.22,1.25,2.31,30.26,2,2.47,,0.19,,11.11,0.06,7,9,2012,15-Sep-12,,,QS,QS,,,7.4,
31044,QS,10/2/2012,925,0.05,3.23,,,1.8,23.7,6.76,57.2,5.98,2.5,0.51,4.49,0.23,1.57,2.78,2.5,2,1.98,,0.04,,11.09,0.03,1.9,10,2012,15-Oct-12,,,QS,QS,,,,
31060,QS,10/9/2012,950,0.37,4.16,,,13,22.9,6.65,44.4,5.54,2.5,0.54,3.97,0.27,1.18,2.07,5.62,2,2.81,,0.04,,8.48,0.03,2.3,10,2012,15-Oct-12,,,QS,QS,,,,
31076,QS,10/16/2012,935,0.12,3.6,,,4.1,23.5,6.62,50.5,6.12,2.5,0.51,4.34,0.25,1.43,2.58,2.5,2,1.69,,0.04,,10.75,0.03,12.3,10,2012,15-Oct-12,,,QS,QS,,,5.07,
31092,QS,10/23/2012,930,0.14,3.7,,,4.8,23.5,6.63,49.5,,,,,,,,2.5,2,1.73,,0.04,,10.51,,0.5,10,2012,15-Oct-12,,,QS,QS,,,9.75,
31108,QS,10/30/2012,905,0.22,3.64,,,7.9,23.3,6.74,52.3,7.35,26.1,0.49,4.55,0.2,1.4,2.44,2.5,2,1.22,,0.04,,11.14,0.01,1,10,2012,15-Oct-12,,,QS,QS,,,7.45,
31124,QS,11/6/2012,855,0.2,3.58,,,7.2,22.8,6.72,54.9,7.32,2.5,0.52,4.8,0.21,1.45,2.4,2.5,2,1.75,,0.04,,13.2,0.03,0.7,11,2012,15-Nov-12,,,QS,QS,,,8.33,
31140,QS,11/13/2012,940,0.42,4,,,15,22.1,6.6,44,6.56,36.3,0.47,3.84,0.18,1.17,1.87,,2,2.09,,0.09,,9.1,,1.3,11,2012,15-Nov-12,,,QS,QS,,,,
31156,QS,11/20/2012,925,0.25,3.68,,,8.7,22.7,6.67,51.4,6.31,70,0.5,4.48,0.28,1.46,2.58,2.5,2,1.52,,0.12,,11.49,0.05,1.1,11,2012,15-Nov-12,,,QS,QS,,,7.82,
31172,QS,11/27/2012,1000,0.28,3.74,,,9.9,22.7,6.7,50.1,5.94,41.1,0.48,4.29,0.28,1.42,2.47,2.5,2,1.59,,0.1,,20.36,0.06,0.6,11,2012,15-Nov-12,,,QS,QS,,,5.7,
31188,QS,12/4/2012,925,0.79,4.42,,,28,21.6,6.25,34.6,4.68,47.6,0.44,3.37,0.28,0.97,1.72,5.64,2,2.89,,0.12,,6.38,0.07,2.7,12,2012,15-Dec-12,,,QS,QS,,,3.99,
31204,QS,12/11/2012,714,0.21,3.85,,,7.5,21.7,6.51,52.1,7.38,68.2,0.48,4.68,0.3,1.49,2.65,42.68,2,1.15,,0.1,,11.98,0.01,1.1,12,2012,15-Dec-12,,,QS,QS,,,5.02,
31220,QS,12/18/2012,709,0.13,3.75,,,4.7,21.1,6.59,51.5,7.07,90.3,0.45,4.65,0.22,1.49,2.64,2.5,2,0.92,,0.11,,12.91,0.01,0.9,12,2012,15-Dec-12,,,QS,QS,,,3.55,
31236,QS,12/26/2012,1000,0.13,3.72,,,4.7,21.3,6.69,54.2,6.92,74.6,0.47,4.69,0.25,1.5,2.68,2.5,2,1.04,,0.09,,11.02,0.01,2.3,12,2012,15-Dec-12,,,QS,QS,,,2.77,
31252,QS,1/2/2013,1040,0.12,3.66,,,4.1,21.3,6.65,54.9,6.88,86.1,0.48,4.63,0.25,1.52,2.76,2.5,2,1.26,,0.12,,27.31,0.04,0.9,1,2013,15-Jan-13,,,QS,QS,,,4.45,
31268,QS,1/8/2013,945,0.13,3.7,,,4.6,21.4,6.67,55,7.55,2.5,0.49,4.75,0.28,1.49,2.7,8.05,2,1.8,,0.04,,10.95,0.03,1.3,1,2013,15-Jan-13,,,QS,QS,,,5.62,
31284,QS,1/15/2013,1030,0.13,3.7,,,4.7,21.3,6.83,54.5,7.39,2.5,0.45,4.7,0.26,1.51,2.74,17.03,2,1.31,,0.04,,9.68,0.02,1.3,1,2013,15-Jan-13,,,QS,QS,,,,
31300,QS,1/22/2013,1030,0.08,3.46,,,3,21,6.63,56.1,7.28,92.6,0.46,4.85,0.25,1.6,2.85,2.5,2,0.95,,0.11,,17.72,0.03,0.9,1,2013,15-Jan-13,,,QS,QS,,,,
31316,QS,1/29/2013,920,0.74,4.5,,,26,21,6.5,48,7,37.7,0.46,4.23,0.26,1.24,2.26,2.5,2,2.66,,0.11,,7.02,0.07,4.88,1,2013,15-Jan-13,,,QS,QS,,,4.26,
31332,QS,2/5/2013,945,0.1,3.56,,,3.7,19.9,6.53,53.4,7.14,2.5,0.45,4.7,0.26,1.55,2.74,2.5,4.44,1.16,,0.04,,11.25,0.03,1.1,2,2013,15-Feb-13,,,QS,QS,,,,
31348,QS,2/12/2013,930,0.25,3.68,,,8.9,20.3,6.61,53,7.27,2.5,0.5,4.6,0.22,1.47,2.64,5.95,2,1.43,,0.09,,10.03,0.08,1.2,2,2013,15-Feb-13,,,QS,QS,,,5.64,
31364,QS,2/19/2013,1015,0.06,3.44,,,2.2,21,6.65,60.1,6.23,2.5,0.36,5.09,0.4,1,2.74,2.5,2,1.25,,0.17,,10.34,0.17,2,2,2013,15-Feb-13,,,QS,QS,,,3.62,
31380,QS,2/26/2013,1025,0.03,3.3,,,0.95,21.3,6.6,61.1,7.92,35.1,0.6,5.38,0.25,1.76,2.69,2.5,2,1.25,,0.12,,13.73,0.09,1.2,2,2013,15-Feb-13,,,QS,QS,,,8.13,
31396,QS,3/5/2013,955,1.61,5.1,,4.94,57,21.1,6.1,47.1,8.72,50.6,0.72,4.89,0.34,1.31,1.77,18.93,2,3.85,,0.24,,4.83,0.17,14.67,3,2013,15-Mar-13,,,QS,QS,,,9.6,
31412,QS,3/12/2013,1030,0.03,3.32,,3.23,1.1,20.4,6.78,60.5,7.71,27.5,0.61,5.13,0.26,1.89,2.62,5.4,2,1.2,,0.08,,10.54,0.05,2.13,3,2013,15-Mar-13,,,QS,QS,,,5.02,
31428,QS,3/19/2013,1035,0.48,4.3,,4.25,17,20.7,6.35,52.6,7.64,62.6,0.58,4.3,0.19,1.41,2.16,2.5,2,2.69,,0.12,,5.8,0.05,4.95,3,2013,15-Mar-13,,,QS,QS,,,,
31444,QS,3/26/2013,935,0.02,3,,3.03,0.56,21.7,6.5,62,7.41,93.6,0.61,5.23,0.18,1.93,3.04,2.5,2,1.11,,0.16,,11.46,0.07,1.4,3,2013,15-Mar-13,,,QS,QS,,,,
31460,QS,4/2/2013,1040,0.22,4.09,,3.96,7.7,21.3,6.62,49.5,6.98,37.6,0.56,4.46,0.21,1.4,2.13,2.5,2,1.41,,0.1,,26.21,0.06,0.9,4,2013,15-Apr-13,,,QS,QS,,,3.01,
31476,QS,4/9/2013,1020,0.34,4.24,,4.16,12,22,6.44,48.3,9.29,48.8,0.81,6.31,0.23,1.45,2.76,6.24,2,2.21,,0.13,,7.5,0.08,1.6,4,2013,15-Apr-13,,,QS,QS,,,1.7,
31492,QS,4/16/2013,1015,0.11,3.72,,3.66,3.9,22.1,6.13,55.72,7.13,2.5,0.62,4.95,0.17,1.48,1.92,2.5,2,1.36,,0.04,,10.3,0.03,0.8,4,2013,15-Apr-13,,,QS,QS,,,5.04,
31508,QS,4/23/2013,1020,0.13,3.8,,3.74,4.7,21.2,6.8,55.02,7.37,21.6,0.58,4.75,0.21,1.78,2.41,2.5,4.67,1.14,,0.04,,12.4,0.01,1.26,4,2013,15-Apr-13,,,QS,QS,,,1.96,
31524,QS,4/30/2013,920,0.12,3.76,,3.71,4.4,21.8,6.6,53.9,7.16,2.5,0.52,5.04,0.27,1.92,3,2.5,2,1.42,,0.04,,13.98,0.03,0.1,4,2013,15-Apr-13,,,QS,QS,,,,
31540,QS,5/7/2013,940,0.12,3.7,,3.69,4.2,22.7,6.92,59.03,6.9,55.3,0.52,4.98,0.24,1.8,2.3,2.5,2,1.35,,0.04,,10.43,0.01,1.5,5,2013,15-May-13,,,QS,QS,,,,
31556,QS,5/14/2013,1045,0.2,3.94,,3.92,7.1,22.1,6.81,51.5,7.08,24.9,0.45,4.44,0.19,1.56,3.4,2.5,2,2.07,,0.04,,11.51,0.01,1.8,5,2013,15-May-13,,,QS,QS,,,,
31572,QS,5/21/2013,950,1.19,4.8,,4.77,42,22.3,6.52,43.94,6.55,24.3,0.44,3.69,0.17,1.19,2.41,2.5,2,3.48,,0.09,,7.4,0.07,4.62,5,2013,15-May-13,,,QS,QS,,,,
31588,QS,5/28/2013,1030,0.45,4.3,,4.27,16,22.7,6.66,44.97,6.44,25.5,0.39,3.53,0.13,1.15,2.31,2.5,2,2.08,,0.04,,6.81,0.01,1.7,5,2013,15-May-13,,,QS,QS,,,,
31604,QS,6/4/2013,955,1.53,4.96,,4.93,54,22.5,6.33,36.87,5.95,26.7,0.37,3.17,0.13,1.04,2.09,2.5,2,3.25,,0.09,,3.83,0.07,3.54,6,2013,15-Jun-13,,,QS,QS,,,,
31620,QS,6/11/2013,1010,0.28,3.94,,4.07,9.9,22.9,6.64,53.8,6.88,2.5,0.49,4.34,0.17,1.53,3.32,2.5,4.01,1.91,,0.07,,8.42,0.07,1.4,6,2013,15-Jun-13,,,QS,QS,,,3.49,
31636,QS,6/18/2013,750,0.19,3.88,,,6.62,23.1,6.78,52.9,7.09,8.1,0.49,4.53,0.18,1.56,3.12,10.17,2,1.15,,0.12,,9.53,0.11,1.3,6,2013,15-Jun-13,,,QS,QS,,,4.39,
31652,QS,6/25/2013,1000,,4.3,,,,22.9,6.72,46.1,6.59,10,0.47,3.96,0.18,1.23,2.47,2.5,2,1.62,,0.09,,6.58,0.08,1.3,6,2013,15-Jun-13,,,QS,QS,,,3.8,
31668,QS,7/2/2013,1020,,4.56,,,,22.7,6.77,47.1,6,2.5,0.43,3.64,0.15,1.18,1.95,2.5,2,2.08,,0.04,,6.97,0.03,1.8,7,2013,15-Jul-13,,,QS,QS,,,5.14,0.02
31684,QS,7/9/2013,1030,,4.7,,,,23.2,6.28,38.1,7.04,84.4,0.49,3.6,0.17,1.07,2.39,2.5,2,3.63,,0.14,,5.97,0.06,6.46,7,2013,15-Jul-13,,,QS,QS,,,1.36,0.01
31700,QS,7/16/2013,1020,,4.32,,,,23,6.51,40.6,4.97,2.5,0.58,3.11,0.03,0.86,1.79,2.5,2,2.7,1.54,0.04,,7.91,0.03,1.8,7,2013,15-Jul-13,,,QS,QS,,,,
31716,QS,7/23/2013,920,,4,,,,23.5,6.48,46.6,5.55,2.5,0.57,3.88,0.09,1.18,2.43,2.5,2,2.07,1.91,0.08,,10.04,0.08,0.3,7,2013,15-Jul-13,,,QS,QS,,,,
31732,QS,7/30/2013,910,,3.81,,,,23.5,6.61,48.8,5.75,2.5,0.53,4.19,0.12,1.38,2.85,2.5,2,2.39,2.2,0.15,,11.96,0.15,0.6,7,2013,15-Jul-13,,,QS,QS,,,,
31748,QS,8/6/2013,1005,,4.2,,,,23.4,6.6,46.6,5.51,2.5,0.55,3.61,0.11,1.16,2.34,2.5,2,3.01,1.59,0.13,,8.58,0.13,3.6,8,2013,15-Aug-13,,,QS,QS,,,,
31764,QS,8/13/2013,915,,3.81,,,,23.4,6.71,50.8,6.57,23.3,0.55,4.06,0.13,1.41,2.84,2.5,2,1.17,,0.13,,11.41,0.1,1,8,2013,15-Aug-13,,,QS,QS,,,,
31780,QS,8/20/2013,1035,,4.2,,,,23.7,6.52,43.8,6.17,6.2,0.5,3.63,0.08,1.02,2.32,8.65,2,2.58,,0.12,,8.41,0.1,3.2,8,2013,15-Aug-13,,,QS,QS,,,,
31796,QS,8/27/2013,700,,4.7,,,,23.4,6.06,40.9,5.93,2.5,0.54,3.25,0.11,0.94,2.12,2.5,2,3.7,,0.1,,6.23,0.1,3.7,8,2013,15-Aug-13,,,QS,QS,,,,
31812,QS,9/3/2013,950,,4.1,,,,23.7,6.67,47.5,6.47,7.6,0.54,,,,,2.5,2,3.19,,0.15,,9.94,0.14,1.7,9,2013,15-Sep-13,,,QS,QS,,,,
31828,QS,9/10/2013,1030,,3.88,,,,23.6,6.58,49.5,6.06,2.5,0.64,3.87,0.11,1.18,2.37,2.5,2,1.36,,0.09,,11.07,0.09,0.9,9,2013,15-Sep-13,,,QS,QS,,,0.38,
31844,QS,9/17/2013,1010,,3.7,,,,24.3,6.2,52.8,6.2,32.5,0.62,4.23,0.1,1.39,2.74,14.88,2,1.2,,0.1,,12.95,0.05,0.9,9,2013,15-Sep-13,,,QS,QS,,,0.92,
31860,QS,9/24/2013,1010,,3.98,,,,24.3,6.62,47,6.67,103.1,0.58,3.99,0.19,1.46,3.04,2.5,2,2.17,,0.13,,10.55,0.03,1,9,2013,15-Sep-13,,,QS,QS,,,0.68,0.01
31876,QS,10/1/2013,1050,,3.4,,,,24.5,6.79,57.3,7.93,114.4,0.67,4.8,0.18,1.83,3.72,2.5,2,1.08,,0.15,,14.21,0.04,0.3,10,2013,15-Oct-13,,,QS,QS,,,2.14,0.005
31892,QS,10/8/2013,1000,,3.5,,,,24.4,6.57,51.9,6.14,96.7,0.53,4.47,0.26,1.79,2.69,2.5,2,1.28,,0.13,,12.3,0.03,1.7,10,2013,15-Oct-13,,,QS,QS,,,1.56,0.005
31908,QS,10/15/2013,1100,,3.62,,,,24,6.46,47.8,6.11,99.6,0.49,4.36,0.33,1.36,2.3,5.52,2,1.68,,0.19,,12.32,0.08,0.8,10,2013,15-Oct-13,,,QS,QS,,,7.29,0.06
31924,QS,10/22/2013,930,,3.69,,,,23.5,6.39,52.5,6.42,111.8,0.49,4.42,0.23,1.45,2.43,2.5,2,1.36,,0.18,,10.55,0.06,2.5,10,2013,15-Oct-13,,,QS,QS,,,6.42,0.01
31940,QS,10/29/2013,1030,0.13,4.68,,28,4.67,23.1,6.34,42.7,6.3,20.2,0.48,3.73,0.24,1.07,1.83,30.07,2,4.05,,0.21,,5.86,0.16,6.14,10,2013,15-Oct-13,,,QS,QS,,,8.54,0.01
31956,QS,11/5/2013,703,0.1,3.7,,,3.63,22.7,6.5,42.3,5.96,75.5,0.45,4.15,0.23,1.37,2.2,6.26,2,1.68,,0.15,,9.32,0.07,0.7,11,2013,15-Nov-13,,,QS,QS,,,6.08,0.01
31972,QS,11/12/2013,750,0.25,4.09,,,8.74,23,6.38,47.1,6.02,68.3,0.5,4.11,0.24,1.32,2.43,13.6,2,2.4,,0.14,,11.63,0.06,2.8,11,2013,15-Nov-13,,,QS,QS,,,,0.005
31988,QS,11/19/2013,800,0.14,4.7,,,5.06,22.4,6.27,41.1,6.41,25,0.5,3.82,0.23,1.05,1.96,9.33,2,4.01,,0.14,,5.75,0.1,7.14,11,2013,15-Nov-13,,,QS,QS,,,3.45,0.005
32004,QS,11/26/2013,754,0.27,3.95,,,9.7,22.5,6.23,44,5.57,2.5,0.45,3.94,0.23,1.28,2.19,2.5,4.79,2,,0.1,,11.34,0.1,1.1,11,2013,15-Nov-13,,,QS,QS,,,0.77,0.005
32020,QS,12/3/2013,,,,,,,,,,,,,,,,,,,,,,,,,,12,2013,15-Dec-13,,,QS,QS,,,,
32036,QS,12/10/2013,900,0.43,4.2,,,15.32,21.9,6.4,50.1,7.76,30.1,0.41,3.86,0.21,1.32,2.16,2.5,2,1.43,,0.07,,9.29,0.04,1,12,2013,15-Dec-13,,,QS,QS,,,,0.01
32052,QS,12/17/2013,825,0.34,4.08,,,11.87,22.1,6.39,50.7,7.61,41.5,0.4,3.91,0.22,1.33,2.18,2.5,4.45,1.6,,0.09,,9.19,0.05,1.3,12,2013,15-Dec-13,,,QS,QS,,,,0.01
32068,QS,12/24/2013,1225,3.49,5.7,,,123.21,21.6,6.08,46.7,8.2,17.7,0.39,3.77,0.27,1.13,1.85,11.64,2,2.48,,0.11,,5.59,0.08,78.86,12,2013,15-Dec-13,,,QS,QS,,,,0.01
32084,QS,12/31/2013,1135,0.25,3.92,,,8.74,21.9,6.63,51.8,7.41,51.5,0.4,3.98,0.21,1.41,2.33,2.5,2,1.54,,0.11,,10.75,0.05,1.3,12,2013,15-Dec-13,,,QS,QS,,,,0.01
32100,QS,1/7/2014,1105,0.39,4.12,,,13.62,22,6.39,53.1,8.09,45.2,0.47,4.2,0.31,1.41,2.44,2.5,2,1.99,,0.09,,10.72,0.04,2.8,1,2014,15-Jan-14,,,QS,QS,,,1.09,0.01
32116,QS,1/14/2014,1035,0.2,3.82,,,6.92,21.1,6.92,54.5,8.08,73.7,0.45,4.35,0.31,1.49,2.58,2.5,2,1.42,,0.09,,11.82,0.02,5.5,1,2014,15-Jan-14,,,QS,QS,,,0.65,0.005
32132,QS,1/21/2014,1030,0.11,3.6,,,3.91,21.3,6.6,57.1,7.75,110,0.5,4.73,0.26,1.71,2.88,2.5,2,0.92,,0.15,,10.88,0.04,1.15,1,2014,15-Jan-14,,,QS,QS,,,1.25,0.03
32148,QS,1/28/2014,1100,0.22,3.92,,,7.86,21.4,6.7,56,8.12,83.1,0.52,4.53,0.27,1.59,2.62,2.5,2,1.36,,0.13,,9.73,0.04,1.9,1,2014,15-Jan-14,,,QS,QS,,,1.61,0.03
32164,QS,2/4/2014,935,0.2,3.89,,,7.07,21.3,6.56,54.5,8.98,60.4,0.72,4.82,0.53,1.62,2.76,34.82,2,1.82,,0.15,,8.01,0.06,1.3,2,2014,15-Feb-14,,,QS,QS,,,18.93,0.02
32180,QS,2/11/2014,1045,0.12,3.64,,,4.4,21.3,6.37,62.3,7.99,88,0.5,4.93,0.28,1.84,3.08,2.5,2,1.39,,0.16,,10.16,0.07,1.5,2,2014,15-Feb-14,,,QS,QS,,,3.63,0.01
32196,QS,2/18/2014,1045,0.15,3.74,,,5.3,21.5,6.46,55.9,8.08,95.3,0.53,4.82,0.28,1.73,2.87,2.5,2,1.23,,0.15,,,0.05,3.7,2,2014,15-Feb-14,,,QS,QS,,,5.31,0.02
32212,QS,2/25/2014,721,0.19,4.45,,,6.62,21.1,6.45,51.7,8.49,116.5,0.64,7.35,0.7,3.28,4.69,2.5,2,1.46,,0.08,,,0.01,1,2,2014,15-Feb-14,,,QS,QS,,,9.24,0.04
32228,QS,3/4/2014,1100,0.11,3.6,,,3.81,21.1,7.04,53.1,8.81,120.4,0.47,6.57,0.33,3.45,4.78,8.01,2,1.05,,0.19,,17.87,0.06,3.1,3,2014,15-Mar-14,,,QS,QS,,,,0.02
32244,QS,3/11/2014,1125,0.23,3.97,,,8.2,21.4,6.63,49.87,13.7,79.4,0.83,8.68,0.52,1.69,4,2.5,2,2.3,,0.18,,10.7,0.09,3.6,3,2014,15-Mar-14,,,QS,QS,,,,0.06
32260,QS,3/18/2014,850,0.06,3.4,,,2.06,21.5,6.72,57.41,7.55,2.5,0.54,5.1,0.26,1.81,3.03,2.5,2,1.89,,0.1,,12.41,0.1,1.5,3,2014,15-Mar-14,,,QS,QS,,,,0.01
32276,QS,3/25/2014,1045,0.03,3,,,1.11,21.9,6.61,59.26,7.72,2.5,0.54,5.26,0.27,1.56,3.2,2.5,2,2.01,2.22,0.09,,11.67,0.08,3.9,3,2014,15-Mar-14,,,QS,QS,,,,0.02
32292,QS,4/1/2014,9.35,,2.9,,,,21.8,6.86,59.8,7.54,2.5,0.9,8.02,0.92,3.58,6.73,2.5,2,1.44,2.05,0.15,,16.2,0.14,5.1,4,2014,15-Apr-14,,,QS,QS,,,,0.09
32308,QS,4/8/2014,955,0.05,3.44,,,1.69,21.9,6.74,55.85,7.96,103.1,0.57,5.02,0.27,1.36,2.83,2.5,2,1.23,1.73,0.16,,10.38,0.06,2.7,4,2014,15-Apr-14,,,QS,QS,,,,0.02
32324,QS,4/15/2014,1040,0.03,3.3,,,0.89,22.2,6.63,61.47,7.82,84.8,0.55,5.44,0.29,1.6,3.22,2.5,2,1.12,,0.14,,,0.05,1.4,4,2014,15-Apr-14,,,QS,QS,,,,0.02
32340,QS,4/22/2014,935,0.11,3.64,,,3.81,22.3,6.9,53.81,7.61,62.2,0.52,4.77,0.26,1.24,2.53,2.5,2,1.5,,0.12,,10.11,0.06,4.1,4,2014,15-Apr-14,,,QS,QS,,,,0.01
32356,QS,4/29/2014,1010,0.03,3.3,,,1.11,22.9,6.9,58.43,7.31,2.5,0.52,5.11,0.27,1.51,2.97,2.5,2,1.64,,0.09,,,0.09,3.7,4,2014,15-Apr-14,,,QS,QS,,,,0.03
32372,QS,5/6/2014,955,0.04,3.34,,,1.51,23.1,6.61,58.11,7.52,87.2,0.56,5.16,0.28,1.5,3.04,2.5,2,1.18,,0.13,,14.08,0.04,1,5,2014,15-May-14,,,QS,QS,,,,0.03
32388,QS,5/13/2014,1040,0.71,4.2,,,25.15,22,6.35,41.22,6.22,32.9,0.49,3.75,0.23,1.05,1.92,2.5,2,1.53,,0.11,,9.81,0.08,4.3,5,2014,15-May-14,,,QS,QS,,,,0.01
32404,QS,5/20/2014,955,1.12,4.5,,,39.43,22.4,6,34.16,4.86,6.9,0.46,3.21,0.23,0.9,1.51,5.5,2,3.08,,0.13,,4.73,0.11,3.47,5,2014,15-May-14,,,QS,QS,,,4.71,0.01
32420,QS,5/27/2014,955,0.2,3.52,,,7.07,22.9,6.55,56.79,7.68,73.4,0.55,4.9,0.31,1.66,2.77,2.5,2,1.35,,0.14,,11.13,0.07,0.7,5,2014,15-May-14,,,QS,QS,,,6.65,0.02
32436,QS,6/3/2014,1115,0.14,3.4,,,4.95,23.8,6.46,55.79,5.56,61.5,0.45,3.98,0.21,1.76,2.65,7.91,7.11,1.27,,0.14,,14.94,0.07,1.9,6,2014,15-Jun-14,,,QS,QS,,,,0.01
32452,QS,6/10/2014,713,0.12,3.35,,,4.3,23.4,6.48,56.11,7.23,119.5,0.91,7.54,1.01,3.24,7.45,6.47,2,1.12,,0.13,,13.5,0.01,0.4,6,2014,15-Jun-14,,,QS,QS,,,28.85,0.05
32468,QS,6/17/2014,700,0.04,2.8,,,1.51,23.9,6.34,62.79,8,104.1,0.57,5.41,0.29,1.73,3.35,2.5,2,1.03,,0.14,,15.67,0.03,2.6,6,2014,15-Jun-14,,,QS,QS,,,,0.005
32484,QS,6/24/2014,915,,3.6,,,,24.3,6.13,63.31,7.56,104.7,0.55,5.37,0.28,1.7,3.42,5.2,2,1.5,,0.17,,12.94,0.06,1.7,6,2014,15-Jun-14,,,QS,QS,,,,0.02
32500,QS,7/1/2014,1015,0.04,2.5,,,1.3,24.3,6.54,61.49,9.43,57.7,0.47,5.34,0.29,1.58,3.3,2.5,2,1.56,,0.07,,15.44,0.01,2.1,7,2014,15-Jul-14,,,QS,QS,,,,0.03
32516,QS,7/8/2014,850,0.1,3.2,,,3.54,22,6.75,58.14,8.69,40.5,0.62,5.58,0.35,1.45,3.43,2.5,4.59,1.6,,0.11,,8.97,0.07,1.1,7,2014,15-Jul-14,,,QS,QS,,,,0.02
32532,QS,7/15/2014,810,0.12,3.2,,,4.1,22.5,6.88,58.76,7.64,80,0.58,5.19,0.34,1.43,3.27,2.5,2,1.4,,0.14,,9.2,0.05,0.8,7,2014,15-Jul-14,,,QS,QS,,,,0.01
32548,QS,7/22/2014,1030,0.13,3.3,,,4.61,22.5,6.8,54.87,7.22,56.7,0.55,4.76,0.32,1.23,3.05,10.5,2,1.34,,0.14,,12.64,0.07,1.1,7,2014,15-Jul-14,,,QS,QS,,,,0.01
32564,QS,7/29/2014,940,0.06,3,,,2.12,23,6.66,62.19,7.63,136,0.58,5.02,0.33,1.51,3.05,2.5,2,1.09,,0.21,,12.45,0.07,3.4,7,2014,15-Jul-14,,,QS,QS,,,,0.01
32580,QS,8/5/2014,1005,0.64,4.44,,,22.51,22.5,6.48,46.67,7.91,2.5,0.55,4.15,0.26,1.19,2.21,2.5,2,2.67,,0.13,,8.11,0.12,1.9,8,2014,15-Aug-14,,,QS,QS,,,,0.01
32596,QS,8/12/2014,1046,0.39,4.04,,,13.62,23,6.97,48.96,7.4,24.3,0.54,4.32,0.28,1.04,2.47,2.5,2,2.05,,0.1,,10.36,0.08,0.8,8,2014,15-Aug-14,,,QS,QS,,,,0.02
32612,QS,8/19/2014,900,0.23,3.7,,,8.2,24.3,6.12,50.97,7.69,56.2,0.54,4.59,0.58,1.22,2.66,2.5,2,1.83,,0.1,,11.09,0.04,0.7,8,2014,15-Aug-14,,,QS,QS,,,,0.03
32628,QS,8/26/2014,916,0.44,4,,,15.65,23.5,6.47,42.39,6.75,2.5,0.48,4.09,0.27,1.04,2.06,2.5,2,1.45,,0.04,,9.05,0.03,0.6,8,2014,15-Aug-14,,,QS,QS,,,,0.01
32644,QS,9/2/2014,719,0.34,3.79,,,11.87,24.3,6.63,51.58,7.42,2.5,0.56,4.71,0.38,1.23,2.68,2.5,2,1.56,,0.04,,7.44,0.03,0.8,9,2014,15-Sep-14,,,QS,QS,,,,0.01
32660,QS,9/9/2014,721,0.57,3.8,,,20.1,22,6.82,44.1,5.89,52.7,0.49,4.18,0.25,1.09,2.28,156.17,2,1.78,,0.16,,9.9,0.01,1.1,9,2014,15-Sep-14,,,QS,QS,,,,0.02
32676,QS,9/16/2014,,,,,,,,,,,,,,,,,,,,,,,,,,9,2014,15-Sep-14,,,QS,QS,,,,
32692,QS,9/23/2014,1015,1.16,4.12,,,41.13,22.5,6.63,40.9,5.29,30.6,0.46,3.81,0.2,1.19,2.07,2.5,7.47,2.09,,0.12,,5.09,0.09,1.1,9,2014,15-Sep-14,,,QS,QS,,,,0.01
32708,QS,9/30/2014,736,0.13,3.75,,,4.51,21.5,6.62,53,7,88.6,0.52,4.86,0.23,1.27,2.83,2.5,2,0.96,,0.14,,13.14,0.05,1.5,9,2014,15-Sep-14,,,QS,QS,,,,0.01
32724,QS,10/7/2014,1015,0.05,3.32,,,1.64,23,6.86,58.7,7.22,96,0.54,5.18,0.28,1.56,3.19,2.5,4.11,0.93,,0.15,,14.95,0.05,0.5,10,2014,15-Oct-14,,,QS,QS,,,,0.02
32740,QS,10/14/2014,1010,0.09,3.96,,,3.21,22,6.56,52.2,7.12,16.5,0.62,4.78,0.25,1.44,2.82,2.5,2,2.06,,0.09,,13.56,0.08,3.6,10,2014,15-Oct-14,,,QS,QS,,,,0.03
32756,QS,10/21/2014,1020,0.02,3,,,0.6,22,6.75,60.7,7.08,117.9,0.53,5.24,0.23,1.43,3.32,2.5,7.78,0.75,3.9,0.15,,13.37,0.03,0.5,10,2014,15-Oct-14,,,QS,QS,,,,0.02
32772,QS,10/28/2014,1005,0.01,2.9,,,0.47,22.5,6.64,59.2,6.86,117.6,0.55,5.23,0.23,1.45,3.29,2.5,8.92,0.95,3.85,0.16,,13.03,0.04,1,10,2014,15-Oct-14,,,QS,QS,,,,0.03
32788,QS,11/4/2014,1000,0.55,4.56,,,19.44,22,6.5,37,5.11,2.5,0.48,3.52,0.19,0.6,1.81,2.5,7.16,3.13,1.72,0.1,,,0.1,2.4,11,2014,15-Nov-14,,,QS,QS,,,,0.01
32804,QS,11/11/2014,924,0.15,4.65,,,5.42,21.2,7,69.6,9.92,40,0.71,7.48,0.26,2.95,6.13,2.5,12.04,0.79,6.83,0.08,,19.98,0.04,3.4,11,2014,15-Nov-14,,,QS,QS,,,,0.03
32820,QS,11/18/2014,1000,0.18,3.84,,,6.2,22,6.77,49.5,6.2,46.3,0.51,4.45,0.22,0.97,2.6,2.5,6.94,1.77,1.75,0.15,,10.71,0.1,1,11,2014,15-Nov-14,,,QS,QS,,,,0.04
32836,QS,11/25/2014,745,0.3,4.67,,,10.52,21,6.74,45.6,5.48,2.5,0.29,3.1,0.1,0.36,0.36,2.5,6.95,1.86,,0.08,,10.87,0.08,0.7,11,2014,15-Nov-14,,,QS,QS,,,,0.01
32852,QS,12/2/2014,1010,0.34,4.22,,,12.11,21,6.64,52.6,,,,,,,,2.5,4.1,2.23,,0.15,,,,2.8,12,2014,15-Dec-14,,,QS,QS,,,,
32868,QS,12/9/2014,1005,0.08,3.61,,,2.97,19.5,6.56,52.1,7.39,81.7,0.52,4.76,0.24,1.21,2.94,7.25,,0.91,2.31,0.14,,14.08,0.05,0.6,12,2014,15-Dec-14,,,QS,QS,,,2.22,0.01
32884,QS,12/16/2014,815,0.2,5.4,,,7.07,20,6.31,29.6,4.19,2.5,0.44,2.98,0.22,0.45,1.37,5.58,2,4.48,0.61,0.11,,4.49,0.11,21.75,12,2014,15-Dec-14,,,QS,QS,,,3.05,0.01
32900,QS,12/23/2014,900,0.1,3.6,,,3.46,20,6.61,54.7,7.13,76.3,0.53,4.93,0.29,1.41,2.84,2.5,2,0.79,,0.12,,15.93,0.05,1.5,12,2014,15-Dec-14,,,QS,QS,,,,0.01
32916,QS,12/30/2014,830,0.05,3.88,,,1.74,20,6.76,57.4,7.09,92.1,0.52,4.86,0.23,1.62,3.09,2.5,2,0.78,3.2,0.13,,15.62,0.04,1.8,12,2014,15-Dec-14,,,QS,QS,,,,0.01
