Code,Sample_ID,Sample_Date,Sample_Time,Qm3,PR Gage Ht,PR Discharge,USGS_STAGE,CFS,Temp,pH,Cond,Cl_mg_L,NO3-N_ug_L,SO4-S_mg_L,Na_mg_L,K_mg_L,Mg_mg_L,Ca_mg_L,NH4-N_ug_L,PO4-P_ug_P_L,DOC_mg_L,DIC_mg_L,TDN_mg_L,TDP_ug_P_L,SiO2_mg_L,DON_mg_L,TSS_mg_L,Month,Year,MonYr,UNH,Sample_Type,Site,FinalID,PC,PN,PO4_Lachat,Fluoride_mg_L
27851,MPR,1/5/2009,904,,2.16,,,,20.9,7.54,59.9,7.95,100.04,1.25,6.9,0.61,2.36,9.26,12.46,9.89,0.74,,0.17,,24.19,0.06,0.34,1,2009,15-Jan-09,,Stream,Mameyes,MPR,,,,
27867,MPR,1/13/2009,1031,,2.15,,,,20.83,7.49,97.5,8.19,85.99,1.21,6.69,0.61,2.27,10.23,8.61,5.93,0.82,,0.13,,22.61,0.04,3.1,1,2009,15-Jan-09,,Stream,Mameyes,MPR,,,,
27883,MPR,1/20/2009,1003,,2.09,,,,20.8,6.93,96.9,7.11,77.38,1.26,6.68,0.59,2.27,9.52,22.77,6.64,0.55,,0.16,,21.92,0.06,1.33,1,2009,15-Jan-09,,Stream,Mameyes,MPR,,,,
27899,MPR,1/27/2009,1006,,2.06,,,,21.08,7.52,98.4,7.73,62.69,1.21,6.82,0.58,2.34,7.82,<5,7.56,0.62,,0.11,,25.42,0.04,0.51,1,2009,15-Jan-09,,Stream,Mameyes,MPR,,,,
27915,MPR,2/3/2009,1043,,2.06,,,,20.83,7.6,90,7.89,66.09,1.23,7,0.58,2.44,9.99,<5,9.83,8.35,,0.13,,32.68,0.06,33,2,2009,15-Feb-09,,Stream,Mameyes,MPR,,,,
27931,MPR,2/10/2009,954,,2.34,,,,20.67,7.52,82.6,7.67,33.18,1.11,5.93,0.63,2.12,9.69,<5,6.43,1.32,,0.14,,18.25,0.1,4.8,2,2009,15-Feb-09,,Stream,Mameyes,MPR,,,,
27947,MPR,2/17/2009,1003,,1.93,,,,19.41,7.64,101.8,7.75,34.18,1.27,6.89,0.63,2.32,11.84,12.64,8.69,0.76,,0.12,,23.82,0.07,1.1,2,2009,15-Feb-09,,Stream,Mameyes,MPR,,,,
27963,MPR,2/24/2009,850,,1.89,,,,20.53,7.58,124,8.03,2.5,1.16,7.11,0.68,2.46,12.05,<5,6.01,0.78,,0.12,,24.04,0.12,17.2,2,2009,15-Feb-09,,Stream,Mameyes,MPR,,,,
27979,MPR,3/3/2009,1045,,1.89,,,,21.73,7.73,109.2,8.33,32.24,1.33,7.28,0.66,2.4,11.93,<5,2,0.74,,0.07,,24,0.04,0.52,3,2009,15-Mar-09,,Stream,Mameyes,MPR,,,,
27995,MPR,3/10/2009,903,,1.92,,,,19,7.52,99.2,8.42,68.73,1.38,6.75,0.61,2.17,10.99,27.38,4.89,0.58,,0.1,,22.77,0.01,0.91,3,2009,15-Mar-09,,Stream,Mameyes,MPR,,,,
28011,MPR,3/17/2009,950,,2.5,,2.49,85,19,7.39,74.5,10.18,52.29,0.91,5.88,0.55,1.46,7.46,<5,5.46,1.81,,0.13,,12.44,0.08,4.67,3,2009,15-Mar-09,,Stream,Mameyes,MPR,,,,
28027,MPR,3/24/2009,840,1.78396,2.36,,2.35,63,19.27,7.21,71.6,9.54,57.53,0.98,5.62,0.58,1.39,7.63,<5,2,2.39,,0.14,,11.36,0.08,4.6,3,2009,15-Mar-09,,Stream,Mameyes,MPR,,,,
28043,MPR,3/31/2009,1056,0.93445,2.03,,2.04,33,20.77,7.42,99.1,7.83,48.51,1.25,6.84,0.69,2.09,11.23,<5,2,0.91,,0.08,,21.87,0.03,0.67,3,2009,15-Mar-09,,Stream,Mameyes,MPR,,,,
28059,MPR,4/7/2009,1014,0.56634,1.84,,1.83,20,20.73,7.52,101.4,8.12,5.77,1.28,6.86,0.69,2.11,11.23,<5,2,0.88,,0.11,,21.39,0.11,0.5,4,2009,15-Apr-09,,Stream,Mameyes,MPR,,,,
28075,MPR,4/14/2009,1018,0.45307,1.76,,1.76,16,21.77,7.51,108.7,8,2.5,1.33,7.28,0.72,2.4,12.6,<5,8.36,0.81,,0.13,,25.59,0.13,0.6,4,2009,15-Apr-09,,Stream,Mameyes,MPR,,,,
28091,MPR,4/21/2009,928,2.94495,1.77,,2.59,104,21.59,7.47,102.1,8.3,54.15,1.39,6.78,0.77,2.25,8.08,<5,7.08,1.1,,0.11,,22.27,0.06,0.6,4,2009,15-Apr-09,,Stream,Mameyes,MPR,,,,
28107,MPR,4/28/2009,1055,0.73624,1.94,,1.94,26,21.88,7.43,91.8,8.06,32.16,1.2,6.5,0.75,1.98,6.52,5.41,4.65,1.32,,0.11,,19.22,0.07,0.8,4,2009,15-Apr-09,,Stream,Mameyes,MPR,,,,
28123,MPR,5/5/2009,1000,1.24594,2.15,,2.17,44,21.41,7.46,79.8,7.43,27.94,1.15,5.85,0.69,1.88,6.62,<5,4.65,1.7,,0.11,,17.11,0.08,2.4,5,2009,15-May-09,,Stream,Mameyes,MPR,,,,
28139,MPR,5/12/2009,1006,1.44416,2.22,,2.24,51,21.3,7.43,80.6,9.02,35.57,1.14,5.94,0.6,1.69,6.92,<5,6.52,0.97,,0.09,,15.32,0.05,1.8,5,2009,15-May-09,,Stream,Mameyes,MPR,,,,
28155,MPR,5/19/2009,923,1.231783333,2.46,,2.45,79,21.32,7.28,73.9,7.86,61.76,1.04,5.66,0.59,1.57,7.78,<5,2,1.56,,0.19,,13.23,0.13,2.64,5,2009,15-May-09,,Stream,Mameyes,MPR,,,,
28171,MPR,5/26/2009,832,1.47247,2.21,,2.25,52,22.36,7.31,88.1,9.5,79.76,1.27,7.36,0.76,1.99,9.46,13.71,20.93,1.28,,0.16,,18.96,0.07,1.07,5,2009,15-May-09,,Stream,Mameyes,MPR,,,,
28187,MPR,6/2/2009,945,4.53069,2.9,,2.84,160,22.11,7.28,76.6,7.47,54.22,1.03,5.8,0.74,1.73,7.6,<5,2,1.92,,0.12,,17.44,0.06,9.11,6,2009,15-Jun-09,,Stream,Mameyes,MPR,,,,
28203,MPR,6/9/2009,1016,,2.36,,,,22.39,7.32,68.3,6.82,39.23,0.93,5.34,0.61,1.61,5.93,<5,2,1.84,,0.11,,12.46,0.08,4.31,6,2009,15-Jun-09,,Stream,Mameyes,MPR,,,,
28219,MPR,6/16/2009,851,1.50079,2.26,,2.25,53,22.48,7.38,87.3,8,66.6,1.11,6.84,0.68,2.15,8.19,<5,5.91,0.66,,0.12,,20.62,0.05,2.06,6,2009,15-Jun-09,,Stream,Mameyes,MPR,,,,
28235,MPR,6/23/2009,1014,0.96277,1.98,,2.04,34,22.96,7.47,96.2,8.07,51.27,1.14,7.09,0.7,2.26,5.39,<5,5.81,0.82,,0.1,,20.15,0.05,0,6,2009,15-Jun-09,,Stream,Mameyes,MPR,,,,
28251,MPR,6/30/2009,932,0.93445,1.97,,2.03,33,23.16,7.41,100.4,7.76,53.52,1.24,7.41,0.63,2.86,8.15,<5,4.11,0.74,,0.1,,22.52,0.05,7.4,6,2009,15-Jun-09,,Stream,Mameyes,MPR,,,,
28267,MPR,7/7/2009,1015,,2.84,,,,22.57,7.28,49,6.63,28.14,0.97,5.16,0.61,1.45,5.45,10.04,2,2.31,,0.55,,11.78,0.51,11,7,2009,15-Jul-09,,Stream,Mameyes,MPR,,,,
28283,MPR,7/14/2009,1008,,2.04,,,,23.57,7.37,100.5,7.75,47.31,1.22,6.86,0.77,2.22,8.46,21.29,2,1.35,,0.18,,20.26,0.11,2.32,7,2009,15-Jul-09,,Stream,Mameyes,MPR,,,,
28299,MPR,7/21/2009,952,,2.12,,,,23.68,7.42,93.8,8.25,80.92,1.19,6.49,0.77,2.02,7.93,<5,5.3,1.44,,0.11,,18.9,0.02,2.3,7,2009,15-Jul-09,,Stream,Mameyes,MPR,,,,
28315,MPR,7/28/2009,919,,2.17,,,,24.01,7.49,104.4,8.42,99.88,1.22,6.89,0.82,2.33,8.37,6.46,7.84,1.23,,0.13,,19.35,0.02,0.8,7,2009,15-Jul-09,,Stream,Mameyes,MPR,,,,
28331,MPR,8/4/2009,1022,,2.19,,,,23.49,7.53,98.6,8.03,53.18,1.13,6.3,0.76,2.09,8.45,9.63,7.44,1.87,,0.23,,16.37,0.17,1.5,8,2009,15-Aug-09,,Stream,Mameyes,MPR,,,,
28347,MPR,8/11/2009,923,0.8495,1.97,,1.97,30,23.5,7.41,95.1,8.5,67.27,1.19,7.48,0.77,2.32,8.82,7.15,6.47,1.11,,0.35,,21.34,0.27,0.4,8,2009,15-Aug-09,,Stream,Mameyes,MPR,,,,
28363,MPR,8/18/2009,1037,1.18931,2.15,,2.12,42,23.85,7.38,81.9,6.94,64.87,1.14,5.73,0.69,1.63,8.44,10.06,8.53,1.76,,0.14,,16.41,0.06,1.6,8,2009,15-Aug-09,,Stream,Mameyes,MPR,,,,
28379,MPR,8/25/2009,1010,1.95386,2.38,,2.36,69,23.12,7.36,64.2,6.45,46.09,0.92,4.92,0.59,1.26,6.21,7.81,5.67,3.3,,0.16,,11.71,0.11,5.73,8,2009,15-Aug-09,,Stream,Mameyes,MPR,,,,
28395,MPR,9/1/2009,1047,,2.17,,,,24.27,7.34,86.6,7.14,49.45,1.24,6.58,0.73,1.99,9.92,<5,8.32,1.14,,0.11,,20.82,0.06,0.13,9,2009,15-Sep-09,,Stream,Mameyes,MPR,,,,
28411,MPR,9/8/2009,953,,2.31,,,,23.26,7.4,86.7,7.73,2.5,1.2,6.24,0.67,1.75,8.86,<5,4.28,1.2,,0.04,,19.16,0.03,0.92,9,2009,15-Sep-09,,Stream,Mameyes,MPR,,,,
28427,MPR,9/15/2009,1002,,2.74,,,,22.9,7.06,73.7,6.19,59.33,0.99,5.48,0.72,1.67,7.39,<5,4.08,2.4,,0.15,,14.94,0.09,14.15,9,2009,15-Sep-09,,Stream,Mameyes,MPR,,,,
28443,MPR,9/22/2009,928,2.51553,2.61,,2.61,88.84,22.82,7.17,69.5,6.14,61.39,0.99,4.97,0.58,1.33,7.06,7.8,4.06,1.81,,0.13,,12.95,0.06,3.7,9,2009,15-Sep-09,,Stream,Mameyes,MPR,,,,
28461,MPR,9/29/2009,1033,,2.17,,,,23.99,7.34,99.2,7.58,68.24,1.25,6.96,0.72,2.11,10.49,6.17,7.3,0.7,,0.1,,22.59,0.03,1.4,9,2009,15-Sep-09,,Stream,Mameyes,MPR,,,,
28477,MPR,10/6/2009,943,0.99109,1.93,,2.04,35,23.65,7.28,92.9,7.1,79.3,1.05,6.34,0.67,2.03,8.03,5.58,7.17,1.34,,0.15,,24.66,0.07,0.7,10,2009,15-Oct-09,,Stream,Mameyes,MPR,,,,
28493,MPR,10/13/2009,1000,1.78396,2.4,,2.38,63,23.16,6.88,66.7,6.42,64.6,1.01,5.46,0.62,1.63,7.57,<5,7.66,1.62,,0.17,,17.13,0.1,2.53,10,2009,15-Oct-09,,Stream,Mameyes,MPR,,,,
28509,MPR,10/20/2009,944,1.35921,2.24,,2.21,48,23.11,6.98,102.3,7.38,95.2,1.16,6.78,0.68,2.19,9.75,<5,9.47,0.77,,0.15,,23.24,0.06,0.7,10,2009,15-Oct-09,,Stream,Mameyes,MPR,,,,
28525,MPR,10/27/2009,948,0.96277,2.06,,2.03,34,23.18,6.94,111.1,7.5,79.6,1.13,7.23,0.71,2.38,7.91,<5,6.29,0.93,,0.15,,25.61,0.07,1.3,10,2009,15-Oct-09,,Stream,Mameyes,MPR,,,,
28541,MPR,11/3/2009,1018,1.07604,2.1,,2.08,38,22.34,6.84,92.9,7.05,45.4,1.04,6.24,0.66,2.06,7.94,<5,2,1.47,,0.13,,20.41,0.08,1.2,11,2009,15-Nov-09,,Stream,Mameyes,MPR,,,,
28557,MPR,11/10/2009,956,22.28532,5.4,,4.46,787,21.68,6.56,41,5.16,45.8,0.65,3.7,0.56,0.93,3.46,31,,2.9,,0.17,,7.35,0.09,75.5,11,2009,15-Nov-09,,Stream,Mameyes,MPR,,,,
28573,MPR,11/17/2009,1040,1.35921,2.22,,2.21,48,21.91,6.93,88.1,6.79,61.4,1.12,5.89,0.74,1.94,8.08,7.38,2,1.35,,0.15,,18.45,0.08,1.8,11,2009,15-Nov-09,,Stream,Mameyes,MPR,,,,
28589,MPR,11/24/2009,1122,1.72732,2.4,,2.36,61,22.67,6.95,92,6.5,32.5,1.05,5.82,0.68,1.9,8.82,<5,4.58,1.26,,0.12,,19.84,0.09,5.2,11,2009,15-Nov-09,,Stream,Mameyes,MPR,,,,
28605,MPR,12/1/2009,1020,0.6796,2.1,,1.97,24,21.88,7.03,112.1,7.58,74.2,1.25,7.02,0.79,2.45,9.13,<5,8.43,0.45,,0.12,,24.83,0.05,1.2,12,2009,15-Dec-09,,Stream,Mameyes,MPR,,,,
28621,MPR,12/8/2009,940,0.96277,3.29,,2.15,34,22.2,7.08,97.1,7.22,64.3,1.16,6.46,0.71,2.07,8.27,<5,5.97,1.23,,0.14,,22.26,0.07,2.67,12,2009,15-Dec-09,,Stream,Mameyes,MPR,,,,
28637,MPR,12/15/2009,947,0.62297,2.13,,2,22,21.99,7.05,109.8,7.61,91.3,1.26,7.09,0.72,2.34,10.55,19.09,8.45,0.68,,0.19,,24.57,0.08,1.1,12,2009,15-Dec-09,,Stream,Mameyes,MPR,,,,
28653,MPR,12/22/2009,1015,0.42475,2.01,,1.89,15,,6.86,106.9,7.65,64.3,1.2,6.72,0.92,2.2,9.08,12.08,9.29,0.86,,0.15,,23.55,0.07,1.4,12,2009,15-Dec-09,,Stream,Mameyes,MPR,,,,
28669,MPR,12/29/2009,1014,0.42475,1.95,,1.89,15,21.8,6.78,104.7,7.45,98.7,1.28,6.84,0.68,2.18,9.75,6.99,5.77,0.76,,0.14,,23.64,0.04,0.44,12,2009,15-Dec-09,,Stream,Mameyes,MPR,,,,
28685,MPR,1/5/2010,1000,0.6796,2.05,,2.06,24,21.2,7.05,102,7.8,98.9,1.24,6.84,0.67,2.08,9.61,17.65,,0.73,,0.18,,23.49,0.06,0.5,1,2010,15-Jan-10,,Stream,Mameyes,MPR,,,,
28701,MPR,1/12/2010,934,0.73624,2.11,,2.09,26,20.22,6.94,107.4,7.5,67.7,1.13,6.36,0.45,1.75,6.61,9.53,4.75,0.85,,0.14,,23.25,0.06,0.2,1,2010,15-Jan-10,,Stream,Mameyes,MPR,,,,
28717,MPR,1/19/2010,1026,2.43524,2.55,,2.52,86,21.22,6.95,86.8,7.16,63.6,1,5.65,0.46,1.49,5.88,10.8,6.36,0.85,,0.14,,18.36,0.06,1.67,1,2010,15-Jan-10,,Stream,Mameyes,MPR,,,,
28733,MPR,1/26/2010,930,1.58574,2.33,,2.32,56,20.69,6.93,85.9,13.26,152.1,1.22,10.94,0.71,1.67,8.34,17.91,7.84,1.35,,0.3,,18.07,0.13,2.5,1,2010,15-Jan-10,,Stream,Mameyes,MPR,,,,
28749,MPR,2/2/2010,1030,1.38752,2.24,,2.25,49,20.64,6.92,88.3,7.63,51.5,1.03,6.45,0.61,1.89,8.18,<5,5.44,1.06,,0.1,,20.69,0.05,1.9,2,2010,15-Feb-10,,Stream,Mameyes,MPR,,,,
28765,MPR,2/9/2010,925,0.62297,1.92,,1.91,22,20.33,6.83,102.9,7.61,75.1,1.16,7.36,0.66,2.34,8.55,6.16,5.62,0.98,,0.09,,25.95,0.01,0.35,2,2010,15-Feb-10,,Stream,Mameyes,MPR,,,,
28781,MPR,2/16/2010,1010,0.53802,1.95,,1.84,19,21.72,6.87,105.8,7.56,68.8,1.23,7.41,0.7,2.4,10.48,<5,4.24,0.78,,0.1,,28.11,0.03,0.9,2,2010,15-Feb-10,,Stream,Mameyes,MPR,,,,
28797,MPR,2/23/2010,952,1.21762,2.17,,2.19,43,20.98,6.75,87.1,7.54,31.1,1.09,6.12,0.64,1.84,8.67,21.19,6.23,0.5,,0.1,,18.15,0.05,1.89,2,2010,15-Feb-10,,Stream,Mameyes,MPR,,,,
28813,MPR,3/2/2010,942,1.04772,2.08,,2.12,37,21.32,6.86,88.5,7.32,56.9,1.14,6.51,0.63,2.05,8.86,14.31,6.05,0.32,,0.04,,22.05,0.01,1.23,3,2010,15-Mar-10,,Stream,Mameyes,MPR,,,,
28829,MPR,3/9/2010,942,1.52911,2.27,,2.3,54,19.8,6.71,85.7,8.57,67.9,1.07,5.92,0.5,1.77,9.31,12.98,8.69,0.36,,0.09,,,0.01,1.7,3,2010,15-Mar-10,,Stream,Mameyes,MPR,,,,
28845,MPR,3/16/2010,1010,1.07604,5.58,,2.14,38,21.24,6.83,96.1,7.36,74.1,1.1,6.85,0.62,2.02,8.23,<5,8.93,0.95,,0.13,,22.43,0.06,0.62,3,2010,15-Mar-10,,Stream,Mameyes,MPR,,,,
28861,MPR,3/23/2010,926,0.82119,2.21,,2.24,29,22.39,6.89,98.1,7.71,72.6,1.11,7.37,0.68,2.29,9.81,5.24,7.74,0.78,,0.12,,24.45,0.04,1.76,3,2010,15-Mar-10,,Stream,Mameyes,MPR,,,,
28877,MPR,3/30/2010,947,0.65129,1.95,,1.92,23,22.58,7.01,106.1,7.66,73.4,1.15,7.6,0.69,2.4,11.54,6.57,7.57,0.74,,0.11,,28.97,0.03,1.1,3,2010,15-Mar-10,,Stream,Mameyes,MPR,,,,
28893,MPR,4/6/2010,949,0.6796,1.96,,1.94,24,21.3,6.87,83.8,7.56,98.4,0.44,7.22,0.27,4.37,6.91,13.93,9.02,1,,0.12,,25.1,0.01,0.9,4,2010,15-Apr-10,,Stream,Mameyes,MPR,,,,
28909,MPR,4/13/2010,1209,6.48455,3.4,,3.12,229,23.18,7,61.7,6.72,39.1,0.83,4.29,0.58,0.93,4,22.48,2,3.59,,0.19,,8.24,0.12,28.8,4,2010,15-Apr-10,,Stream,Mameyes,MPR,,,,
28925,MPR,4/20/2010,954,0.82119,2,,2,29,23.13,7.39,95.4,7.63,34.7,1.19,6.25,0.58,1.84,8.24,15.75,4.07,0.9,,0.1,,21.39,0.05,2.16,4,2010,15-Apr-10,,Stream,Mameyes,MPR,,,,
28941,MPR,4/27/2010,1103,1.13267,2.11,,2.11,40,24.29,7.1,109.7,6.72,51.1,0.8,5.45,0.48,1.32,5.91,5.52,8.31,1.3,,0.15,,21.54,0.09,0.63,4,2010,15-Apr-10,,Stream,Mameyes,MPR,,,,
28957,MPR,5/4/2010,943,2.83168,2.59,,2.54,100,23.48,7.05,62.5,6.34,48.36,0.97,5.27,0.45,1.44,7.08,<5,2,1.57,,0.09,,12.99,0.04,3.24,5,2010,15-May-10,,Stream,Mameyes,MPR,,,,
28973,MPR,5/11/2010,1007,2.15208,3.96,,2.37,76,23.67,6.94,92.3,7,20.1,0.96,6.12,0.5,1.54,6.8,<5,2,1.2,,0.07,,18.14,0.05,1.76,5,2010,15-May-10,,Stream,Mameyes,MPR,,,,
28989,MPR,5/18/2010,950,5.71999,3.2,,2.95,202,23,6.97,47.7,5.69,38.7,0.71,4.28,0.36,0.94,3.94,10.92,2,2.35,,0.12,,9.3,0.07,6.18,5,2010,15-May-10,,Stream,Mameyes,MPR,,,,
29005,MPR,5/25/2010,931,1.07604,1.97,,1.99,38,24.18,7.42,87,6.97,39.72,0.98,6.36,0.52,1.89,8.21,7.26,5.59,0.96,,0.09,,21.14,0.04,0.95,5,2010,15-May-10,,Stream,Mameyes,MPR,,,,
29038,MPR,6/1/2010,1232,5.01207,2.88,,2.81,177,24.61,7.22,70.17,6.02,49.2,0.85,5.11,0.42,1.18,5.27,5.33,2,1.33,,0.12,,14.32,0.06,5.95,6,2010,15-Jun-10,,Stream,Mameyes,MPR,,,,
29055,MPR,6/8/2010,1025,0.73624,1.94,,1.8,26,24.63,7.51,94,7.42,41.64,1.03,6.93,0.7,2.27,6.68,<5,2,0.78,,0.04,,18.95,0.01,5.51,6,2010,15-Jun-10,,Stream,Mameyes,MPR,,,,
29072,MPR,6/15/2010,1007,1.41584,2.08,,2.08,50,24.2,7.28,94.3,6.86,34.44,1.02,6.61,0.57,2.08,7.35,9.96,2,0.95,,0.1,,22.53,0.06,0.95,6,2010,15-Jun-10,,Stream,Mameyes,MPR,,,,
29089,MPR,6/22/2010,1022,3.73782,2.76,,2.61,132,23.65,7.07,60.7,5.4,51.7,0.82,4.28,0.41,1.2,5.21,<5,2,1.77,,0.11,,10.18,0.05,4.37,6,2010,15-Jun-10,,Stream,Mameyes,MPR,,,,
29106,MPR,6/29/2010,823,1.67069,2.1,,2.16,59,23.87,7.51,86.7,7.07,45.7,1.04,6.14,0.48,1.92,7.02,<5,4.99,1.11,,0.09,,21.08,0.04,1.29,6,2010,15-Jun-10,,Stream,Mameyes,MPR,,,,
29123,MPR,7/6/2010,959,2.01049,2.27,,2.26,71,24.11,7.07,76.1,6.35,38.7,0.92,5.29,0.51,1.6,6.48,<5,2,2.21,,0.12,,17.05,0.08,2.8,7,2010,15-Jul-10,,,Mameyes,MPR,,,,
29140,MPR,7/13/2010,950,1.52911,3.14,,2.12,54,24.99,7.76,87.2,7.21,66.2,1.02,5.43,0.53,1.92,6.79,16.39,2,1.01,,0.11,,21,0.02,1.5,7,2010,15-Jul-10,,,Mameyes,MPR,,,,
29157,MPR,7/20/2010,1152,,3.68,,,,23.24,7.08,48.3,4.79,39.6,0.65,3.22,0.36,0.9,3.76,<5,2,1.94,,0.09,,9.74,0.05,12.64,7,2010,15-Jul-10,,,Mameyes,MPR,,,,
29174,MPR,7/27/2010,1034,,,,,,23.15,7.53,86.5,7.15,77.5,1,6.24,0.56,1.81,6.2,7.16,5.8,1.06,,0.1,,21.61,0.01,2.67,7,2010,15-Jul-10,,,Mameyes,MPR,,,,
29191,MPR,8/3/2010,1123,,2.79,,,,25,7.51,89.1,7.03,61.1,1.04,6.05,0.61,1.81,6.68,6.35,2,1.49,,0.09,,21.31,0.02,4.69,8,2010,15-Aug-10,,,Mameyes,MPR,,,,
29208,MPR,8/10/2010,1041,,3.2,,,,24.5,7.07,56,5.5,47.8,0.81,4.35,0.57,1.16,4.99,27.37,2,3.7,,0.15,,12.99,0.08,54.26,8,2010,15-Aug-10,,,Mameyes,MPR,,,,
29225,MPR,8/17/2010,1100,,,,,,,,,,,,,,,,,,,,,,,,,8,2010,15-Aug-10,,,Mameyes,MPR,,,,
29242,MPR,8/24/2010,1007,,2.12,,,,23,7.78,97,7.06,64.7,1.06,6.65,0.73,2.02,8.87,8.13,10.61,1.23,,0.17,,23.18,0.1,2,8,2010,15-Aug-10,,,Mameyes,MPR,,,,
29259,MPR,8/31/2010,1100,,,,,,,,,6.36,2.5,0.95,6.32,0.63,1.91,9.11,6.93,2,1.25,,0.1,,21.04,0.1,0.6,8,2010,15-Aug-10,,,Mameyes,MPR,,,,
29276,MPR,9/7/2010,1234,,3.2,,,,23.4,6.98,54.7,6.09,2.5,0.86,4.35,0.71,1.07,4.91,<5,6.73,4.09,,0.18,,10.15,0.18,8.89,9,2010,15-Sep-10,,,Mameyes,MPR,,,,
29293,MPR,9/14/2010,1050,,2.29,,,,23.25,7.39,92.1,7.47,60.1,1.1,6.11,0.53,1.91,8.58,<5,5.99,1.16,,0.1,,19.93,0.04,1.33,9,2010,15-Sep-10,,,Mameyes,MPR,,,,
29310,MPR,9/21/2010,1030,,2.24,,,,22.9,7.36,83.4,7.07,58.7,1.01,5.78,0.47,1.82,7.73,14.12,5.6,2.14,,0.13,,17.84,0.06,3,9,2010,15-Sep-10,,,Mameyes,MPR,,,,
29327,MPR,9/28/2010,1103,,2.37,,,,23.15,7.14,73.8,5.6,53.3,0.79,4.88,0.58,1.43,6.05,9.4,9.95,2.25,,0.12,,15.04,0.06,2.73,9,2010,15-Sep-10,,,Mameyes,MPR,,,,
29344,MPR,10/5/2010,1027,,2.25,,,,24.87,8.25,74.8,7.44,64.1,1.08,6.35,0.55,1.99,7.85,<5,5.64,1.34,,0.1,,20.31,0.03,2.55,10,2010,15-Oct-10,,,Mameyes,MPR,,,,
29361,MPR,10/12/2010,1012,,2.18,,,,24.64,8.33,75.49,8.04,98.2,1.11,6.44,0.66,2.12,9.21,<5,8.21,1.01,,0.12,,23.15,0.02,1.43,10,2010,15-Oct-10,,,Mameyes,MPR,,,,
29378,MPR,10/19/2010,938,,2.06,,,,23.69,7.71,105.6,8.4,126.6,1.15,7.02,0.68,2.34,10.87,<5,9.25,0.82,,0.15,,24.67,0.02,1.41,10,2010,15-Oct-10,,,Mameyes,MPR,,,,
29395,MPR,10/26/2010,1036,,2.12,,,,24.11,8.5,75.49,8.72,108.4,1.15,7.2,0.69,2.22,8.37,<5,7.45,1.05,,0.14,,24.86,0.03,0.27,10,2010,15-Oct-10,,,Mameyes,MPR,,,,
29412,MPR,11/2/2010,1022,,2.1,,,,24.24,7.86,75.73,7.44,112.4,1.17,5.92,0.58,2.26,8.62,<5,7.6,1.15,,0.16,,22.38,0.04,1.62,11,2010,15-Nov-10,,,Mameyes,MPR,,,,
29428,MPR,11/9/2010,1010,,2.24,,,,23,7.58,93.84,6.32,85.2,1.05,4.82,0.51,1.8,7.33,10.23,4.05,1.28,,0.13,,16.02,0.04,1.78,11,2010,15-Nov-10,,,Mameyes,MPR,,,,
29444,MPR,11/16/2010,940,,2.18,,,,22.57,7.7,105.85,6.9,67.5,1.12,6.4,0.58,2.11,6.96,<5,6.17,0.94,,0.12,,22.12,0.04,1.85,11,2010,15-Nov-10,,,Mameyes,MPR,,,,
29460,MPR,11/23/2010,1010,,3.6,,,,22.1,,105.1,6.61,83.5,0.72,4.34,0.52,1.15,4.01,34.24,6.87,3.17,,0.22,,9.37,0.1,10.63,11,2010,15-Nov-10,,,Mameyes,MPR,,,,
29476,MPR,11/30/2010,930,,2.07,,,,21.9,8.02,95.8,7.41,33.9,1.18,6.89,0.62,2.34,7.4,<5,8.45,1.11,,0.09,,24.99,0.05,0.21,11,2010,15-Nov-10,,,Mameyes,MPR,,,,
29492,MPR,12/7/2010,956,,2,,,,21.54,7.47,75.76,7.6,16.9,1.23,7.28,0.96,2.52,9.82,<5,9.15,1.48,,0.1,,24.78,0.08,0.1,12,2010,15-Dec-10,,,Mameyes,MPR,,,,
29508,MPR,12/14/2010,1110,,2.1,,,,22.27,,86.2,6.83,68,1.15,6.27,0.64,2.13,8.5,<5,8.91,1.07,,0.1,,20.96,0.03,0.57,12,2010,15-Dec-10,,,Mameyes,MPR,,,,
29524,MPR,12/21/2010,1025,,2.19,,,,21.71,,94,7.59,41.1,1.06,6.64,0.66,2,7.25,29.51,8.9,1.24,,0.14,,22.95,0.07,0.48,12,2010,15-Dec-10,,,Mameyes,MPR,,,,
29540,MPR,12/28/2010,925,1.04772,2.16,,2.18,37,21.72,7.35,92,7.56,60.7,1.16,6.51,0.63,2.09,6.8,<5,2,0.83,,0.04,,22.64,0.01,1.2,12,2010,15-Dec-10,,,Mameyes,MPR,,,,
29556,MPR,1/4/2011,1002,1.95386,2.47,,2.47,69,20.92,7.68,77.54,7.14,67.6,1.11,6.59,0.6,2.08,8.43,5.23,4.41,1.09,,0.1,,22.13,0.03,1.71,1,2011,15-Jan-11,,,Mameyes,MPR,,,5.92,
29572,MPR,1/11/2011,936,0.87782,2.8,,2.11,31,22.16,,91.51,6.74,2.5,1.11,6.71,0.56,2.15,8.24,<5,2,1.1,,0.04,,24.07,0.03,1.72,1,2011,15-Jan-11,,,Mameyes,MPR,,,4.2,
29588,MPR,1/18/2011,952,0.73624,2.16,,2.05,26,22.36,7.59,94.9,6.83,65.2,1.17,6.82,0.58,2.22,10.64,<5,4.21,1.05,,0.1,,24.3,0.03,1.59,1,2011,15-Jan-11,,,Mameyes,MPR,,,4.67,
29604,MPR,1/25/2011,940,0.65129,1.98,,2,23,21.54,7.68,97.34,8.2,23.9,1.1,6.95,0.53,2.18,9.49,<5,2,0.89,,0.04,,21.35,0.01,1.2,1,2011,15-Jan-11,,,Mameyes,MPR,,,2.59,
29620,MPR,2/1/2011,934,0.59465,1.94,,1.95,21,21.29,7.91,99.19,8.02,78.2,1.12,7.05,0.54,2.11,8.24,<5,2,0.79,,0.11,,23.2,0.03,1.6,2,2011,15-Feb-11,,,Mameyes,MPR,,,6.2,
29636,MPR,2/8/2011,953,1.67069,2.38,,2.39,59,22.12,7.77,80.09,8.17,38.4,0.98,5.99,0.55,1.78,8.09,<5,2,1.79,,0.08,,16,0.04,3,2,2011,15-Feb-11,,,Mameyes,MPR,,,5.945268861,
29652,MPR,2/15/2011,933,,2.22,,,,21.89,7.02,76.07,7.94,60.7,0.93,5.66,0.39,1.51,7.34,<5,2,1.82,,0.13,,15.13,0.07,,2,2011,15-Feb-11,,,Mameyes,MPR,,,2.67,
29668,MPR,2/22/2011,934,,3.27,,,,20.83,7.84,74,7.2,56.4,1.02,5.82,0.51,1.76,8.75,<5,2,1.23,,0.12,,17.4,0.06,6.84,2,2011,15-Feb-11,,,Mameyes,MPR,,,4.760161657,
29684,MPR,3/1/2011,1005,,,,,,20.86,8.5,92,7.22,26.9,1.2,7.05,0.6,2.28,9.85,<5,2,0.89,,0.04,,24.82,0.01,1.18,3,2011,15-Mar-11,,,Mameyes,MPR,,,7.403035226,
29700,MPR,3/8/2011,950,,2.02,,,,20.92,8.31,76.14,7.42,2.5,1.03,6.15,0.57,1.89,9,5.98,2,1.84,,0.04,,16.39,0.03,1.87,3,2011,15-Mar-11,,,Mameyes,MPR,,,5.319047042,
29716,MPR,3/15/2011,930,0.56634,2.02,,2.13,20,20.86,8,100.2,7.32,2.5,1.22,7.04,0.57,2.34,9.85,7.05,6.78,1.03,,0.07,,25.2,0.06,1.4,3,2011,15-Mar-11,,,Mameyes,MPR,,,,
29732,MPR,3/22/2011,915,1.35921,2.4,,2.4,48,20.87,7.99,98.24,8.79,46.3,1.14,7.18,0.61,1.88,8.56,<5,6.78,1.3,,0.15,,23.04,0.1,1.54,3,2011,15-Mar-11,,,Mameyes,MPR,,,,
29748,MPR,3/29/2011,1017,0.5097,1.02,,1.93,18,22.27,8,102.41,7.43,7.8,1.25,7.06,0.6,2.43,7.51,<5,2,0.84,,0.07,,25.51,0.07,0.53,3,2011,15-Mar-11,,,Mameyes,MPR,,,,
29764,MPR,4/5/2011,915,0.62297,1.98,,2,22,22.53,7.92,98.24,8.02,2.5,1.27,6.55,0.55,2.11,10.88,<5,8.49,1.4,,0.04,,22.28,0.03,1.4,4,2011,15-Apr-11,,,Mameyes,MPR,,,,
29780,MPR,4/12/2011,939,0,2.12,,2.14,52,22.01,8.04,76.11,7.15,12.3,1.28,6.18,0.54,2,10.5,<5,6.43,1.07,,0.04,,23.18,0.02,1.8,4,2011,15-Apr-11,,,Mameyes,MPR,,,3.01,
29796,MPR,4/19/2011,1100,,,,,,,,,7.7,2.5,1.33,7.25,0.66,2.4,10.59,<5,5.3,1.13,,0.08,,25.19,0.08,0.4,4,2011,15-Apr-11,,,Mameyes,MPR,,,3.01,
29812,MPR,4/26/2011,917,1.0194,2.28,,2.3,36,,7.84,88.72,7.37,59.2,1.34,7.32,0.68,2.39,9.78,21,10.04,1.1,,0.17,,25.2,0.09,2,4,2011,15-Apr-11,,,Mameyes,MPR,,,6.02,
29828,MPR,5/3/2011,1010,1.67069,2.59,,2.55,59,22.61,7.66,80.09,7.07,30.3,1.03,5.34,0.47,1.29,6.08,<5,2,1.18,,0.11,,15.35,0.08,,5,2011,15-May-11,,,Mameyes,MPR,,,1.59,
29844,MPR,5/10/2011,1005,0.70792,2.18,,2.14,25,22.92,7.01,95.67,7.53,2.5,1.3,7.04,0.59,2.02,9.17,<5,9.19,1.17,,0.11,,24.1,0.1,,5,2011,15-May-11,,,Mameyes,MPR,,,15.1,
29860,MPR,5/17/2011,955,8.63662,4.2,,3.48,305,22.34,7.09,57.01,4.63,33.6,0.66,3.3,0.42,0.84,3.56,<5,5.49,3.62,,0.15,,8.11,0.11,,5,2011,15-May-11,,,Mameyes,MPR,,,,
29876,MPR,5/24/2011,1001,1.75564,2.54,,2.52,62,23.08,7.72,79.28,6.06,9.5,0.96,5.3,0.49,1.68,7.9,<5,8.05,1.43,,0.07,,19.07,0.06,,5,2011,15-May-11,,,Mameyes,MPR,,,5.59,
29892,MPR,5/31/2011,912,2.57683,2.7,,2.7,91,24.04,7.83,73.22,6.78,49.5,1.16,6.84,0.52,1.92,9.56,<5,7.82,1.12,,0.1,,23.31,0.05,,5,2011,15-May-11,,,Mameyes,MPR,,,15.4,
29908,MPR,6/7/2011,946,2.63346,3.01,,2.71,93,22.93,7.47,134.9,4.91,34.9,0.76,4.91,0.48,1.41,6.78,<5,4.46,2.25,,0.12,,14.66,0.09,90.33,6,2011,15-Jun-11,,,Mameyes,MPR,,,,
29924,MPR,6/14/2011,935,0.73624,2.29,,2.16,26,24.68,7.6,94.9,6.51,44.5,1.03,6.37,0.58,1.93,9.82,<5,8.48,1.35,,0.11,,21.6,0.06,2.2,6,2011,15-Jun-11,,,Mameyes,MPR,,,,
29940,MPR,6/21/2011,957,5.35188,3.2,,3.09,189,24.19,7.39,62.94,7.81,46.1,0.82,4.26,0.62,1.14,7.41,<5,2,4.11,,0.22,,11.36,0.17,39.19,6,2011,15-Jun-11,,,Mameyes,MPR,,,10.48502534,
29956,MPR,6/28/2011,735,0.93445,2.26,,2.27,33,23.14,7.45,90.33,8.69,65.3,1.05,5.37,0.55,1.74,10.53,13.17,9.25,2.04,,0.16,,20,0.08,2.42,6,2011,15-Jun-11,,,Mameyes,MPR,,,12.63125031,
29972,MPR,7/5/2011,945,0.87782,2.23,,2.24,31,24.46,7.77,91.51,8.93,64.7,1.19,5.95,0.58,2.05,11.61,<5,7.61,1.09,,0.1,,22.02,0.03,1.27,7,2011,15-Jul-11,,,Mameyes,MPR,,,8.835034871,
29988,MPR,7/12/2011,1005,29.73264,1.2,,4.86,1050,23.41,6.97,44.13,6.29,10,0.59,2.92,0.6,0.86,3.87,<5,2,3.75,,0.12,,6.08,0.1,399.14,7,2011,15-Jul-11,,,Mameyes,MPR,,,1.73284815,
30004,MPR,7/19/2011,943,1.86891,2.55,,2.48,66,24.13,7.5,78.26,6.22,49,0.91,5.11,0.44,1.41,7.27,<5,4.36,2.13,,0.17,,11.61,0.12,7.26,7,2011,15-Jul-11,,,Mameyes,MPR,,,,
30020,MPR,7/26/2011,958,1.18931,2.24,,2.27,42,24.44,7.87,85.93,6.69,2.5,1.06,6.29,0.49,1.9,9.33,<5,6.8,1.14,,0.08,,18.36,0.08,0.5,7,2011,15-Jul-11,,,Mameyes,MPR,,,9.638039963,
30036,MPR,8/2/2011,1035,5.77663,3.56,,3.16,204,23.82,7.37,61.95,4.23,2.5,0.5,3.32,0.32,0.69,3.6,<5,8.52,4.08,,0.15,,7.14,0.14,46,8,2011,15-Aug-11,,,Mameyes,MPR,,,13.56619914,
30052,MPR,8/9/2011,930,0.82119,2.06,,2.07,29,24.43,7.47,92.78,7.19,69.5,1.06,6.65,0.52,1.97,9.98,<5,8.07,1.14,,0.15,,15.59,0.08,1.2,8,2011,15-Aug-11,,,Mameyes,MPR,,,21.1,
30068,MPR,8/16/2011,930,0.82119,2.1,,2.11,29,23.08,7.6,91.78,6.76,2.5,1.12,7.5,0.61,2.2,10.67,<5,8.01,1.12,,0.04,,25.39,0.03,1.8,8,2011,15-Aug-11,,,Mameyes,MPR,,,5.28,
30084,MPR,8/23/2011,1150,8.32514,,,3.15,294,,,,,,,,,,,,,,,,,,,,8,2011,15-Aug-11,,,Mameyes,MPR,,,,
30100,MPR,8/30/2011,1222,2.01049,2.04,,2.05,71,25.92,7.42,77.08,5.69,2.5,0.71,4.71,0.43,1.41,7.18,<5,6.88,1.85,,0.07,,18.76,0.07,3.7,8,2011,15-Aug-11,,,Mameyes,MPR,,,28.3,
30116,MPR,9/6/2011,1013,1.33089,1.81,,1.83,47,23.98,7.98,83.95,7.02,2.5,1.01,6.52,0.69,2.06,8.79,<5,7.33,1.86,,0.04,,21.32,0.03,1,9,2011,15-Sep-11,,,Mameyes,MPR,,,9.64,
30132,MPR,9/13/2011,1057,10.9586,4.04,,3.48,387,23.81,6.94,54.26,6.16,126.5,0.77,3.74,0.74,0.93,3.42,<5,2,3.9,,0.27,,4.8,0.14,39.62,9,2011,15-Sep-11,,,Mameyes,MPR,,,4.43,
30148,MPR,9/20/2011,1005,,3.9,,,,23.16,7.11,76.8,4.11,49.8,0.53,3.39,0.5,0.93,3.17,<5,2,3.89,,0.17,,9.82,0.12,47.91,9,2011,15-Sep-11,,,Mameyes,MPR,,,,
30166,MPR,9/27/2011,957,1.58574,1.52,,1.92,56,24.23,7.72,80.96,7.2,2.5,0.99,6.44,0.63,2,10.78,<5,7.44,1.23,,0.04,,,0.03,1.96,9,2011,15-Sep-11,,,Mameyes,MPR,,,10.07872846,
30184,MPR,10/4/2011,935,1.72732,1.94,,1.96,61,24.54,7.62,79.54,7.19,2.5,1.05,6.52,0.63,2.04,10.23,8.65,9.96,1.23,,0.04,,19.73,0.03,3.4,10,2011,15-Oct-11,,,Mameyes,MPR,,,13.0228397,
30202,MPR,10/11/2011,1001,1.10436,1.74,,1.75,39,24.28,7.13,87.26,7.13,102.9,1.06,6.63,0.63,2.06,10.47,6.82,8.53,0.87,,0.15,,22.45,0.04,1,10,2011,15-Oct-11,,,Mameyes,MPR,,,17.62852413,
30220,MPR,10/18/2011,931,1.16099,1.96,,1.97,41,24.09,7.1,86.36,6.71,92.5,0.95,6.3,0.62,2,9.29,7.72,7.25,1.19,,0.12,,21.54,0.02,1.7,10,2011,15-Oct-11,,,Mameyes,MPR,,,10.43319915,
30238,MPR,10/25/2011,1035,,1.95,,,,24.64,7.8,85.51,7.32,101.8,1.03,6.87,0.65,2,10.11,14.31,8.7,1.25,,0.19,,23.74,0.08,2.5,10,2011,15-Oct-11,,,Mameyes,MPR,,,24.04004841,
30256,MPR,11/1/2011,1010,1.75564,2.15,,2.15,62,23.67,7.72,79.28,6.9,2.5,0.87,5.49,0.51,1.46,6.94,<5,7.37,2.55,,0.12,,14.06,0.12,3.87,11,2011,15-Nov-11,,,Mameyes,MPR,,,7.117094846,
30274,MPR,11/8/2011,1011,0.82119,1.76,,1.78,29,23.52,6.74,92.78,7.61,2.5,1.11,7.2,0.6,2.11,9.41,<5,10.36,1.44,,0.09,,24.56,0.09,0.9,11,2011,15-Nov-11,,,Mameyes,MPR,,,12.82483665,
30292,MPR,11/15/2011,1007,1.98218,2.31,,2.2,70,23.69,7.67,77.08,6.08,20.1,0.87,5.23,0.48,1.4,7.14,<5,4.59,2.56,,0.18,,14.83,0.16,4.2,11,2011,15-Nov-11,,,Mameyes,MPR,,,5.949717604,
30310,MPR,11/22/2011,953,2.54851,2.33,,2.33,90,23.08,7.43,73.22,7.01,2.5,0.83,5.37,0.51,1.4,6.39,<5,5.3,2.07,,0.1,,12.8,0.1,9.07,11,2011,15-Nov-11,,,Mameyes,MPR,,,8.391757374,
30328,MPR,11/29/2011,926,4.72891,2.76,,2.72,167,22.87,7.26,63.8,4.75,87.5,0.73,4.59,0.5,1.07,5.82,13.26,2,2.42,,0.2,,12.04,0.1,13.47,11,2011,15-Nov-11,,,Mameyes,MPR,,,4.58,
30346,MPR,12/6/2011,1005,1.33089,1.96,,1.96,47,22.43,7.5,84.33,5.9,101.1,0.98,6.41,0.53,1.78,8.34,19.64,8.25,1.44,,0.23,,20.92,0.11,1.76,12,2011,15-Dec-11,,,Mameyes,MPR,,,16.9,
30364,MPR,12/13/2011,953,1.78396,2.14,,2.12,63,21.51,7.49,78.5,9.19,185.2,1.17,10.45,0.69,1.56,9.06,5.11,28.5,0.79,,0.19,,22.13,0.01,0.86,12,2011,15-Dec-11,,,Mameyes,MPR,,,,
30382,MPR,12/20/2011,951,1.0194,1.81,,1.82,36,21.1,7.67,89.24,7.17,77.4,1.12,8.02,0.61,2.17,8.6,<5,5.15,0.62,,0.11,,19.1,0.03,0.9,12,2011,15-Dec-11,,,Mameyes,MPR,,,12.1,
30400,MPR,12/27/2011,930,0.99109,1.78,,1.8,35,21.96,7.73,89.77,8.24,79.2,0.98,6.84,0.64,2.21,8.57,12.66,7.99,0.94,,0.15,,22.65,0.05,1.8,12,2011,15-Dec-11,,,Mameyes,MPR,,,27.1,
30418,MPR,1/3/2012,954,1.30257,1.91,,1.92,46,22.1,7.2,84.33,8.03,80.8,0.96,6.18,0.53,1.96,9.79,<5,4.55,1.25,,0.1,,17.6,0.02,2.6,1,2012,15-Jan-12,,,Mameyes,MPR,,,7.39,
30436,MPR,1/10/2012,924,1.10436,1.84,,1.84,39,21.9,7.72,87.73,7.31,83.2,1.05,6.76,0.62,2.13,9.95,<5,2,0.83,,0.12,,22.11,0.03,1.33,1,2012,15-Jan-12,,,Mameyes,MPR,,,12.9,
30454,MPR,1/17/2012,1018,1.98218,2.13,,2.13,70,21.8,7.61,77.08,8.18,95.76,0.97,6.44,0.59,1.96,10.18,<5,8.16,1.34,,0.11,,18.29,0.02,10.5,1,2012,15-Jan-12,,,Mameyes,MPR,,,21.4,
30472,MPR,1/24/2012,920,2.09544,2.15,,2.15,74,20.9,7.44,76,6.7,22.1,1.11,6.68,0.59,1.92,10.5,7.11,2,1.23,,0.04,,21.07,0.01,6.5,1,2012,15-Jan-12,,,Mameyes,MPR,,,5.732435374,
30490,MPR,1/31/2012,1039,1.95386,2.08,,2.1,69,21.5,7.01,77.31,10.97,51.8,0.82,9.27,0.72,3.24,6.28,15.29,8.65,1.05,,0.07,,19.74,0.01,1.1,1,2012,15-Jan-12,,,Mameyes,MPR,,,13.96529608,
30506,MPR,2/7/2012,925,1.04772,1.78,,1.78,37,21.5,7.35,88.22,10.19,8.7,1.1,8.6,0.63,1.97,9.59,<5,7.41,2.6,,0.04,,15.12,0.02,4.3,2,2012,15-Feb-12,,,Mameyes,MPR,,,,
30522,MPR,2/14/2012,1010,0.96277,1.72,,1.75,34,21.8,7.39,90.33,6.96,2.5,1.09,6.63,0.56,2.01,10.03,<5,2,1.26,,0.04,,23.49,0.03,0.7,2,2012,15-Feb-12,,,Mameyes,MPR,,,,
30538,MPR,2/21/2012,932,0.79287,1.65,,1.67,28,21.1,7.35,93.46,7.08,2.5,1.09,6.61,0.52,2.08,10.51,<5,6.16,1.13,,0.04,,23.24,0.03,1.1,2,2012,15-Feb-12,,,Mameyes,MPR,,,9.362323496,
30554,MPR,2/28/2012,1029,0.82119,1.68,,1.7,29,22.1,6.62,92.78,7.59,54.3,1,6.17,0.54,1.9,9.3,<5,5.1,1.3,,0.04,,15.14,0.01,1.1,2,2012,15-Feb-12,,,Mameyes,MPR,,,6.811818367,
30570,MPR,3/6/2012,940,0.96277,1.75,,1.77,34,21.9,7.15,90.33,7.27,59.3,1.06,6.39,0.59,1.94,9.98,<5,7.98,1.05,,0.1,,15.61,0.04,1.5,3,2012,15-Mar-12,,,Mameyes,MPR,,,9.904845349,
30586,MPR,3/13/2012,1010,0.8495,1.69,,1.72,30,21.3,7.29,92.78,8.05,2.5,0.97,6.44,0.56,1.91,9.81,<5,6.24,1.12,,0.04,,19.12,0.04,1.57,3,2012,15-Mar-12,,,Mameyes,MPR,,,,
30602,MPR,3/20/2012,925,0.76455,1.67,,1.69,27,21.7,7.27,94.16,7.28,2.5,1.03,6.61,0.61,2.12,10.34,<5,2,1.21,,0.04,,,0.03,1.89,3,2012,15-Mar-12,,,Mameyes,MPR,,,1.887047287,
30618,MPR,3/27/2012,1026,1.47247,1.98,,2,52,21.6,7.55,81.89,6.65,52.8,1.01,5.78,0.53,1.67,8.21,<5,6.93,0.75,,0.08,,18.82,0.03,2.77,3,2012,15-Mar-12,,,Mameyes,MPR,,,,
30634,MPR,4/3/2012,934,1.30257,1.94,,1.94,46,21.3,7.21,84.33,7.19,47.9,1.02,6.29,0.58,1.86,8.1,<5,9.34,0.84,,0.09,,22.67,0.05,2.7,4,2012,15-Apr-12,,,Mameyes,MPR,,,10.99177714,
30650,MPR,4/10/2012,957,3.51128,,,2.51,124,22.2,6.67,67.48,5.74,7.9,0.76,3.82,0.46,1.03,4.57,<5,2,2.98,,0.1,,9.81,0.09,8.8,4,2012,15-Apr-12,,,Mameyes,MPR,0.82309,0.06913495,,
30666,MPR,4/17/2012,930,0.90614,1.75,,1.78,32,20.8,7.08,90.91,7.87,16.7,1.09,6.28,0.62,1.91,9.02,<5,5.65,1.17,,0.04,,22.04,0.02,0.4,4,2012,15-Apr-12,,,Mameyes,MPR,,,7.229411846,
30682,MPR,4/24/2012,933,0.8495,1.79,,1.76,30,23,7.42,92.13,7.23,2.5,0.98,5.64,0.59,1.75,8.29,<5,4.96,1.18,,0.04,,18.55,0.03,1.3,4,2012,15-Apr-12,,,Mameyes,MPR,,,,
30698,MPR,5/1/2012,953,0.56634,1.6,,1.59,20,22.7,7.68,100.2,7.39,2.5,0.97,6.46,0.64,2.1,9.09,<5,4.27,1.19,,0.04,,24.31,0.04,0.8,5,2012,15-May-12,,,Mameyes,MPR,,,,
30714,MPR,5/8/2012,1030,1.07604,1.94,,1.91,38,23.2,7.62,85.51,6.68,2.5,0.98,5.99,0.59,1.75,8.65,<5,7.88,1.38,,0.04,,19.57,0.03,2.8,5,2012,15-May-12,,,Mameyes,MPR,,,,
30730,MPR,5/15/2012,945,0.70792,1.76,,1.77,25,23.7,7.69,91.51,7.14,2.5,1.02,6.8,0.69,2.06,10.08,<5,8.39,1.39,,0.04,,26.55,0.03,5.6,5,2012,15-May-12,,,Mameyes,MPR,0.349503,0.03443241,,
30746,MPR,5/22/2012,1000,3.17148,2.54,,2.55,112,23.4,7.49,66.88,6.89,2.5,0.88,5.3,0.52,1.39,6.76,<5,5.99,1.98,,0.04,,20.12,0.03,10.14,5,2012,15-May-12,,,Mameyes,MPR,1.435424955,,,
30762,MPR,5/29/2012,1016,0.79287,1.91,,1.93,28,23.7,7.68,84.71,6.76,33.3,0.98,5.87,0.57,1.68,7.55,<5,10.1,1.25,7.14,0.04,,18.98,0.01,1.2,5,2012,15-May-12,,,Mameyes,MPR,,,5.449522017,
30778,MPR,6/5/2012,1029,0.36812,1.68,,1.68,13,24.1,7.61,95.67,7.29,39,1.12,7.06,0.62,2.13,9.67,<5,9.85,0.81,7.97,0.07,,26.07,0.03,1.3,6,2012,15-Jun-12,,,Mameyes,MPR,,,17.9,
30794,MPR,6/12/2012,943,,1.9,,,,25.2,7.67,85.51,7.98,58.7,1.21,7.5,0.73,2.47,10.63,<5,6.83,1.1,9.95,0.04,,26.33,0.01,0.9,6,2012,15-Jun-12,,,Mameyes,MPR,,,20.7,
30810,MPR,6/19/2012,1022,0.26618,1.7,,1.67,9.4,25,7.7,95.67,8.09,64.6,1.15,6.87,0.63,2.08,8.29,17.08,8.33,1.26,7.77,0.14,,24.24,0.06,1.3,6,2012,15-Jun-12,,,Mameyes,MPR,,,17.28811899,
30826,MPR,6/26/2012,950,,1.75,,,,24.8,8.45,117.67,8.35,33.8,1.1,7.11,0.7,2.21,9.46,6.74,9.83,1.64,8.64,0.04,,23.77,0.01,3.9,6,2012,15-Jun-12,,,Mameyes,MPR,0.284267,0.023178591,7.9,
30842,MPR,7/3/2012,1010,0.45307,1.85,,1.91,16,25.1,7.71,85.51,8.3,2.5,1.1,7.04,0.58,2.04,8.71,<5,8.8,1.2,8.5,0.04,,25.93,0.03,0.9,7,2012,15-Jul-12,,,Mameyes,MPR,,,16.49464341,
30858,MPR,7/10/2012,1100,0.76455,,,2.08,27,,,,,,,,,,,,,,6.03,,,,,,7,2012,15-Jul-12,,,Mameyes,MPR,,,,
30874,MPR,7/17/2012,928,0.79287,2.02,,2.09,28,25,7.21,79.28,10.64,68,1.17,8.01,0.41,1.13,5.58,11.86,4.39,2.19,9.33,0.15,,16.23,0.07,1.2,7,2012,15-Jul-12,,,Mameyes,MPR,,,31.77283,
30890,MPR,7/24/2012,1012,0.93445,2.16,,2.15,33,24.9,7.45,77.31,7.92,49.2,1.04,6.32,0.54,1.87,8.36,11.35,6.32,1.42,7.42,0.14,,23.26,0.08,1.2,7,2012,15-Jul-12,,,Mameyes,MPR,,,10.8,
30906,MPR,7/31/2012,1013,3.68118,2.9,,2.79,130,,7.04,62.08,7.78,95.1,0.74,4.55,0.44,0.97,4.36,<5,2,2.91,2.98,0.11,,10.16,0.02,25.27,7,2012,15-Jul-12,,,Mameyes,MPR,2.152031,0.163906822,5.650592749,
30922,MPR,8/7/2012,954,1.07604,2.18,,2.2,38,25.25,7.52,75.8,7.95,87.1,1.19,7.06,0.55,1.38,7.56,<5,9.91,1.22,8.7,0.14,,19.49,0.05,1.64,8,2012,15-Aug-12,,,Mameyes,MPR,,,22.1,
30938,MPR,8/14/2012,1040,0.59465,1.84,,1.95,21,25.24,7.6,83.95,10.61,55.5,1.27,8.86,0.58,1.56,7.07,14.54,2,1.11,8.75,0.13,,,0.06,0.75,8,2012,15-Aug-12,,,Mameyes,MPR,,,28.39961322,
30954,MPR,8/21/2012,1013,0.59465,1.92,,1.96,21,27.42,7.24,84.3,7.34,79.4,1.18,6.73,0.63,2.29,8.97,<5,2,0.88,,0.11,,,0.03,0.8,8,2012,15-Aug-12,,,Mameyes,MPR,,,6.88,
30970,MPR,8/28/2012,1016,,2.13,,,,24.27,8.02,106.35,6.51,66.6,1.09,5.59,0.53,1.87,8.03,<5,8.02,1.37,6.73,0.1,,,0.03,0.6,8,2012,15-Aug-12,,,Mameyes,MPR,,,14.9,
30986,MPR,9/4/2012,957,,1.72,,,,24.76,7.38,115.66,7.13,2.5,1.27,6.66,0.62,2.23,10.16,<5,30.65,1.13,8.94,0.04,,18.58,0.03,1.2,9,2012,15-Sep-12,,,Mameyes,MPR,,,,
31002,MPR,9/11/2012,943,0.62297,1.94,,2.03,22,24.83,7.46,81.27,7.44,73.5,1.25,7.28,0.66,2.47,10.96,<5,8.3,0.9,9.19,0.11,,,0.04,1.4,9,2012,15-Sep-12,,,Mameyes,MPR,,,14.34017561,
31018,MPR,9/18/2012,1044,0.73624,2.1,,2.11,26,25.71,7.09,78.5,8.13,83,1.16,7.31,0.64,2.07,9.55,5.27,7.17,0.79,8.72,0.1,,20.79,0.01,0.8,9,2012,15-Sep-12,,,Mameyes,MPR,,,,
31034,MPR,9/25/2012,1034,0.93445,2.23,,2.22,33,25.24,7.71,75.2,7.76,2.5,1.21,6.54,0.63,1.85,9.01,<5,2,1.46,8.13,0.04,,18.49,0.03,1.4,9,2012,15-Sep-12,,,Mameyes,MPR,,,7.679185958,
31050,MPR,10/2/2012,1000,0.82119,2.29,,2.08,29,25.4,7.73,79.54,7.4,2.5,1.19,6.91,0.76,2.2,8.68,5.02,8.1,1.72,7.52,0.04,,21.14,0.03,0.8,10,2012,15-Oct-12,,,Mameyes,MPR,,,,
31066,MPR,10/9/2012,1009,1.67069,2.49,,2.42,59,24.3,7.49,58.3,5.83,2.5,0.98,4.54,0.52,1.41,6.07,<5,2,2.67,6.88,0.04,,,0.03,7,10,2012,15-Oct-12,,,Mameyes,MPR,1.468355155,,,
31082,MPR,10/16/2012,948,0.45307,1.99,,1.96,16,24.7,7.76,81.6,8.94,63.1,1.26,7.97,0.72,2.01,8.8,5.37,33.61,1.59,6.87,0.08,,,0.01,1.2,10,2012,15-Oct-12,,,Mameyes,MPR,,,41.02812307,
31098,MPR,10/23/2012,1032,0.65129,2.12,,2.1,23,24.5,7.85,79.6,7.6,8.9,1.11,6.3,0.54,1.78,6.95,<5,10.09,1.15,6.66,0.04,,18.08,0.03,0.5,10,2012,15-Oct-12,,,Mameyes,MPR,,,10.46095433,
31114,MPR,10/30/2012,942,0.99109,1.87,,1.86,35,4,7.84,84.7,7.18,28.6,0.99,5.83,0.51,1.77,6.86,<5,5.69,1.27,7.04,0.08,,15.46,0.04,1.4,10,2012,15-Oct-12,,,Mameyes,MPR,,,8.608615887,
31130,MPR,11/6/2012,918,0.93445,1.81,,1.83,33,23.9,7.84,85.4,7.52,25.8,1.04,6.21,0.54,1.86,7.49,<5,6.09,1.46,,0.04,,,0.01,0.9,11,2012,15-Nov-12,,,Mameyes,MPR,,,8.72,
31146,MPR,11/13/2012,956,1.89723,2.17,,2.17,67,23.6,7.73,64.6,5.81,2.5,0.87,4.94,0.55,1.44,6.18,<5,2,1.58,5.09,0.04,,14.47,0.03,2.1,11,2012,15-Nov-12,,,Mameyes,MPR,,,8.61,
31162,MPR,11/20/2012,940,1.13267,1.92,,1.92,40,23.6,7.9,81,6.32,2.5,0.99,5.87,0.64,1.82,7.32,<5,2,1.51,7.4,0.04,,,0.03,0.9,11,2012,15-Nov-12,,,Mameyes,MPR,,,5.034329739,
31178,MPR,11/27/2012,1007,1.18931,1.93,,1.94,42,21.9,7.15,76.8,6.85,2.5,1.12,6.37,0.62,1.98,8.15,<5,2,1.14,7.57,0.04,,,0.03,0.7,11,2012,15-Nov-12,,,Mameyes,MPR,,,7.903231863,
31194,MPR,12/4/2012,1022,5.21029,2.84,,2.78,184,22.5,7.62,49,5.94,36,0.67,4.07,0.46,0.97,4.1,6.93,2,2.5,3.5,0.11,,,0.07,12.97,12,2012,15-Dec-12,,,Mameyes,MPR,1.744240318,,6.002641673,
31210,MPR,12/11/2012,1014,2.23703,3.24,,2.25,79,22.6,7.92,81.8,7.37,2.5,1.06,6.3,0.62,1.88,8.61,<5,2,1.18,7.72,0.04,,,0.04,3.4,12,2012,15-Dec-12,,,Mameyes,MPR,0.17845748,0.016636448,3.92,
31226,MPR,12/18/2012,934,1.55742,2.08,,2.07,55,21.8,7.94,91.5,7.08,77.7,1.22,6.6,0.54,2.22,9.89,22.53,9.37,0.67,7.96,0.09,,19.01,0.01,0.5,12,2012,15-Dec-12,,,Mameyes,MPR,,,7.82,
31242,MPR,12/26/2012,930,1.35921,2.14,,2,48,22.9,,,7.23,78.9,1.04,6.47,0.64,2,7.88,13.45,9.16,0.74,7.99,0.1,,19.83,0.01,1.2,12,2012,15-Dec-12,,,Mameyes,MPR,,,6.6723116,
31260,MPR,1/2/2013,942,1.24594,1.98,,1.96,44,21.7,8.07,89,7.17,71.9,1.01,6.38,0.62,1.94,7.66,5.15,4.83,0.79,8.64,0.07,,,0.01,0.8,1,2013,15-Jan-13,,,Mameyes,MPR,,,6.88,
31276,MPR,1/8/2013,953,1.04772,1.91,,1.89,37,22.2,8.13,86.5,7.98,2.5,1,6.36,0.65,1.9,8.45,<5,5.62,1.19,6.93,0.04,,18.57,0.03,1,1,2013,15-Jan-13,,,Mameyes,MPR,,,6.93380733,
31292,MPR,1/15/2013,1030,0.99109,1.96,,1.86,35,20.8,8.43,67.2,7.73,2.5,1.11,6.68,0.63,2.08,9.35,<5,8.38,1.28,14.54,0.04,,19.73,0.04,3.2,1,2013,15-Jan-13,,,Mameyes,MPR,,,,
31308,MPR,1/22/2013,931,0.79287,1.77,,1.77,28,21.5,8.27,98.9,7.55,92.6,1.14,6.91,0.66,2.21,10.07,7.3,7.26,0.76,9,0.13,,,0.03,1.3,1,2013,15-Jan-13,,,Mameyes,MPR,,,,
31324,MPR,1/29/2013,1014,3.11485,2.45,,2.43,110,21.8,8.24,84.9,7.3,66.7,1.07,6.01,0.67,1.79,8.48,<5,9.38,1.63,7.36,0.1,,15.4,0.03,6.75,1,2013,15-Jan-13,,,Mameyes,MPR,1.695077039,,,
31340,MPR,2/5/2013,911,0.82119,1.79,,1.78,29,19.9,8.2,92.9,7.34,2.5,1.15,6.55,0.63,2.06,9.46,<5,8.2,0.88,7.87,0.04,,21.61,0.03,0.6,2,2013,15-Feb-13,,,Mameyes,MPR,,,,
31356,MPR,2/12/2013,1006,1.18931,1.98,,1.94,42,20.6,,55.5,8.6,2.5,0.91,5.58,0.52,1.53,6.45,<5,2,1.96,,0.09,,,0.09,3.3,2,2013,15-Feb-13,,,Mameyes,MPR,,,7.553464904,
31372,MPR,2/19/2013,1012,0.76455,1.75,,1.75,27,21.3,7.82,76.5,8.09,61.1,1.27,7.23,0.62,1.51,6.23,<5,8.15,0.9,,0.13,,20.01,0.07,1,2,2013,15-Feb-13,,,Mameyes,MPR,,,13.2,
31388,MPR,2/26/2013,949,0,1.84,,1.83,22,22.4,7.76,81.5,8.27,2.5,1.32,7.56,0.7,1.54,6.05,<5,8.36,0.89,,0.04,,20.86,0.04,1,2,2013,15-Feb-13,,,Mameyes,MPR,,,7.21,
31404,MPR,3/5/2013,950,4.0493,2.66,,2.6,143,21.9,7.41,64.5,8.77,94,1.34,6.21,0.73,1.28,6.58,<5,7.84,2.35,7.1,0.18,,15.23,0.09,20.18,3,2013,15-Mar-13,,,Mameyes,MPR,1.563625516,0.12595263,10.6,
31420,MPR,3/12/2013,1020,0.90614,1.83,,1.82,32,21.6,7.75,81.3,7.43,2.5,1.28,7.27,0.63,2.15,7.8,<5,8.93,1.21,10.31,0.04,,21.22,0.03,0.9,3,2013,15-Mar-13,,,Mameyes,MPR,,,6.52,
31436,MPR,3/19/2013,1012,2.83168,2.04,,2.38,100,21.4,7.2,50.4,8.5,60.7,0.99,5.31,0.46,1.58,5.31,<5,8.32,2.3,3.65,0.13,,10.45,0.07,8.92,3,2013,15-Mar-13,,,Mameyes,MPR,1.711893975,,,
31452,MPR,3/26/2013,149,0.62297,1.79,,1.67,22,26,7.81,84.4,7.6,64.8,1.37,7.2,0.66,2.37,9.22,<5,8.32,0.71,9.8,0.09,,22.07,0.03,4.3,3,2013,15-Mar-13,,,Mameyes,MPR,,,,
31468,MPR,4/2/2013,949,1.27426,1.98,,1.97,45,22.4,7.44,58,7.13,35.5,1.27,5.84,0.62,1.73,6.2,<5,4.43,1.22,,0.08,,34.06,0.04,1.9,4,2013,15-Apr-13,,,Mameyes,MPR,,,6.68,
31484,MPR,4/9/2013,1012,2.06713,2.23,,2.21,73,23.3,7.46,63.8,9.27,49.2,1.3,7.66,0.61,1.57,5.27,14.21,10.97,1.51,,0.12,,20.13,0.06,3.5,4,2013,15-Apr-13,,,Mameyes,MPR,,,50.7,
31500,MPR,4/16/2013,933,,1.68,,,,23.2,7.57,74.2,9.01,42.2,1.33,7.74,0.65,2,7.88,<5,6.97,0.91,3.79,0.04,,20.15,0.01,0.82,4,2013,15-Apr-13,,,Mameyes,MPR,,,13.7,
31516,MPR,4/23/2013,1020,0.79287,1.77,,1.76,28,22.1,7.5,67.9,7.65,35,1.18,6.58,0.6,1.84,6.08,<5,4.06,0.77,7.65,0.04,,23.61,0.01,1.37,4,2013,15-Apr-13,,,Mameyes,MPR,,,4.34,
31532,MPR,4/30/2013,1107,1.18931,1.86,,1.94,42,23,7.48,54.9,6.76,2.5,0.98,5.67,0.62,1.37,4.85,5.85,5.56,2.05,6.57,0.08,,18.23,0.07,3.2,4,2013,15-Apr-13,,,Mameyes,MPR,,,,
31548,MPR,5/7/2013,938,1.30257,2,,1.98,46,23.2,7.51,56.9,6.33,2.5,1.05,5.53,0.56,1.94,7.09,<5,7.3,1.83,7.12,0.08,,14.46,0.08,2.1,5,2013,15-May-13,,,Mameyes,MPR,,,,
31564,MPR,5/14/2013,1031,5.71999,3.06,,2.86,202,23.1,7.28,40.1,5.91,26,0.72,4.06,0.41,1.06,5.58,<5,6.04,3.47,3.88,0.11,,10.81,0.09,14.62,5,2013,15-May-13,,,Mameyes,MPR,1.603427568,,,
31580,MPR,5/21/2013,933,3.56792,2.08,,2.51,126,23.2,7.53,58.9,7.03,27.2,1.04,5.45,0.48,1.57,8.92,<5,7.29,2.47,,0.09,,18.62,0.06,5.71,5,2013,15-May-13,,,Mameyes,MPR,,,,
31596,MPR,5/28/2013,927,2.49188,2.34,,2.31,88,,,,6.97,29.7,0.94,4.96,0.36,1.46,7.63,<5,8.86,1.69,,0.04,,16.02,,9.6,5,2013,15-May-13,,,Mameyes,MPR,0.730110629,0.050199777,,
31612,MPR,6/4/2013,1000,6.37128,3.08,,3.11,225,22.9,7.25,38.1,5.42,2.5,0.76,4.16,0.46,1.09,5.09,<5,2,3.28,,0.15,,10.56,0.15,62,6,2013,15-Jun-13,,,Mameyes,MPR,1.694450374,,2.46,
31628,MPR,6/11/2013,911,0.73624,1.98,,1.96,26,23.7,7.67,61.8,7.16,8.6,1.06,5.76,0.45,1.83,9.18,<5,8.02,1.53,,0.1,,19.52,0.09,1.4,6,2013,15-Jun-13,,,Mameyes,MPR,,,11.3,
31644,MPR,6/18/2013,1058,0.65129,1.93,,1.91,23,24,7.75,68.9,7.37,14.5,1.24,6.19,0.57,1.99,10.37,<5,5.44,0.87,,0.13,,19.91,0.11,1.46,6,2013,15-Jun-13,,,Mameyes,MPR,,,16.1,
31660,MPR,6/25/2013,951,1.67069,2.3,,2.33,59,23.8,7.58,53.6,7.17,7.2,0.91,5.35,0.48,1.52,7.95,<5,9.44,2.02,,0.11,,16.06,0.09,6.4,6,2013,15-Jun-13,,,Mameyes,MPR,1.864233036,,10.6,
31676,MPR,7/2/2013,1034,3.51128,2.82,,2.71,124,23.3,7.37,39.6,5.46,2.5,0.62,4.03,0.46,1.22,4.45,<5,6.34,2.91,,0.11,,12.46,0.1,22.25,7,2013,15-Jul-13,,,Mameyes,MPR,1.782666364,,7.019147106,0.0228
31692,MPR,7/9/2013,1026,3.73782,,,2.75,132,23.8,7.48,44.9,7.41,85.7,0.84,4.72,0.37,1.23,6.45,<5,6.35,2.78,,0.1,,13.12,0.01,38.29,7,2013,15-Jul-13,,,Mameyes,MPR,3.094059206,0.230569798,5.419306102,0.0409
31708,MPR,7/16/2013,1016,2.63346,2.59,,2.56,93,23.8,7.43,45.9,5.3,2.5,0.87,4.37,0.27,1.06,5.62,<5,2,,,,,14.42,,6.56,7,2013,15-Jul-13,,,Mameyes,MPR,0.562891247,0.037149539,,
31724,MPR,7/23/2013,1108,1.16099,2.19,,2.15,41,24.9,,,6.28,2.5,1.2,5.44,0.37,1.62,8.57,<5,2,,,,,18.89,,0.67,7,2013,15-Jul-13,,,Mameyes,MPR,,,,
31740,MPR,7/30/2013,1046,1.27426,2.18,,2.17,45,24.9,7.81,62.2,6.19,2.5,1.15,5.74,0.4,1.67,8.88,<5,5.58,,,,,20.14,,2.4,7,2013,15-Jul-13,,,Mameyes,MPR,,,,
31756,MPR,8/6/2013,930,2.83168,2.59,,2.57,100,24,7.55,43.6,5.78,2.5,0.91,4.2,0.47,1.05,5.84,12.33,7,,,,,12.2,,25.56,8,2013,15-Aug-13,,,Mameyes,MPR,2.487122478,0.180736878,,
31772,MPR,8/13/2013,1117,0.99109,2.05,,2.04,35,24.6,7.87,67.9,7.06,2.5,1.12,6,0.41,1.75,9.33,<5,2,,,,,22.13,,1.1,8,2013,15-Aug-13,,,Mameyes,MPR,,,,
31788,MPR,8/20/2013,920,1.89723,2.47,,2.34,67,24.4,7.83,57.1,6.73,2.5,0.05,5.33,0.36,1.64,7.93,<5,8.99,,,,,19.52,,7.14,8,2013,15-Aug-13,,,Mameyes,MPR,1.889311251,,,
31804,MPR,8/27/2013,1021,3.34138,2.71,,2.62,118,24.4,7.86,42.4,6.48,2.5,0.75,4.36,0.35,1.15,5.34,<5,2,,,,,11.94,,17.67,8,2013,15-Aug-13,,,Mameyes,MPR,2.007643336,,,
31820,MPR,9/3/2013,1012,1.21762,2.12,,2.09,43,,7.67,84.2,6.78,2.5,0.9,,,,,<5,2,,,,,18.19,,3.4,9,2013,15-Sep-13,,,Mameyes,MPR,,,,
31836,MPR,9/10/2013,1031,1.27426,2.13,,2.11,45,24.6,7.85,64.1,6.09,2.5,1.25,5.63,0.41,1.64,9.15,<5,2,0.98,,0.04,,20.49,0.03,2.4,9,2013,15-Sep-13,,,Mameyes,MPR,,,1.82,
31852,MPR,9/17/2013,1011,0.93445,1.99,,1.97,33,25.1,7.94,71.1,9.65,6.7,0.92,7.68,0.44,2.32,4.94,<5,2,0.83,,0.09,,28.76,0.08,3.4,9,2013,15-Sep-13,,,Mameyes,MPR,,,1.57,
31868,MPR,9/24/2013,1011,1.55742,2.29,,2.21,55,24.7,7.73,48.2,6.77,82.5,0.92,4.73,0.38,1.47,7.18,14.81,2,2.25,,0.15,,16.35,0.05,10.74,9,2013,15-Sep-13,,,Mameyes,MPR,,,2.084540913,0.005
31884,MPR,10/1/2013,1010,0.79287,,,1.91,28,,,,,,,,,,,,,,,,,,,,10,2013,15-Oct-13,,,Mameyes,MPR,,,,
31900,MPR,10/8/2013,944,0.70792,1.88,,1.85,25,,,,7.99,96,1.17,6.65,0.44,2.28,11.51,7.16,9.11,0.88,,0.13,,26.43,0.03,1.3,10,2013,15-Oct-13,,,Mameyes,MPR,,,8.935065824,0.0326
31916,MPR,10/15/2013,1005,0.96277,,,1.99,34,,,,,,,,,,,,,,,,,,,,10,2013,15-Oct-13,,,Mameyes,MPR,,,,
31932,MPR,10/22/2013,1009,1.30257,2.14,,2.12,46,24.1,7.64,48.8,5.42,62.9,0.83,4.77,0.52,1.35,5.51,<5,7.92,,,,,12.92,,8.43,10,2013,15-Oct-13,,,Mameyes,MPR,,,9.146248993,0.0221
31948,MPR,10/29/2013,945,4.47405,3.08,,2.79,158,23.6,7.51,45.5,7.28,60.6,0.79,5.25,0.59,1.28,5.12,10.31,8.31,,,,,13.65,,54.1,10,2013,15-Oct-13,,,Mameyes,MPR,,,13.030198,0.0224
31964,MPR,11/5/2013,1005,0.8495,1.96,,1.94,30,23.2,7.81,62.9,8.69,84.4,1,7.02,0.54,1.58,6.69,8.71,7.51,,,,,17.79,,1.6,11,2013,15-Nov-13,,,Mameyes,MPR,,,20.22259445,0.064
31980,MPR,11/12/2013,944,0.76455,1.88,,1.89,27,23.9,7.89,64.4,,,,,,,,7.99,6.75,1.21,,0.15,,21.02,,5,11,2013,15-Nov-13,,,Mameyes,MPR,,,,0.005
31996,MPR,11/19/2013,945,1.98218,2.37,,2.33,70,22.3,7.81,51.3,,,,,,,,7.87,7.96,1.62,,0.13,,13.16,,9.73,11,2013,15-Nov-13,,,Mameyes,MPR,,,8.704978232,0.005
32012,MPR,11/26/2013,958,1.16099,2.09,,2.07,41,23.1,7.92,61,,,,,,,,<5,5.47,1.42,,0.04,,22.31,,2.7,11,2013,15-Nov-13,,,Mameyes,MPR,,,,0.005
32028,MPR,12/3/2013,1015,1.67069,2.16,,2.14,59,23,7.85,61,,,,,,,,<5,8.36,,,,,21.9,,2.17,12,2013,15-Dec-13,,,Mameyes,MPR,,,,0.005
32044,MPR,12/10/2013,1017,1.78396,2.29,,2.18,63,22.6,7.91,58.9,7.59,54.5,0.84,5.08,0.5,1.65,6.85,<5,9.03,1.04,,0.1,,19.53,0.05,4.6,12,2013,15-Dec-13,,,Mameyes,MPR,,,,0.0164
32060,MPR,12/17/2013,1035,,2.2,,,,22.9,7.66,59.8,7.55,15.8,0.82,5.01,0.5,1.62,6.71,<5,6.49,1.08,,0.08,,18.91,0.07,4,12,2013,15-Dec-13,,,Mameyes,MPR,,,,0.0184
32076,MPR,12/24/2013,1020,1.75564,2.29,,2.17,62,21.7,7.91,58.6,7.67,2.5,0.8,5.1,0.49,1.62,6.55,<5,8.36,1.1,,0.04,,19.69,0.03,6,12,2013,15-Dec-13,,,Mameyes,MPR,,,,0.0218
32092,MPR,12/31/2013,1006,1.21762,2.04,,1.99,43,22.6,8.01,63.8,7.64,2.5,0.87,5.3,0.51,1.76,7.57,<5,8.36,1.19,,0.04,,20.79,0.03,3.4,12,2013,15-Dec-13,,,Mameyes,MPR,,,,0.0124
32108,MPR,1/7/2014,918,2.01049,2.29,,2.24,71,22.5,8,61.9,7.92,51.6,0.91,5.43,0.67,1.75,7.22,<5,2,1.58,,0.08,,20.66,0.03,10.82,1,2014,15-Jan-14,,,Mameyes,MPR,,,1.96785486,0.0216
32124,MPR,1/14/2014,1101,0.99109,1.91,,1.9,35,21.4,7.94,66.1,7.99,73.9,0.98,5.71,0.65,1.92,8.03,<5,5.92,0.98,,0.1,,22.92,0.02,1.5,1,2014,15-Jan-14,,,Mameyes,MPR,,,5.381689489,0.0168
32140,MPR,1/21/2014,952,0.70792,1.78,,1.76,25,21.9,8.23,74.6,7.72,93.2,1.08,6.49,0.61,2.3,6.27,<5,2,,,,,21.26,,0.8,1,2014,15-Jan-14,,,Mameyes,MPR,,,6.592694718,0.0567
32156,MPR,1/28/2014,1040,1.55742,2.13,,2.11,55,22.1,8.1,63.1,8.1,68.5,0.95,5.64,0.64,1.87,6.29,7.68,2,,,,,19.99,,12.83,1,2014,15-Jan-14,,,Mameyes,MPR,,,6.618945957,0.0312
32174,MPR,2/4/2014,943,0.93445,1.87,,1.87,33,21.8,8.25,67.4,8.82,70.4,1.02,6.05,0.57,2.01,6.93,7.19,6.83,,,,,17.77,,2.4,2,2014,15-Feb-14,,,Mameyes,MPR,,,30.21881009,0.0294
32190,MPR,2/11/2014,1046,0.8495,1.83,,1.84,30,22.3,8.38,72.9,7.78,75.1,1.15,6.29,0.61,2.19,5.96,<5,9.66,,,,,18.98,,2.1,2,2014,15-Feb-14,,,Mameyes,MPR,,,15.68196317,0.0248
32206,MPR,2/18/2014,1003,1.10436,1.96,,1.95,39,22.1,8.49,74.3,7.94,83.1,1.14,6.47,0.62,2.27,6.1,11.28,8,,,,,18.6,,2.67,2,2014,15-Feb-14,,,Mameyes,MPR,,,14.77421356,0.0254
32222,MPR,2/25/2014,1024,0.79287,1.88,,1.87,28,21.8,8.38,68.7,16.38,79.1,1.45,11.4,0.9,2.35,9.91,<5,5.42,1.32,,0.16,,18.33,0.08,2.2,2,2014,15-Feb-14,,,Mameyes,MPR,,,,0.0878
32238,MPR,3/4/2014,930,0.56634,1.8,,1.78,20,21.2,8.48,69.7,18.7,129.5,1.48,12.97,0.99,2.49,8.1,10.1,8.88,1.17,,0.19,,18.79,0.05,1.6,3,2014,15-Mar-14,,,Mameyes,MPR,,,,0.1059
32254,MPR,3/11/2014,1042,0.90614,2.01,,1.98,32,22,8.46,61.5,7.33,53.2,1,5.96,0.59,1.86,7.65,<5,9.08,1.54,,0.14,,21.92,0.09,7.45,3,2014,15-Mar-14,,,Mameyes,MPR,,,,0.0201
32270,MPR,3/18/2014,957,0.48139,1.74,,1.73,17,22.3,8.83,80.8,8.2,2.5,1.26,7.4,0.69,2.56,9.98,<5,7.52,1.27,,0.1,,28.49,0.1,1.2,3,2014,15-Mar-14,,,Mameyes,MPR,,,,0.0273
32286,MPR,3/25/2014,1009,0.42475,1.7,,1.69,15,22.6,7.76,68.1,8.06,2.5,1.15,7.51,0.68,3.07,11.1,<5,2,,,,,22.4,,1.1,3,2014,15-Mar-14,,,Mameyes,MPR,,,,0.0305
32302,MPR,4/1/2014,946,0.39644,1.72,,1.65,14,23.3,8.18,102.3,8.77,15.8,1.14,7.61,0.7,2.85,6.99,6.89,2,,,,,16.74,,0.8,4,2014,15-Apr-14,,,Mameyes,MPR,,,,0.0326
32318,MPR,4/8/2014,1027,0.65129,1.7,,1.85,23,23.3,7.6,77.8,8.26,59.6,1.14,7.01,0.68,2.78,10.27,11.97,7.43,,,,,21.69,,1.1,4,2014,15-Apr-14,,,Mameyes,MPR,,,,0.0353
32334,MPR,4/15/2014,1218,0.59465,1.71,,1.8,21,23.6,7.7,82.4,8.26,2.5,1.14,7.34,0.72,2.86,11.01,<5,4.55,,,,,,,0.4,4,2014,15-Apr-14,,,Mameyes,MPR,,,,0.0286
32350,MPR,4/22/2014,1038,0.79287,1.85,,1.93,28,23.4,7.56,68.9,8.18,12.2,1.08,6.56,0.65,2.36,7.05,<5,7.14,,,,,24.96,,12,4,2014,15-Apr-14,,,Mameyes,MPR,,,,0.0554
32366,MPR,4/29/2014,941,0,1.68,,1.72,23,23.7,7.68,82.1,7.74,2.5,1.16,7.3,0.69,2.87,8.08,<5,2,,,,,,,0.7,4,2014,15-Apr-14,,,Mameyes,MPR,,,,0.0065
32382,MPR,5/6/2014,1012,0.59465,1.72,,1.8,21,23.7,7.75,76.3,11.2,51.6,1.26,8.89,0.82,2.72,9.63,<5,8.43,,,,,27.82,,1.2,5,2014,15-May-14,,,Mameyes,MPR,,,,0.0713
32398,MPR,5/13/2014,1035,0,,,1.99,54,22.6,7.42,48.7,9.92,83.9,0.88,6.65,0.72,1.93,4.17,9.72,2,,,,,20.4,,6.8,5,2014,15-May-14,,,Mameyes,MPR,,,3.959055828,0.0257
32414,MPR,5/20/2014,1017,0,2.21,,2.33,140,22.9,7.22,49.3,5.85,2.5,0.8,4.03,0.49,1.08,4.35,<5,2,,,,,9.08,,8.33,5,2014,15-May-14,,,Mameyes,MPR,,,,0.0332
32430,MPR,5/27/2014,1001,0,1.79,,1.79,22,23.4,7.7,74.2,7.95,2.5,1.33,6.62,0.73,2.24,8.6,<5,2,,,,,19.93,,0.6,5,2014,15-May-14,,,Mameyes,MPR,,,4.161936777,0.1563
32446,MPR,6/3/2014,918,0,1.62,,1.61,16,23.7,7.9,76.1,7.83,27.1,1.27,6.67,0.77,2.72,9.95,<5,5.85,,,,,25.63,,0.7,6,2014,15-Jun-14,,,Mameyes,MPR,,,11.39583462,0.0292
32462,MPR,6/10/2014,1020,0,1.51,,1.5,16,24.6,7.81,72,7.83,2.5,1.12,6.67,0.83,2.45,7.63,<5,2,,,,,21.7,,0.8,6,2014,15-Jun-14,,,Mameyes,MPR,,,,0.0441
32478,MPR,6/17/2014,935,0,1.38,,1.38,12,24.5,7.92,83.5,8.12,47,1.25,7.44,0.78,2.76,8.37,<5,5.41,,,,,26.58,,0.5,6,2014,15-Jun-14,,,Mameyes,MPR,,,,0.0228
32494,MPR,6/24/2014,1057,0,1.36,,1.52,14,25.6,7.81,82.6,8.16,62.1,1.27,7.21,0.81,2.72,8.37,23.97,7.38,,,,,24.63,,1.1,6,2014,15-Jun-14,,,Mameyes,MPR,,,,0.0263
32510,MPR,7/1/2014,908,0.36812,1.41,,1.42,13,24.5,7.67,84,,,,,,,,<5,2,,,,,25,,1.6,7,2014,15-Jul-14,,,Mameyes,MPR,,,,0.0702
32526,MPR,7/8/2014,937,0.39644,1.43,,1.44,14,24.7,7.91,77.6,,,,,,,,<5,2,,,,,19.06,,0.3,7,2014,15-Jul-14,,,Mameyes,MPR,,,,0.0403
32542,MPR,7/15/2014,908,0,1.41,,1.52,18,24.5,7.67,84,,,,,,,,<5,2,,,,,24.2,,1.9,7,2014,15-Jul-14,,,Mameyes,MPR,,,,0.0507
32558,MPR,7/22/2014,1037,0.45307,1.5,,1.49,16,24.5,7.75,71.3,7.65,89.1,1.28,6.21,0.75,2.17,6.66,<5,7.15,,,,,19.54,,0.8,7,2014,15-Jul-14,,,Mameyes,MPR,,,,0.0518
32574,MPR,7/29/2014,907,0,1.94,,1.95,74,25.2,7.6,82.5,9.18,2.5,1.43,8.74,0.89,3.73,6.6,<5,2,,,,,15.52,,0.7,7,2014,15-Jul-14,,,Mameyes,MPR,,,,0.0448
32590,MPR,8/5/2014,950,2.35029,2.02,,2.27,83,24.5,7.61,60.9,8.02,2.5,1.13,5.65,0.67,1.88,6.74,<5,2,,,,,18.33,,1.71,8,2014,15-Aug-14,,,Mameyes,MPR,,,,0.0564
32604,MPR,8/12/2014,945,0,,,2.1,23,,,,,,,,,,,,,,,,,,,1.3,8,2014,15-Aug-14,,,Mameyes,MPR,,,,
32622,MPR,8/19/2014,1000,0,1.67,,1.69,20,25.1,7.76,75,7.91,59,1.27,6.44,0.74,2.46,7.13,5.99,4.18,0.91,,0.1,,23.06,0.04,0.7,8,2014,15-Aug-14,,,Mameyes,MPR,,,,0.0177
32638,MPR,8/26/2014,1012,1.21762,1.76,,1.72,43,24.5,7.82,63.1,7.4,2.5,1.2,5.91,0.69,2.02,7.67,8.33,2,1.14,,0.04,,20.89,0.02,1.6,8,2014,15-Aug-14,,,Mameyes,MPR,,,,0.0095
32652,MPR,9/2/2014,926,0.93445,1.6,,1.59,33,24.4,7.74,69.2,7.35,2.5,1.19,6.18,0.68,2.3,8.6,10.45,2,1.17,,0.04,,13.46,0.02,0.9,9,2014,15-Sep-14,,,Mameyes,MPR,,,,0.0177
32668,MPR,9/9/2014,907,1.27426,1.75,,1.74,45,24.1,7.77,61.8,6.45,57.5,1.09,5.59,0.59,1.86,7.85,8.75,9.19,,,,,19.98,,1.1,9,2014,15-Sep-14,,,Mameyes,MPR,,,,0.0409
32684,MPR,9/16/2014,932,0.73624,1.48,,1.48,26,24.2,7.85,72.6,7.28,68.6,1.2,6.66,0.65,2.2,7.7,<5,5.13,,,,,23.79,,1,9,2014,15-Sep-14,,,Mameyes,MPR,,,,0.0301
32700,MPR,9/23/2014,1045,1.55742,1.92,,1.86,55,24.5,7.78,49.3,6.21,64.2,0.94,5.12,0.8,1.51,6.11,14.11,5.29,,,,,15.22,,2.8,9,2014,15-Sep-14,,,Mameyes,MPR,,,,0.0311
32716,MPR,9/30/2014,928,0.87782,1.57,,1.56,31,24.2,7.89,69.4,6.9,74.2,1.19,6.35,0.63,2.22,8.04,8.44,5.77,,,,,,,-0.1,9,2014,15-Sep-14,,,Mameyes,MPR,,,,0.0286
32732,MPR,10/7/2014,840,0.56634,1.38,,1.38,20,24.4,8.01,79.6,7.45,83.2,1.28,7.14,0.7,2.46,9.39,<5,5.98,,,,,26.82,,1.2,10,2014,15-Oct-14,,,Mameyes,MPR,,,,0.037
32748,MPR,10/14/2014,949,1.38752,1.82,,1.79,49,23.7,8.04,60.5,6.96,2.5,1.08,5.78,0.65,1.83,7.37,<5,2,,,,,11.36,,3.7,10,2014,15-Oct-14,,,Mameyes,MPR,,,,0.0647
32764,MPR,10/21/2014,1012,0.5097,1.32,,1.33,18,24.3,8.3,72.4,,,,,,,,,,,,,,,,0.8,10,2014,15-Oct-14,,,Mameyes,MPR,,,,0.0761
32780,MPR,10/28/2014,927,0.42475,1.25,,1.26,15,24.5,8.09,80.6,,,,,,,,,,,,,,,,0.1,10,2014,15-Oct-14,,,Mameyes,MPR,,,,0.0242
32796,MPR,11/4/2014,1035,2.09544,2.06,,2.04,74,23.6,8,62.1,,,,,,,,,,,,,,,,4.7,11,2014,15-Nov-14,,,Mameyes,MPR,,,,0.0189
32812,MPR,11/11/2014,848,0.87782,1.61,,1.56,31,24,8.1,64.7,,,,,,,,,,,,,,,,0.7,11,2014,15-Nov-14,,,Mameyes,MPR,,,,0.005
32828,MPR,11/18/2014,1007,0.82119,1.54,,1.53,29,23.8,8.33,67.5,,,,,,,,,,,,,,,,0.6,11,2014,15-Nov-14,,,Mameyes,MPR,,,,0.005
32844,MPR,11/25/2014,940,4.53069,2.63,,2.56,160,23.5,8.16,56.5,3.59,34.2,0.24,2.03,0.33,0.3,0.42,<5,,1.78,,0.1,,23.14,0.06,13.8,11,2014,15-Nov-14,,,Mameyes,MPR,,,,0.005
32860,MPR,12/2/2014,1037,1.69901,1.94,,1.91,60,22.9,8.69,53.6,9.2,100.8,0.77,7.51,0.82,2.58,4.26,8.86,,1.99,,0.12,,,0.01,3.2,12,2014,15-Dec-14,,,Mameyes,MPR,,,,0.0495
,,,,,,,,,,,,,,,,,,,,,,,,,,,,,,,,,,,,,8.063072818,0.0302
,,,,,,,,,,,,,,,,,,,,,,,,,,,,,,,,,,,,,2.586661992,0.0241
,,,,,,,,,,,,,,,,,,,,,,,,,,,,,,,,,,,,,,0.0343
,,,,,,,,,,,,,,,,,,,,,,,,,,,,,,,,,,,,,8.84756664,0.0264
