Code,Sample_ID,Sample_Date,Sample_Time,CMS,USGS_STAGE,CFS,DOC_mg_L,DIC_mg_L,TDN_mg_L,DON_mg_L,TSS_mg_L,NH4-N_ug_L,PC,PN,Cl_mg_L,NO3-N_ugN_L),SO4-S_mg_L,F_mg_L,F Kg,Na_mg_L,K_mg_L,Mg_mg_L,Ca_mg_L,PO4-P_ug_P_L,TDP_ug_P_L,SiO2_mg_L
903900000,RP,1/15/2009,,0.7928704,,28,2.602050561,,1.214671379,0.17835735,,226.6211779,,,21.18815324,809.6928512,4.22,,,19.17275295,2.908726713,8.184736015,13.0578,21.37044436,,
903910000,RP,1/22/2009,,1.7556416,,62,2.300174586,,1.751186457,0.210006965,,544.2805771,,,34.43304411,996.8989155,5.37,,,27.74732871,3.361048093,11.86330883,16.1734,31.56568456,,
903920000,RP,1/29/2009,,1.0194048,,36,2.665183321,,1.270770149,0.309228866,,189.8037163,,,28.77449641,771.7375665,4.44,,,23.83696431,3.139833691,10.78888463,18.8202,31.92809581,,
903930000,RP,2/5/2009,,0.7362368,,26,1.816537839,,1.229731452,0.261967652,,172.5408494,,,26.36252863,795.2229501,4.05,,,21.47558556,2.483249915,9.915913008,15.6881,37.48054951,,
903940000,RP,2/12/2009,,0.8211872,,29,2.578881389,,1.465045083,0.314096046,,307.5713273,,,26.91651417,843.3777092,4.06,,,22.28691186,2.807049242,10.22561882,16.9743,28.94603239,,
903950000,RP,2/19/2009,,0.7928704,,28,2.011463096,,1.380708677,0.140808126,,257.6113685,,,34.58154316,982.2891829,4.92,,,26.22669422,3.065028098,11.79466559,23.7265,44.87090815,,
903960000,RP,2/26/2009,,0.7362368,,26,2.30548655,,1.424382887,0.239713107,,124.8243684,,,34.90721576,1059.845412,5.15,,,26.7510985,3.071524926,11.93948812,18.1432,47.08130997,,
903970000,RP,3/9/2009,,0.6229696,,22,2.157981943,,1.582513647,0.18884201,,248.2743135,,,34.46873641,1145.397323,5.16,,,26.29177431,3.383916101,11.32353401,18.1884,44.47634539,,
903980000,RP,3/26/2009,,0.6229696,,22,2.486163744,,1.840417386,0.238330792,,686.3214784,,,27.20049006,915.7651161,4.13,,,19.52731787,2.823332287,8.445813243,17.4095,70.93469682,,
903990000,RP,4/2/2009,,0.6512864,,23,2.753041811,,1.818956783,0.265753828,,461.3560624,0.73924,0.08152,31.09246688,1091.846893,4.62,,,24.81263465,3.556682334,10.87121062,25.3402,148.8237994,,
904000000,RP,4/16/2009,,0.5380192,,19,2.581468836,,1.689816663,0.252388403,,272.091237,0.9386,0.08502,33.69742594,1165.337023,5.13,,,25.58334866,3.286561269,11.49691422,22.1617,54.06055804,,
904010000,RP,5/7/2009,,0.6512864,,23,3.193630247,,1.620916832,0.386593648,,556.6717598,1.96752,0.20438,22.206127,677.6514235,3.57,,,17.9596672,3.051651641,7.185850357,17.6789,141.2313576,,
904020000,RP,5/14/2009,,1.6423744,,58,3.531908721,,1.649907471,0.297926583,,651.3885908,1.75742,0.16092,24.43579416,700.5922973,4.73,,,20.51329905,3.327559652,9.499944809,19.3559,45.08298365,,
904030000,RP,5/28/2009,,0.9344544,,33,1.961459062,,1.239143997,0.01,,89.02986313,,,31.55364473,1058.608676,4.85,,,24.16016784,3.110220239,11.16309671,23.3327,38.79643316,,
904040000,RP,6/5/2009,,0.849504,,30,2.449798983,,1.093061295,0.211284896,,147.1789023,,,24.5651917,734.597497,4.13,,,19.74731279,2.973370161,8.924786012,17.3172,19.41458673,,
904050000,RP,6/11/2009,,0.7645536,,27,45.50733949,,1.780553599,0.34231428,,201.7023522,,,34.44838302,1236.536967,4.92,,,27.06556817,3.960245776,11.50899536,15.5587,47.81316131,,
904060000,RP,6/18/2009,,0.849504,,30,2.048338328,,1.286206723,0.245906866,,142.5003792,,,31.35864937,897.7994776,4.43,,,23.52115523,3.211168279,10.77570647,22.2245,40.7935418,,
904070000,RP,6/25/2009,,0.6796032,,24,3.675707013,,1.515496325,0.268128772,,643.8443974,,,32.0851849,603.523156,4.25,,,23.85129379,3.342379627,10.50291794,24.0621,75.80652082,,
904080000,RP,7/2/2009,,0.70792,,25,2.573618924,,1.104732851,0.224179876,,211.5814536,,,32.28039298,668.9715213,4.09,,,23.69078329,3.06812718,10.25084799,19.131,54.77735456,,
904090000,RP,7/8/2009,,0.6796032,,24,6.027818462,,0.915728943,0.214752149,,74.80026653,,,24.8120559,626.1765276,3.77,,,19.54572075,4.209902692,8.138010965,24.3902,284.4531309,,
904100000,RP,7/16/2009,,0.6512864,,23,1.950400628,,0.972580716,0.175464176,,84.74718857,,,30.82079548,712.3693519,4.28,,,23.4093321,3.11839681,9.982399664,23.6986,61.562508,,
904110000,RP,7/23/2009,,0.991088,,35,4.027987123,,1.253,0.01,,214.2044611,0.6029,0.05618,30.6401156,946.9229138,5.87,,,22.92467208,4.538920279,10.39037714,22.2693,25.91304938,,
904120000,RP,7/30/2009,,0.849504,,30,1.69635437,,1.132970487,0.132675907,,115.6568576,0.44996,0.0407,31.78558449,884.6377221,4.68,,,23.55871404,3.233336864,10.52848228,27.0336,61.98061274,,
949010000,RP,8/6/2009,,0.849504,,30,9.918447136,,1.41333227,0.405089138,,126.2431325,0.71634,0.0663,21.0924,882,4.74,,,18.0948,5.3132,7.8303,29.4573,67.39910126,,20.83609962
948980000,RP,8/13/2009,,1.5291072,,54,6.217050815,,1.691802443,0.659702443,,352.7,2.6416,0.252085714,21.3842,679.4,4.27,,,17.909,3.4928,7.3461,15.8224,75.30599976,,19.20739937
948870000,RP,8/20/2009,,1.982176,,70,9.597898295,,11.29389818,1.86285118,,9429.647,,,37.6413,2.5,4.95,,,29.4791,5.0064,9.1246,30.4849,792.9273071,,28.07349968
948790000,RP,8/27/2009,,0.6512864,,23,10.35778761,,7.317583292,1.104695292,,6210.988,17.21747,2.556933,37.6785,2.5,4.84,,,30.0551,5.0243,9.1023,27.5241,444.8788147,,27.99749947
948920000,RP,9/3/2009,,1.6423744,,58,8.56648526,,8.628784872,0.839289872,,7556.795,,,34.0257,232.7,4.72,,,26.0061,5.0669,8.9337,24.2098,463.1817017,,28.96080017
948830000,RP,10/6/2009,,,,,4.444604284,,2.364487292,1.030287292,,880.4,6.856248276,1.168027586,34.2507,453.8,5.35,,,28.0898,4.0088,11.7806,25.8853,110.8869019,,39.34840012
948910000,RP,10/14/2009,,,,,4.14668242,,2.261982934,1.037382934,,830.7,0.89442,0.0768,32.8343,393.9,4.61,,,26.9885,3.6844,10.8726,22.5875,124.2114029,,38.74639893
949080000,RP,10/20/2009,,,,,5.208264757,,2.112070311,0.442950065,,1307.520246,,,29.7115,361.6,3.73,,,25.0614,3.9888,9.8092,24.6378,150.2747955,,33.44739914
949020000,RP,10/27/2009,,,,,5.347797782,,1.780639553,0.581757229,,872.082324,2.31384,0.24692,17.8649,326.8,2.75,,,15.8928,2.9229,5.7937,18.2385,119.6723022,,15.09440041
948960000,RP,11/3/2009,,,,,3.588550321,,3.124300846,0.336869846,,2213.631,1.69224,0.1884,31.8697,573.8,4.35,,,23.8171,3.1422,9.6512,21.0079,160.378006,,31.93939972
949050000,RP,11/10/2009,,7.0225664,,248,4.591679634,,2.169301911,0.434540187,,1518.661723,0.82446,0.08688,30.4179,216.1,4.2,,,24.4524,4.0191,10.0776,32.1559,211.0404968,,15.00730133
948930000,RP,11/17/2009,,1.8972256,,67,4.66521731,,1.71102201,0.76352201,,771.8,2.62208,0.3672,30.7608,175.7,4.03,,,24.2934,3.2894,9.7647,20.5859,145.0036011,,33.97999954
948810000,RP,11/24/2009,,0.5380192,,19,6.846835008,,1.549150545,0.535850545,,265.5,0.7509,0.09144,22.8952,747.8,4.49,,,19.5892,3.7551,8.7358,28.3616,88.48410034,,26.23559952
948950000,RP,12/1/2009,,0.5097024,,18,5.417564295,,2.332881782,0.820681782,,600.7,0.76412,0.09282,23.7423,911.5,5.8,,,20.7931,3.7068,9.5871,23.8008,85.55560303,,23.40279961
949000000,RP,12/8/2009,,0.4530688,,16,4.8386908,,2.28376511,1.10166511,,806.2,1.22824,0.15044,34.7002,375.9,4.42,,,28.0396,4.0028,11.1806,23.0132,136.6573944,,34.6269989
949040000,RP,12/15/2009,,0.5097024,,18,3.971323348,,2.444782373,0.331830791,,1751.251582,,,32.7953,361.7,4.36,,,28.2514,3.6768,10.9558,36.6019,580.9061279,,38.17599869
948990000,RP,12/22/2009,,0.3964352,,14,5.623092669,,1.57648504,0.56888504,,209.6,,,28.0953,798,3.54,,,18.7689,4.1018,7.9195,23.0994,90.68049622,,24.28370094
948850000,RP,12/29/2009,,0.5380192,,19,3.156752176,,1.606382144,0.408382144,,150.2,0.6665,0.03292,31.55,1047.8,4.67,,,23.6174,3.5629,10.0554,23.581,114.8403015,,36.87680054
948840000,RP,1/5/2010,,0.5097024,,18,4.208906607,,1.542316921,0.428316921,,219.9,,,30.03,894.1,5.73,,,25.09,3.8115,11.2981,25.8119,95.07319641,,32.56679916
948940000,RP,1/19/2010,,,,,3.456559622,,1.72255375,0.54585375,,192.6,,,32.1965,984.1,5.02,,,26.1399,3.3324,11.1241,24.9535,97.26950073,,34.60739899
948800000,RP,1/26/2010,,,,,3.754481485,,1.590579389,0.402379389,,178.3,,,33.0884,1009.9,4.9,,,27.0188,3.3001,11.2349,22.5155,105.4692001,,35.38750076
948900000,RP,2/2/2010,,0.70792,,25,3.775222881,,1.402227631,0.314427631,,164,,,32.7073,923.8,4.5,,,26.8624,3.6589,10.7478,21.5568,107.5190964,,34.08840179
948890000,RP,2/9/2010,,0.5380192,,19,3.053045198,,1.396248211,0.349948211,,172.7,,,32.3439,873.6,4.39,,,26.2826,2.8708,10.1067,18.2177,155.8388977,,35.45090103
949060000,RP,2/16/2010,,0.3114848,,11,3.679058229,,1.321078348,0.371627337,,156.3510113,,,27.5857,793.1,5.01,,,23.7051,4.0027,10.6184,29.2443,88.0447998,,34.24679947
948880000,RP,2/23/2010,,1.0194048,,36,3.775222881,,1.567088807,0.428688807,,256.5,0.73896,0.07362,24.4316,881.9,4.09,,,20.6301,3.0545,8.5473,21.0341,88.19129944,,29.80999947
948970000,RP,3/2/2010,,1.557424,,55,3.377365202,,1.555129965,0.442829965,,125,1.13812,0.123,29.325,987.3,5.8,,,25.1144,3.0197,11.349,23.2591,82.18789673,,34.0243988
949030000,RP,3/9/2010,,1.1609888,,41,2.913512174,,1.51626373,0.388948745,,140.9149843,0.62218,0.17084,31.9524,986.4,5.06,,,28.3516,3.2881,12.2174,27.4437,103.4192963,,41.4715004
948820000,RP,3/16/2010,,0.9061376,,32,2.704212636,,1.309973709,0.299173709,,146.3,,,33.3609,864.5,4.62,,,27.4459,2.7625,11.1323,27.0965,176.7774048,,37.89080048
949090000,RP,3/23/2010,,0.5946528,,21,9.533788527,,1.514555324,0.667293836,,76.06148774,,,25.1425,771.2,4.09,,,20.4675,3.3189,8.2595,27.3533,104.5906982,,22.62960052
948860000,RP,4/6/2010,,1.840592,,65,4.629391263,,1.079766005,0.300266005,,149.5,,,23.0719,630,3.48,,,19.4004,3.1044,6.0184,26.0915,324.6651001,,21.08329964
949070000,RP,4/13/2010,,0.6229696,,22,2.757008916,,1.608944753,1.375866701,,128.3780524,,,33.3331,104.7,4.9,,,27.0063,3.247,11.1356,48.4573,136.2182007,,33.8348999
997200000,RP,4/20/2010,,2.1803936,,77,2.988478332,,1.474425008,0.214428498,,690.4965098,,,26.7006,569.5,4.3313,,,21.6098,3.071,9.0802,7.1866,49.1267,,28.03470039
997210000,RP,4/27/2010,,1.0760384,,38,3.234400797,,1.424527502,0.267284801,,216.0427015,,,31.4386,941.2,5.3643,,,25.6687,3.5271,11.1929,14.9562,31.4367,,28.54430008
997220000,RP,5/4/2010,,3.0582144,,108,3.404565156,,1.07808466,0.343570783,,187.7138767,1.32766,0.4536,20.7134,546.8,3.8866,,,17.9062,2.5982,7.3013,16.3467,30.0759,,17.18420029
997230000,RP,5/11/2010,,1.1043552,,39,4.089884629,,1.231022542,0.34576246,,172.360082,,,22.7156,712.9,4.1329,,,19.6961,2.8473,8.6634,15.7444,34.6685,,23.40929985
997240000,RP,5/18/2010,,3.6245504,,128,3.387082516,,1.002224225,0.332132573,,285.8916515,,,13.4004,384.2,2.5591,,,12.9331,2.0474,5.3613,11.8961,33.6479,,14.1651001
997250000,RP,5/25/2010,,1.1043552,,39,2.932533886,,1.117434725,0.284769798,,117.8649266,1.10832,0.57058,23.6043,714.8,4.0761,,,19.7823,2.7275,9.1914,17.8811,35.1788,,24.44790077
997260000,RP,6/1/2010,,,,,3.214587138,,0.980723673,0.255992569,,92.13110462,,,21.5394,632.6,4.1588,,,19.317,2.6268,8.8072,14.5933,28.545,,22.66749954
997270000,RP,6/8/2010,,0.7928704,,28,2.409220206,,1.097151186,0.228185125,,73.96606089,,,28.7384,795,5.5585,,,24.3385,2.8149,10.0071,11.5998,29.0553,,30.20219994
997280000,RP,6/15/2010,,1.2176224,,43,4.169139262,,1.066725878,0.297572302,,80.45357593,,,19.5752,688.7,3.9606,,,16.7767,2.9712,7.7086,10.0696,25.6469,,22.46100044
997290000,RP,6/22/2010,,1.982176,,70,3.938368419,,0.960034464,0.338607078,,102.7273862,,,15.4382,518.7,3.694,,,15.3958,2.5619,7.6292,11.8798,22.4215,,19.49360085
997300000,RP,6/29/2010,,1.0194048,,36,2.430199374,,1.322298467,0.561650768,,213.4476987,,,14.8928,547.2,3.1053,,,13.968,2.5075,7.1478,13.9164,32.2872,,30.43440056
997310000,RP,7/7/2010,,1.2176224,,43,3.776362625,,1.21398437,0.238709997,,364.1743728,,,14.83,611.1,3.09,,,22.811,2.6907,10.7478,20.5347,54.2296,,21.13209915
997320000,RP,7/13/2010,,1.0760384,,38,2.515281553,,1.289033463,0.688789874,,85.64358958,,,18.3312,514.6,3.6751,,,16.6203,3.6629,8.3585,15.2575,35.3489,,29.37000084
997330000,RP,7/20/2010,,2.9449472,,104,4.757721463,,0.977478307,0.502399531,,153.9787759,1.579525,0.6355,10.5032,321.1,1.75,,,9.8564,2.166,4.9652,11.932,23.4421,,20.19029999
997340000,RP,7/27/2010,,1.41584,,50,4.955858046,,0.75395371,0.074911442,,60.34226803,,,18.3095,618.7,3.1385,,,16.4941,1.8471,7.5259,14.556,35.1788,,13.60389996
997350000,RP,8/3/2010,,3.4263328,,121,2.399896132,,0.979912332,0.408758713,,97.75361872,7.4508,1.86048,7.2313,473.4,1.7815,,,7.1237,2.0487,3.1963,12.4594,39.4312,,19.64839935
997360000,RP,8/10/2010,,1.1043552,,39,4.053753841,,1.203436929,0.01,,300.8129377,,,26.3846,839.1,4.9423,,,22.2719,2.8873,10.7756,15.6968,85.6975,,22.65600014
997370000,RP,8/17/2010,,1.0477216,,37,3.460509603,,1.196946197,0.316037368,,173.0088286,,,23.7792,707.9,3.8284,,,20.6843,2.378,8.9497,17.7232,34.8386,,24.80270004
997380000,RP,8/24/2010,,0.9344544,,33,2.151642649,,1.346638713,0.241079672,,250.8590413,,,26.2642,854.7,4.2657,,,22.9211,2.5808,10.775,16.2926,55.5904,,33.85990143
997390000,RP,8/31/2010,,3.256432,,115,3.391744553,,1.139340947,0.384510578,,274.4303691,3.79008,0.91824,14.9534,480.4,3.0502,,,13.2789,2.2505,5.9592,16.8358,51.8483,,13.75230026
997400000,RP,9/7/2010,,2.7750464,,98,3.342793162,,1.108509968,0.362881902,,344.9280658,6.35488,1.9176,11.4364,400.7,1.9822,,,10.7593,1.957,4.6034,14.6615,88.7593,,12.46210003
997410000,RP,9/14/2010,,1.0760384,,38,2.410385715,,0.865513173,0.211404481,,121.1086922,,,16.664,533,3.3543,,,15.5334,2.0728,8.3892,17.8125,32.2872,,26.28000069
997420000,RP,9/21/2010,,,,,3.070063984,,1.170983267,0.342378345,,114.4049229,,,17.724,714.2,3.6158,,,16.9912,2.7594,8.6679,18.3242,40.47518,,21.7772007
997430000,RP,9/28/2010,,1.1609888,,41,2.074719034,,1.18802144,0.23701152,,111.8099201,,,25.6384,839.2,4.7802,,,23.5343,2.6425,11.4373,13.3195,35.8592,,30.55050087
997440000,RP,10/5/2010,,0.991088,,35,2.169125288,,1.187210098,0.192316347,,146.1937514,,,24.39,848.7,4,,,20.9453,2.3697,9.7541,10.9468,42.8332,,29.87319946
997450000,RP,10/12/2010,,1.0760384,,38,2.669128782,,1.839123035,0.395168793,,764.4542424,,,20.5655,679.5,3.8446,,,23.6358,2.6542,10.2873,11.3821,82.6358,,30.59569931
997460000,RP,10/19/2010,,0.9344544,,33,1.666790776,,1.422904819,0.714311103,,128.8937167,,,17.5727,579.7,3.3136,,,23.3979,2.6856,10.3704,12.0956,39.6013,,37.22729874
997470000,RP,10/26/2010,,0.7645536,,27,1.735555826,,1.366922252,0.538060993,,145.761259,,,20.6695,683.1,3.8515,,,22.9956,2.633,10.7675,14.0439,47.766,,32.86640167
997480000,RP,11/2/2010,,0.849504,,30,2.653977161,,1.371384631,0.286859411,,225.1252193,,,23.0168,859.4,3.6387,,,21.6847,2.4588,10.1399,10.9696,45.5547,,29.5571003
997490000,RP,11/9/2010,,0.7928704,,28,2.954678563,,1.223314798,0.283534845,,127.379953,,,22.1184,812.4,3.4367,,,20.378,2.7194,9.5098,14.4847,49.9772,,25.51880074
997500000,RP,11/16/2010,,1.8972256,,67,1.945725706,,1.016,0.118171199,,162.6288013,,,18.59,735.2,2.94,,,22.0733,2.4489,10.3623,12.2987,46.2351,,32.8470993
997510000,RP,11/23/2010,,2.4918784,,88,2.616555924,,0.851,0.203138639,,180.3613607,3.191253333,0.70304,17.34,467.5,2.33,,,23.1859,2.6974,10.5646,17.485,39.6013,,14.88759995
997520000,RP,11/30/2010,,0.8211872,,29,2.354108312,,2.205,0.590245057,,564.8549433,,,28.6638,1049.9,4.3157,,,24.9117,2.3477,11.7981,19.0039,57.3829,,36.27249908
1064340000,RP,12/7/2010,,0.7928704,,28,2.503836612,,1.786363413,0.347672844,,296.4905693,,,30.2351,1142.2,4.349,,,26.9455,2.68,11.309,23.2304,70.72029877,,37.30419922
997530000,RP,12/14/2010,,0.7928704,,28,3.30268578,,2.152,0.333611901,,807.4880992,,,30.8677,1010.9,4.4255,,,26.1872,2.5173,12.2641,16.4513,60.1276,,33.31150055
997540000,RP,12/21/2010,,1.1893056,,42,3.962923943,,1.266,0.350489842,,198.3101582,,,21.3663,717.2,3.0763,,,18.2898,2.1062,8.0297,12.0936,36.461,,20.04840088
997550000,RP,12/28/2010,,0.23786112,8.19,8.4,3.180288687,,1.425,0.415605994,,232.6940057,,,23.5133,776.7,3.5968,,,19.9151,2.7038,9.2411,16.6509,21.66399956,,36.22090149
997560000,RP,1/4/2011,,0.9061376,,32,2.582425966,,2.101,0.549241648,,892.2583516,0.85012,0.1727,18.6351,659.5,2.9452,,,15.6552,1.8712,7.5121,16.5044,36.29069901,,29.37000084
997570000,RP,1/11/2011,,0.7645536,,27,8.529277011,,2.426,0.611341941,,1394.858059,,,17.4836,419.8,2.3107,,,14.2067,2.0215,5.3978,12.9314,86.38179779,,36.15169907
1064500000,RP,1/18/2011,,0.7928704,,28,4.546187656,,2.396669219,0.31750125,,1553.667969,,,35.7365,525.5,4.7786,,,29.004,3.5603,11.4228,28.5002,179.0503998,,36.26250076
1064080000,RP,1/25/2011,,0.7362368,,26,3.063674528,,1.805969956,0.329228921,,549.3410357,,,35.0816,927.4,4.6471,,,28.4121,3.0503,11.3724,20.3943,62.20320129,,42.07580185
1064480000,RP,2/1/2011,,0.7362368,,26,3.647998396,,2.415441441,0.278816393,,1061.925049,,,37.4105,1074.7,5.084,,,30.3578,3.2979,11.3474,24.0029,156.2341003,,41.04349899
1064100000,RP,2/8/2011,,0.70792,,25,5.127172531,,2.833436259,0.32245035,,1587.685909,,,36.7803,923.3,4.7404,,,29.583,3.6868,10.7561,26.6783,186.1372986,,39.95880127
1064140000,RP,2/15/2011,,0.7645536,,27,4.330266075,,1.374208843,0.27446204,,455.5468023,,,26.2579,644.2,3.9035,,,21.329,3.0071,8.1726,21.829,70.15429688,,28.68440056
1064020000,RP,2/22/2011,,0.6512864,,23,4.323588088,,2.413355639,0.459567017,,1074.788622,,,32.6363,879,4.667,,,26.0598,3.2214,9.792,28.9139,133.5906067,,33.27870178
1063990000,RP,3/1/2011,,0.5380192,,19,3.565636556,,2.536835146,0.345405237,,1267.229909,,,41.3475,924.2,5.1526,,,32.1575,3.2475,11.7343,25.7672,129.9606934,,40.22750092
1064520000,RP,3/8/2011,,0.5946528,,21,7.182879549,,2.879741074,0.348078134,,1569.262939,,,55.9042,962.4,5.2075,,,37.8446,5.665,11.4052,22.134,99.53900146,,33.67770004
1063980000,RP,3/15/2011,,0.8211872,,29,4.89010399,,1.299119953,0.353891269,,255.928684,,,33.2437,689.3,4.4384,,,26.2014,2.8887,9.8815,21.0543,67.77619934,,31.39119911
1064120000,RP,3/22/2011,,0.6796032,,24,5.052601675,,1.581120449,0.373359235,,393.5612136,,,32.1742,814.2,4.0344,,,25.1459,2.9954,8.6578,21.8505,89.85929871,,26.1439991
1064540000,RP,3/29/2011,,0.5097024,,18,4.311345111,,2.436299466,0.281726444,,1300.473022,,,41.1199,854.1,5.2356,,,32.0164,3.3225,11.2076,30.3971,189.7671967,,36.63209915
1064010000,RP,4/5/2011,,0.5380192,,19,4.351413034,,2.170985391,0.288160456,,1141.524935,,,40.6236,741.3,5.3395,,,31.4167,3.3686,11.5346,28.9863,181.4703064,,38.81539917
1064380000,RP,4/12/2011,,0.5380192,,19,3.546715592,,2.05292897,0.307525076,,907.303894,,,41.8935,838.1,5.3879,,,32.6385,3.4298,11.7513,19.012,82.77249908,,36.66569901
1063970000,RP,4/19/2011,,0.7645536,,27,3.567862551,,1.346259089,0.242211945,5.8,374.0471445,,,40.4384,730,5.4082,,,30.7611,3.3519,11.4079,22.934,65.83309937,,36.67620087
1063960000,RP,4/26/2011,,0.6229696,,22,5.595744623,,1.376711806,0.431173593,12.9,192.8382127,,,32.8198,752.7,4.835,,,25.3489,3.2464,9.299,26.145,88.99510193,,32.78929901
1064050000,RP,5/3/2011,,0.6512864,,23,4.221192286,,2.362879219,0.458981074,8.5,1093.698145,,,38.7263,810.2,6.58,,,28.5952,3.7417,10.5604,31.5692,112.1570969,,29.96509933
1064000000,RP,5/10/2011,,0.5380192,,19,3.853902997,,3.393682805,0.01,13.8,2229.314007,,,43.4741,860.2,5.4604,,,32.7776,3.8065,11.3272,24.9686,157.0982971,,31.79330063
1064070000,RP,5/17/2011,,14.441568,,510,5.86063811,,1.92652934,0.417076781,102,1100.952559,,,18.2704,408.5,3.2634,,,15.0964,2.721,5.2666,16.0839,117.5155029,,14.3427
1064400000,RP,5/24/2011,,1.8122752,,64,4.604063544,,1.752573413,0.291334485,23.2,657.3389282,,,24.3288,803.9,4.8837,,,19.6875,3.1553,9.0924,32.3719,106.1072998,,29.665458
1064110000,RP,5/31/2011,,2.5768288,,91,4.17778537,,1.632014029,0.382353035,14.4,466.1609942,,,24.9842,783.5,4.4807,,,20.6258,2.9463,8.5604,33.1746,83.46389771,,28.27440071
1064160000,RP,6/7/2011,,4.3607872,,154,2.973521703,,1.309966126,0.199311799,47.4,216.5543269,,,26.2642,894.1,5.0426,,,22.8725,2.7341,10.5885,17.7661,25.04030037,,29.68569946
1064230000,RP,6/21/2011,,1.699008,,60,4.287207248,,1.293459675,0.327246746,35,504.9129289,,,15.0739,461.3,3.0807,,,14.6762,2.0626,7.1257,20.3141,58.05479813,,33.33254
1064130000,RP,6/28/2011,,1.1609888,,41,3.868371969,,1.701679832,0.241198799,9,885.5810335,,,20.8678,574.9,3.3431,,,17.4211,2.3129,7.3486,25.288,112.5028,,29.65209961
1064170000,RP,7/5/2011,,1.132672,,40,3.529871826,,1.513178694,0.238406371,12.4,447.9723236,,,27.6733,826.8,4.1484,,,24.4205,2.8545,10.012,9.5207,21.90500069,,28.40880013
1064040000,RP,7/12/2011,,1.0194048,,36,3.683614327,,1.51520909,0.312932429,19.2,407.6766618,,,28.0462,794.6,3.4797,,,22.3572,2.7996,8.5254,11.9816,26.76880074,,28.23839951
1064300000,RP,7/19/2011,,1.5291072,,54,4.438456707,,1.292630547,0.325984191,18.5,305.3463561,,,20.0635,661.3,3.8597,,,18.9303,2.8961,8.3637,24.8261,49.01160049,,22.28639984
1064260000,RP,7/26/2011,,0.7928704,,28,3.854133256,,1.625525589,0.322151426,12,399.4741628,,,28.8506,903.9,4.5474,,,26.0545,3.0514,11.0623,27.0147,68.25299835,,31.12389946
1064060000,RP,8/2/2011,,10.0807808,,356,8.120023734,,1.096379952,0.472934329,267,239.8456229,,,12.4967,383.6,1.9155,,,10.4754,3.1534,4.7097,17.539,54.42490005,,14.90699959
1064330000,RP,8/9/2011,,1.6706912,,59,4.12102248,,1.839759957,0.315683165,12,546.5767915,,,29.5261,977.5,4.5244,,,25.6666,3.1207,10.458,11.6313,31.09000015,,33.04600143
1064250000,RP,8/16/2011,,2.1520768,,76,3.493963681,,1.060889166,0.322308589,99.76470588,212.3805774,,,17.2798,526.2,2.8089,,,15.422,1.9181,6.4123,21.7796,77.5868988,,18.43549919
1064450000,RP,8/23/2011,,17.414832,,615,5.094895594,,1.058835508,0.395612604,192.4,199.5229034,,,10.7048,463.7,2.5914,,,10.053,2.5725,4.8753,20.6454,57.33890152,,12.62889957
1064320000,RP,8/30/2011,,2.5768288,,91,2.99021667,,1.633265511,0.283535077,7.1,485.8304338,,,29.2725,863.9,4.5338,,,25.5491,2.605,10.8807,12.1012,32.63769913,,30.21660042
1064310000,RP,9/6/2011,,2.265344,,80,3.146851612,,1.187331243,0.167326711,11.6,142.6045321,,,22.25,877.4,4.4796,,,21.0859,2.684,11.2111,19.404,46.12810135,,31.41290092
1064280000,RP,9/13/2011,,3.1997984,,113,4.791009404,,1.064620244,0.251159022,172.5714286,338.6612213,,,14.2184,474.8,2.3025,,,13.7923,2.1555,5.5774,15.3019,68.94439697,,15.94890022
1064470000,RP,9/20/2011,,2.973264,,105,5.124946535,,1.299537114,0.312813921,24.375,370.5231934,,,19.003,616.2,2.9819,,,16.6523,2.9459,7.3437,23.1694,57.0177002,,17.63579941
1064270000,RP,9/27/2011,,2.12376,,75,3.796462599,,1.376787077,0.260041906,32.2,474.9451707,,,19.8465,641.8,3.2157,,,19.99,2.4409,8.7007,26.1171,78.17500305,,26.31870079
1064290000,RP,10/4/2011,,3.4829664,,123,4.34378978,,1.432338678,0.309982559,80.90909091,489.3561185,,,17.7666,633,2.9855,,,17.1209,2.3512,6.9454,27.7062,92.54509735,,21.79579926
1064150000,RP,10/11/2011,,1.6140576,,57,2.312400983,,1.793037981,0.20455001,6.7,561.9879712,,,35.3448,1026.5,4.678,,,28.4349,2.6821,11.5947,38.0855,83.29100037,,36.53129959
1064530000,RP,10/18/2011,,1.6140576,,57,3.236189194,,1.528558226,0.232831713,21.2,593.9265137,,,20.8043,701.8,3.1734,,,17.8874,2.2717,7.9253,20.9057,72.082901,,28.41550064
1064350000,RP,10/25/2011,,2.12376,,75,2.959052731,,1.219859459,0.216950572,44.83333333,325.6088867,,,19.3963,677.3,3.1212,,,16.6736,2.2527,6.9147,21.472,62.37599945,,19.8803997
1064030000,RP,11/1/2011,,1.7273248,,61,3.979671754,,1.068847359,0.311338756,38,342.3086037,,,13.5507,415.2,2.1363,,,11.8036,2.005,5.3671,23.0999,81.73529816,,23.15609932
1064390000,RP,11/8/2011,,0.9344544,,33,3.186104291,,1.773431438,0.237095244,12.8,630.5361938,,,25.6197,905.8,3.9746,,,21.6422,2.789,8.9335,32.5587,113.3671036,,25.02169991
1064430000,RP,11/15/2011,,1.1893056,,42,3.251771164,,1.387140818,0.242684904,6.7,469.6559143,,,21.3011,674.8,3.0641,,,18.4568,2.2964,7.7051,26.6071,83.63670349,,21.70840073
1064220000,RP,11/22/2011,,0.7928704,,28,3.058713438,,1.580338093,0.319280657,10.5,500.6574351,,,24.7395,760.4,3.5218,,,22.1133,2.3977,9.3236,29.7862,91.41500092,,26.21120071
1064410000,RP,11/29/2011,,0.7928704,,28,2.658543313,,1.804718475,0.223290545,12.7,607.6279297,,,29.3639,973.8,4.0973,,,24.5645,2.6807,10.5385,22.5112,57.88190079,,28.93969917
1064370000,RP,12/6/2011,,1.132672,,40,3.049205556,,1.621585017,0.284100496,10.6,519.8845215,,,26.3311,817.6,3.6135,,,21.3845,2.3839,8.6833,34.2481,120.2810974,,26.99080086
1064200000,RP,12/13/2011,,0.8211872,,29,2.314435523,,1.817883372,0.226129382,9.7,502.9539903,,,28.1009,1088.8,4.5499,,,24.8247,2.7151,10.7495,17.9829,60.30179977,,28.91290092
1064460000,RP,12/20/2011,,0.5380192,,19,1.998535591,,1.600309832,0.01,4.7,493.2478943,,,28.8944,1026.3,4.0378,,,23.6446,2.5411,9.9143,20.9094,50.79499817,,32.41429901
1064240000,RP,12/27/2011,,0.5380192,,19,2.311171146,,1.710925812,0.239011107,4.1,409.0147046,,,29.6776,1062.9,3.9975,,,25.9883,2.4866,10.6585,20.3755,60.47470093,,31.84970093
1064180000,RP,1/3/2012,,0.5097024,,18,2.202358585,,1.705951041,0.211256141,3.8,425.4949006,,,31.6346,1069.2,4.0819,,,27.6051,2.5165,11.0934,22.1807,84.50099945,,30.31480026
1064190000,RP,1/10/2012,,0.3964352,,14,2.330757407,,1.916135084,0.212802573,7.3,684.6325113,,,32.1804,1018.7,4.1051,,,27.7296,2.556,10.6677,17.1046,92.10639954,,32.56880188
1064490000,RP,1/17/2012,,0.8778208,,31,3.47548373,,1.439703041,0.280040638,77,487.4624023,,,25.2974,672.2,3.2936,,,20.3723,2.3012,7.6864,28.4211,118.552597,,24.74609947
1064090000,RP,1/24/2012,,0.9061376,,32,3.209477246,,1.160622669,0.22185108,26.66666667,407.671589,,,22.0241,531.1,2.6581,,,16.8752,2.1093,5.9642,22.9865,113.6121979,,17.11160088
1064360000,RP,1/31/2012,,2.1520768,,76,3.090386476,,1.334578596,0.344063666,59.38461538,522.6149292,,,16.0497,467.9,2.1011,,,12.7751,2.0391,4.6751,22.1105,120.4539032,,12.90450001
1064440000,RP,2/7/2012,,0.424752,,15,3.306308058,,1.424268102,0.257255492,15.1,362.6126099,,,27.7502,804.4,3.8098,,,23.287,2.5982,9.7199,38.8413,106.4530029,,31.11050034
1064210000,RP,2/14/2012,,1.0477216,,37,4.375345422,,1.296776189,0.365113055,36.375,220.3631332,,,25.2638,711.3,3.538,,,22.812,2.1575,8.7758,21.9336,93.48919678,,24.33620071
1064510000,RP,2/21/2012,,0.2548512,,9,2.814363011,,2.197683662,0.01,5.7,1254.887939,,,37.1858,926.7,4.5423,,,30.0811,2.8655,11.8945,26.7364,97.97530365,,32.85779953
1064420000,RP,2/28/2012,,2.0104928,,71,4.929058915,,1.559845264,0.344669836,32.66666667,558.3754272,,,28.4902,656.8,3.4557,,,22.7333,2.5138,8.2127,30.1765,125.985199,,23.77160072
1157960000,RP,3/6/2012,,0.9061376,,32,3.052198877,,1.668284469,0.359390182,11.5,535.8942871,,,27.9905,773,3.5827,,,26.168,2.5708,10.3766,13.9128,29.3125,,35.884747
1157890000,RP,3/13/2012,,0.6796032,,24,3.255105415,,1.57381034,0.446866328,9.9,452.6440125,,,25.0167,674.3,3.1616,,,23.8574,2.5694,9.2958,15.188,42.36980057,,30.57861905
1158050000,RP,3/20/2012,,0.5097024,,18,2.411775116,,2.014407171,0.461788079,6.2,634.3190918,,,34.0968,918.3,4.1374,,,31.838,2.7847,12.2275,19.4313,65.11500484,,28.27249109
1157810000,RP,3/27/2012,,0.3114848,,11,4.546098263,40.5817165,2.513044162,1.068613681,7.2,581.930481,,,27.2343,862.5,4.5847,,,26.4488,3.217,11.1307,18.753,41.31110001,,32.17219263
1157940000,RP,4/3/2012,,0.2548512,,9,2.055420508,37.83693429,1.474676054,0.304679258,6.5,201.4967957,,,25.3528,968.5,4.0357,,,24.2864,2.5023,11.1472,16.7197,20.48999977,,40.35374169
1157900000,RP,4/10/2012,,0.26617792,,9.4,2.974840759,20.1628017,1.358595735,0.395319636,3.2,300.8760986,,,20.4619,662.4,3.0838,,,19.4953,2.2927,8.7956,17.2005,38.66439819,,38.09770135
1158030000,RP,4/17/2012,,0.21803936,,7.7,2.49927856,29.76621164,1.665742564,0.420260465,6.7,322.1820984,,,25.827,923.3,3.6107,,,24.2679,2.5723,10.7113,27.0986,68.80488528,,42.2722947
1157870000,RP,4/24/2012,,1.9538592,,69,2.314126344,,1.486114625,0.392473024,7.5,237.1416016,,,25.088,856.5,3.2983,,,23.4095,2.3879,10.0579,11.0198,24.54829979,,20.3605809
1157930000,RP,5/1/2012,,1.9538592,,69,2.83661068,38.95620769,1.294200813,0.365694813,10.5,220.3059998,,,20.3416,708.2,2.8069,,,19.5772,2.3073,7.9561,15.8785,41.13470078,,21.3605809
1157760000,RP,5/8/2012,,2.6617792,,94,2.533519039,42.84506089,1.578046848,0.384654563,9.3,294.0922852,,,23.1271,899.3,3.6461,,,22.1148,2.619,10.1423,18.1912,36.19409943,,18.54008032
1157860000,RP,5/15/2012,,1.6706912,,59,8.933952148,38.89297431,4.579189108,2.190792135,10,1522.896973,,,27.0821,865.5,3.7218,,,24.669,4.9216,10.1993,18.1108,75.89550018,,21.28245953
1157880000,RP,5/22/2012,,2.6617792,,94,3.238619258,,1.188711764,0.361690759,24.16666667,204.9210052,,,16.4568,622.1,2.8821,,,16.1481,2.0163,7.1153,14.2891,24.54829979,,20.54008032
1157630000,RP,5/29/2012,,2.8883136,,102,8.764017923,31.84245183,3.052775279,1.77926096,15.2,770.1143188,,,20.946,503.4,2.5316,,,20.3558,3.9888,8.7785,16.155,42.19340134,,17.05916008
1157920000,RP,6/12/2012,,1.4441568,,51,3.763639926,39.56746375,1.540765578,0.469565072,6.3,508.3005066,,,27.131,562.9,3.6073,,,25.5874,2.578,10.6978,18.3488,72.0134964,,30.14041067
1157670000,RP,6/19/2012,,0.9061376,,32,3.289345893,,1.631426849,0.480548462,9.8,312.3783875,,,28.3619,838.5,3.8441,,,27.2053,2.6778,11.0561,17.5196,59.48559952,,34.884747
1157700000,RP,6/26/2012,,0.6796032,,24,4.778172616,,1.710225898,0.370355719,3.5,549.3701782,,,30.1838,790.5,3.846,,,27.7487,2.6958,11.1947,14.9458,45.19300079,,29.57861905
1157990000,RP,7/3/2012,,0.5946528,,21,3.088975687,34.07092571,2.65539083,0.57713187,11.7,1399.55896,,,29.1269,678.7,3.8178,,,26.948,2.9158,11.0241,17.0762,71.66059875,,33.36485189
1157620000,RP,7/10/2012,,0.3681184,,13,2.503083058,32.66937761,1.563219071,,13.9,226.7501068,,,,,,,,,,,,150.0046997,,36.18857818
1158020000,RP,7/17/2012,,0.3681184,,13,3.569610549,38.61440579,1.755980184,0.350282003,9.5,529.6981812,,,27.2667,876,3.9405,,,25.8065,2.509,10.3425,18.2745,99.47699232,,37.26557818
1157660000,RP,7/24/2012,,0.3964352,,14,2.822660855,28.21060648,1.234889701,0.357877696,19,208.7120056,,,20.6055,668.3,2.9342,,,19.4068,2.1618,7.3569,14.4467,46.25180054,,30.75223044
1157780000,RP,7/31/2012,,0.3681184,,13,4.098435713,32.55654244,1.518735737,0.449526026,9.8,378.6097107,,,21.7262,690.6,3.1552,,,20.7807,2.4173,7.6875,11.668,43.42850113,,33.56481833
1157610000,RP,8/7/2012,,0.3114848,,11,2.582977507,39.5984904,1.578470499,0.41145521,4.1,327.5152893,,,28.3387,839.5,3.6495,,,26.3426,2.4322,10.6344,15.8437,45.54589844,,35.05463376
1158040000,RP,8/14/2012,,0.3114848,,11,3.315977376,31.12633614,1.438242085,0.422751588,12.9,256.2904968,,,21.9662,759.2,3.1962,,,20.4774,2.4995,8.3596,14.1234,51.96981488,,38.54326338
1157650000,RP,8/21/2012,,0.4813856,,17,2.585513839,38.78642411,1.400960815,0.377440719,16.4,186.0200958,,,28.4703,837.5,3.7453,,,25.6742,2.5485,10.7223,17.8382,39.37020111,,28.60903983
1157710000,RP,8/28/2012,,0.5946528,,21,2.104878977,37.01684683,1.519159387,0.338972983,8.4,206.9864044,,,26.2311,973.2,3.7487,,,23.7123,2.3595,10.5,14.6115,26.13640022,,29.54418867
1157730000,RP,9/4/2012,,0.3114848,,11,1.738379043,36.71383702,1.204386844,0.223122943,7.4,178.7639008,,,27.4098,802.5,3.1787,,,24.7528,2.1538,7.7775,13.028,57.54460144,,36.92633763
1157690000,RP,9/11/2012,,0.9061376,,32,2.366121145,38.03635143,1.505602562,0.305942363,3.8,297.360199,,,27.5797,902.3,3.8497,,,25.2472,2.3792,10.3393,13.2756,50.83950043,,32.56450432
1157970000,RP,9/18/2012,,1.3592064,,48,3.246228254,35.45177714,1.303521131,0.399520136,12.5,140.3009949,,,23.473,763.7,3.3326,,,22.6464,2.1651,9.5131,14.4563,41.31110001,,29.49736845
1158010000,RP,9/25/2012,,0.849504,,30,5.29812062,,1.392064148,0.49409245,8.1,294.771698,,,16.6507,603.2,2.7644,,,16.1581,2.2375,6.082,16.9213,61.42649841,,28.26474982
1157910000,RP,10/2/2012,,1.1043552,,39,2.976108925,31.37656465,1.460695577,0.397774184,7.3,283.0213928,,,21.5763,779.9,3.4189,,,20.7333,2.5214,8.0286,17.2053,68.48449707,,34.71994903
1157640000,RP,10/9/2012,,0.849504,,30,3.482107104,,1.702176533,0.582141327,6.6,324.8352051,,,23.0377,795.2,3.8447,,,21.749,2.5878,7.7149,20.3277,78.36579895,,31.56454817
1157740000,RP,10/16/2012,,1.132672,,40,3.062344203,,1.765300502,0.38467389,8.7,401.0266113,,,21.2716,979.6,4.5187,,,20.2716,2.6585,7.9233,19.0704,54.19200134,,28.57087777
1158000000,RP,10/23/2012,,0.3398016,,12,2.664140122,36.40747334,1.509415419,0.368156026,7.4,212.6593933,,,22.2095,928.6,4.2077,,,21.8779,2.6065,8.9361,23.4051,41.13470078,,34.65986965
1157680000,RP,10/30/2012,,0.18972256,,6.7,2.147996616,34.23567334,1.830966375,0.343825274,5.7,411.9411011,,,26.5484,1075.2,3.571,,,22.4493,2.4658,9.4688,19.4214,69.3667984,,40.09139088
1157980000,RP,11/6/2012,,0.1982176,4.8,7,2.917773295,31.66167091,1.516193832,0.396434738,5,288.7590942,,,20.5626,831,2.8913,,,18.4406,2.2031,7.2824,16.2721,52.42750168,,35.83348104
1157750000,RP,11/13/2012,,0.24635616,4.85,8.7,4.149162348,33.23416972,2.063974315,0.316548485,6.2,921.7258301,,,22.6182,825.7,3.5161,,,20.8336,2.5387,8.2848,17.2307,98.83409882,,38.55335402
1157770000,RP,11/20/2012,,0.21803936,4.99,7.7,2.260863378,37.9153552,2.086004156,0.474126031,6.4,724.078125,,,26.424,887.8,3.8788,,,24.8481,2.7239,10.1346,17.3231,73.60160065,,36.56468474
1157950000,RP,11/27/2012,,0.7645536,5.32,27,2.796029372,32.88533138,1.519583038,0.27089295,24,282.5900879,,,24.4006,966.1,3.9398,,,21.6963,2.4694,8.7234,20.1421,40.6053009,,30.88511253
1157800000,RP,12/4/2012,,1.1609888,5.47,41,3.671063818,30.98030418,1.457306371,0.406431481,18.1,358.0748901,,,15.9244,692.8,2.8612,,,15.8981,2.2873,7.1182,15.7906,47.83980179,,25.42548767
1157600000,RP,12/11/2012,1212,0.3681184,8.16,13,3.271591571,34.38369538,1.862316534,0.324465448,35,641.0510864,,,24.2601,896.8,3.4037,,,21.5311,2.4101,8.198,16.4885,52.42750168,,28.0022888
1157820000,RP,12/18/2012,1315,0.25201952,8.06,8.9,3.296954888,32.51,1.914001932,0.383851035,3.8,459.9508972,,,25.929,1070.2,3.9229,,,24.8453,2.4744,10.6332,16.7654,48.54560089,,29.054654
1157790000,RP,12/25/2012,1151,0.25201952,8.06,8.9,2.249449885,38.41,1.600923992,0.331695085,3.3,231.1289063,,,30.2372,1038.1,4.0938,,,26.3321,2.5096,11.1527,16.1608,39.8995018,,31.5287
1169900000,RP,1/1/2013,1255,0.212376,8.03,7.5,2.198563501,37.5,1.283447496,,,,,,27.3153,1087.4,4.4493,0.0538,1.02833E-05,24.6614,2.2533,11.4584,20.3509,44.48289871,,25.59548834
1157720000,RP,1/1/2013,1214,0.22087104,8.04,7.8,2.446015594,35.44,1.614480817,0.400944022,2.947368421,219.136795,,,26.6867,994.4,4.0611,,0,25.8412,2.6031,11.0099,23.556,62.13230133,,33.55422
1157590000,RP,1/8/2013,1300,0.18122752,8,6.4,2.808711031,36.81,1.845370503,0.388477992,8.5,432.292511,,,28.6197,1024.6,4.1441,,0,26.6114,2.5239,10.6437,18.1011,57.89749908,,31.052087
1169910000,RP,1/8/2013,1310,0.18122752,8,6.4,2.505229325,,1.456078223,0.01,,337.6373355,,,24.9186,1101.7,4.7521,0.005,8.15525E-07,22.2469,2.6435,10.8686,29.0669,58.37889862,,26.16254483
1159350000,RP,1/15/2013,1256,0.15007904,7.96,5.3,,,,,17.8,231.1289063,,,24.5311,896.6,3.8623,0.0583,7.87466E-06,20.832,2.1388,8.9113,19.2514,67.31199646,,30.1215
1159360000,RP,1/22/2013,1200,0.13308896,7.95,4.7,2.726915463,,1.964331124,0.01,8.3,781.3878614,,,30.1554,1113,4.6341,0.0455,5.45E-06,25.9561,2.3423,11.2811,23.0742,112.7717972,,31.005482
1160100000,RP,1/29/2013,1355,0.22087104,8.05,7.8,3.478185154,33.20605137,1.488939402,0.210511299,54.2,366.3281023,,,25.3043,912.1,3.8371,0.005,9.93921E-07,21.1897,2.1781,8.9715,21.8124,82.20059967,,35.58721
1160110000,RP,2/5/2013,1400,0.1132672,7.92,4,0.991605637,40.41323273,0.535527062,0.391040385,8.1,66.08667731,,,4.7838,78.4,0.7569,0.0565,5.75965E-06,3.4068,0.2041,2.0022,15.4817,80.81099701,,29.025456
1161260000,RP,2/12/2013,1331,,,,4.257781407,34.34836606,2.723643434,0.519107588,11.4,1444.335845,,,33.8715,760.2,4.5468,0.005,0,26.1318,2.6454,9.276,19.7594,145.5265961,,35.452006
1161270000,RP,2/19/2013,1122,,,,2.968307036,37.83419234,1.679972389,0.01,10.4,533.1170931,,,33.1122,1010.2,5.0695,0.1127,0,27.8945,2.5504,11.8585,20.8589,104.2357025,,31.87423
1166140000,RP,2/26/2013,1155,,,,2.661641212,41.81605975,1.713709866,0.01,7.4,562.5729469,,,33.1315,1064.6,4.9074,0.005,0,27.7363,2.3871,11.8628,15.2722,63.14319992,,33.05458
1166150000,RP,3/5/2013,1114,,,,5.015209046,25.37888655,1.442933751,0.01,23.1,326.1610288,,,21.3668,1099.2,4.5254,0.1285,0,17.6884,2.4917,7.2131,16.7106,41.70370102,,20.4500256
1167230000,RP,3/12/2013,1250,0.4813856,5.1,17,2.556956091,40.48918982,1.668580514,0.187509553,8.2,523.1709606,,,32.8274,957.9,4.5273,0.1297,5.61922E-05,27.6153,2.5484,11.4286,17.0124,61.55509949,,39.0024564
1167240000,RP,3/19/2013,1214,0.7362368,5.22,26,3.803324824,25.5962187,0.983753544,0.399408925,10.4,74.7446187,,,21.748,509.6,3.3082,0.005,3.31307E-06,18.9593,2.0327,7.2573,12.2111,48.05609894,,26.10732758
1169480000,RP,3/26/2013,1329,0.4530688,5.09,16,2.348817439,,0.876407025,0.090339235,5.9,168.4677901,,,25.2871,617.6,3.8008,0.1246,5.08072E-05,22.4109,1.8461,8.6169,16.6215,66.12090302,,38.9659976
1169490000,RP,4/2/2013,1522,0.6229696,5.17,22,1.342608689,,0.365919564,0.112950276,6.2,114.1692881,,,7.8293,138.8,1.6256,0.0597,3.34722E-05,6.8813,0.5136,3.3157,18.1274,39.71849823,,33.09094203
1170460000,RP,4/9/2013,1250,0.849504,5.27,30,,32.32207662,,,11.6,,,,,,,,0,,,,,,,25.26474982
1170470000,RP,4/16/2013,1135,0.566336,5.14,20,2.836526943,,0.698956659,0.073258728,11.4,323.3979306,,,15.0901,302.3,2.2787,0.0816,4.15918E-05,12.6721,1.3011,5.2325,16.3271,57.98189926,,29.54238373
1174090000,RP,4/23/2013,1241,0.15007904,7.98,5.3,,,,,10.5,,,,13.4571,165.6,1.628,0.005,6.75357E-07,10.607,0.6348,2.6612,23.4209,92.72190094,,
120001076,RP,4/30/2013,1254,0.8778208,5.29,31,4.320592479,,1.203704368,0.180012121,26.14285714,117.2922468,,,24.2588,906.4,4.0392,0.0928,7.33157E-05,20.8342,2.7778,8.6069,26.2188,103.0446014,,33.07168334
120001077,RP,5/7/2013,1241,2.8883136,5.93,102,5.675341102,,1.091100062,0.587921509,72,18.97855272,,,14.1498,484.2,2.7661,0.005,1.29974E-05,13.0031,1.775,4.801,18.7904,75.05410004,,22.05916008
120001078,RP,5/14/2013,1259,1.4441568,5.52,51,6.685244621,,6.068473305,1.080799947,77,4364.673358,,,30.3304,623,5.541,0.1168,0.00015181,24.3877,3.5297,9.5315,20.7305,257.0916138,,28.14041067
120001079,RP,5/21/2013,1235,2.0671264,5.72,73,6.22216691,,3.745407025,0.945679606,84.12698413,2336.42742,,,24.2719,463.3,3.6427,0.005,9.30208E-06,19.4966,2.7376,7.2384,23.0619,211.2348022,,20.02877481
120001080,RP,5/28/2013,1238,0.4813856,8.21,17,3.710955599,,1.337777978,0.279627403,32,234.3505752,,,19.6529,823.8,4.6103,0.0759,3.28835E-05,18.2597,2.5712,8.7588,19.7281,27.21220016,,
120001081,RP,6/4/2013,1310,0.8778208,5.29,31,2.172700118,,0.896123733,,24.83333333,,,,,,,,0,,,,,27.60919952,,28.81727784
120001082,RP,6/11/2013,1300,1.2176224,5.43,43,3.033581288,,0.971047221,0.312708839,5.1,85.83838184,,,22.4413,572.5,3.5246,0.0509,5.57794E-05,19.7518,2.0495,7.7065,11.4108,22.44779968,,18.60046205
1174100000,RP,6/18/2013,1200,1.1609888,5.4,41,2.508924094,38.91353715,0.964913134,0.106619143,3.8,91.19399164,,,27.4614,767.1,4.0176,0.0402,4.20046E-05,24.12,2.1566,10.2771,12.5985,21.4552002,,31.0135994
1174110000,RP,6/25/2013,1310,1.4441568,5.5,51,3.532375099,30.98080008,1.070945205,0.468863656,27,2.5,,,18.2075,600.7,3.6071,0.005,6.49872E-06,17.6576,2.0544,7.9283,19.1717,29.7928009,,20.66410065
120001083,RP,7/2/2013,1256,1.3308896,8.52,47,2.12959448,,1.287828986,0.01,163.5,190.7406097,,,25.3258,1060.2,4.5599,0.0784,9.39077E-05,23.5797,2.3282,11.9542,17.2315,29.59429932,,23.77757237
120001094,RP,7/9/2013,,2.2370272,8.77,79,,,,,,,,,,,,,0,,,,,,,
120001084,RP,7/16/2013,1332,0.6512864,8.28,23,3.760219186,,2.500625565,0.479804391,9.8,1249.621175,,,24.2929,771.2,3.9827,0.1126,6.60015E-05,20.7602,2.6058,9.3866,16.077,82.20059967,,
120001085,RP,7/23/2013,1243,1.8689088,5.64,66,,,,,14.6,,,,,,,,0,,,,,,,30.62231
120001086,RP,7/30/2013,1354,15.5459232,8.06,549,7.470998822,,1.02231066,0.557629874,530,41.0807857,,,7.8095,423.6,1.3839,0.3223,0.004509413,7.7492,1.7232,3.1479,13.1988,97.08920288,,12.14892
120001087,RP,8/6/2013,1150,0.991088,5.31,35,1.997814386,,1.034578834,0.399509268,3.428571429,30.36956611,,,18.0677,604.7,3.4649,0.005,4.4599E-06,16.6721,1.7837,7.8702,16.4905,24.43300056,,22.32541564
120001088,RP,8/13/2013,1200,1.0194048,5.33,36,2.832832174,,1.10555898,0.19925649,10.4,31.60249009,,,24.0698,874.7,4.0003,0.0511,4.68825E-05,22.4162,2.236,10.1656,20.8752,43.49029922,,30.0054654
120001089,RP,8/20/2013,1138,1.0477216,5.34,37,3.111171436,,1.032388088,0.294105805,11.7,32.28228389,,,20.5476,706,3.6487,0.005,4.71475E-06,19.4445,2.2542,9.0764,24.2367,50.04130173,,22.055109
120001090,RP,8/27/2013,1214,2.5201952,5.82,89,3.432616337,,0.921974527,0.176791267,37.63636364,128.6832602,,,16.31,616.5,3.2203,0.0476,0.000107965,15.6834,2.0129,8.0595,19.6239,39.917099,,23.842064
120001091,RP,9/3/2013,1431,9.9391968,7.28,351,3.698639703,,0.798854643,0.204476643,479,236.1779997,,,10.4262,358.2,1.876,0.0555,0.000496464,9.9582,1.5639,4.2422,16.8388,37.73339844,,10.63519505
120001092,RP,9/10/2013,1250,0.9344544,5.29,33,2.220732114,,1.227802566,,6.5,,,,,,,,0,,,,,38.92449951,,24.995075
120001093,RP,9/17/2013,1331,0.3964352,8.16,14,2.469513225,,1.307983843,0.01,6.7,208.3376133,,,24.5126,988.8,4.2374,0.005,1.78396E-06,22.7325,2.153,10.8045,19.294,38.52750015,,22.0024654
120001095,RP,9/24/2013,,1.3308896,5.45,47,,,,,6.7,,,,,,,,0,,,,,,,
120001096,RP,10/7/2013,,1.6423744,5.32,58,,,,,7.1,,,,,,,,0,,,,,,,
120001135,RP,10/15/2013,1246,0.991088,5.06,35,2.008125808,,1.434400573,0.235080773,8.2,205.4197998,,,24.8246,993.9,4.04,0.0269,2.39943E-05,24.6253,2.6999,12.5717,10.1405,21.05006321,,33.98439503
120001136,RP,10/22/2013,1256,0.8778208,5.01,31,2.571005682,,1.343215369,0.278181968,5.9,180.0334015,,,20.9035,885,3.3,0.0221,1.74599E-05,20.873,2.5813,10.3522,8.1691,16.69210402,,32.45132999
120001137,RP,10/29/2013,1300,1.8122752,5.37,64,3.854802806,,1.277025095,0.01,45.76923077,382.9762878,,,21.076,897.2,3.34,0.0175,2.85434E-05,22.3474,2.6215,8.2764,5.5496,44.43920871,,19.80349641
120001138,RP,11/5/2013,1248,0.7928704,4.97,28,1.837260723,,1.385799322,0.24203862,4.3,112.3607025,,,25.4142,1031.4,3.7,0.0181,1.29159E-05,24.4989,2.5916,12.2791,8.4471,13.99431976,,27.67097984
120001139,RP,11/12/2013,1100,0.7362368,4.95,26,2.514563762,,1.713973482,0.318559975,3.5,340.8135071,,,24.9707,1054.6,3.34,0.013,8.61398E-06,23.9017,2.5976,11.0215,11.587,30.98248908,,32.10732758
120001140,RP,11/19/2013,1111,0.8778208,5.02,31,2.399114381,,1.352935619,0.230884817,3.1,141.1508026,,,23.2901,980.9,3.2,0.0179,1.41417E-05,22.4198,2.4329,11.096,10.5359,33.21156016,,28.545423
120001141,RP,11/26/2013,1105,0.7928704,4.97,28,2.007099592,,1.637600088,0.257214578,3.6,266.5855103,,,25.424,1113.8,3.64,0.0205,1.46285E-05,25.024,2.5777,12.3892,8.777,28.45286909,,30.84154141
120001142,RP,12/3/2013,1301,14.3566176,7.91,507,3.179039092,,0.919690185,0.256903283,153.8888889,180.3869019,,,10.1646,482.4,1.86,0.0384,0.000496166,9.9594,1.7269,4.9513,9.4495,29.99139327,,12.61752721
120001143,RP,12/10/2013,1144,1.3025728,5.3,46,2.673114246,,1.556135134,0.230185421,12.6,498.0497131,,,21.5098,827.9,4.17,0.0311,3.64591E-05,22.3493,2.7012,11.5825,15.1156,30.67120628,,22.74795946
120001144,RP,12/17/2013,1145,0.991088,5.18,35,3.036394967,,1.750540137,0.330002515,14.9,679.9376221,,,22.1543,740.6,3.23,0.0236,2.10507E-05,22.5041,2.5544,11.1572,9.1033,28.9967195,,32.33546614
120001145,RP,12/24/2013,1042,1.6140576,5.42,57,3.656229869,,1.055310818,0.218654018,87.75,259.6567993,,,15.7043,577,2.36,0.005,7.26327E-06,15.3665,2.4654,8.3018,11.5604,13.5327625,,30.48551413
120001146,RP,12/31/2013,1244,0.849504,5.11,30,2.639249094,,1.918098735,0.265086918,5.2,667.6118164,,,27.0683,985.4,3.69,0.01,7.64555E-06,26.0459,2.597,11.8428,11.6512,40.49987122,,27.26474982
120001147,RP,1/7/2014,1140,0.8778208,5.12,31,2.397575056,,2.23840412,0.248782147,3.7,839.5219727,,,27.3715,1150.1,3.84,0.0448,3.53938E-05,27.0086,2.682,12.4112,16.5068,71.09145666,,27.844422
120001148,RP,1/14/2014,1321,0.7928704,5.09,28,2.799852012,,2.223129441,0.334600669,6.7,911.928772,,,25.4548,976.6,3.56,0.0342,2.44046E-05,25.2821,2.6446,11.4204,15.2257,53.69539954,,29.00247444
120001149,RP,1/21/2014,1235,0.7362368,5.06,26,2.170268051,,2.378190575,0.374401756,6.9,995.7888184,,,41.0976,1008,4,0.0481,3.18717E-05,35.764,2.9392,12.9179,20.9077,50.40009542,,36.85222758
120001150,RP,1/28/2014,1203,0.7362368,5.06,26,2.281612566,,2.400871158,0.01,5.5,1183.995972,,,29.7367,1006.9,3.96,0.0507,3.35945E-05,28.6879,2.7084,12.8605,21.8495,85.44624506,,31.20568413
120001151,RP,2/4/2014,1208,1.2459392,5.28,44,2.884514892,,1.65611485,0.227782562,34.90909091,579.0322876,,,26.4469,849.3,3.46,0.0413,4.63116E-05,25.2858,2.4376,11.3858,19.7897,38.54272534,,26.00969144
120001152,RP,2/11/2014,1143,0.6796032,5.03,24,2.155387908,,2.299039966,0.253124927,5.9,1228.415039,,,26.649,817.5,3.49,0.0268,1.63921E-05,25.362,2.417,10.9527,16.1378,73.37419719,,33.57861905
120001153,RP,2/18/2014,1236,3.0582144,5.65,108,3.803491969,,0.959034054,0.255535754,87.2,171.8983002,,,15.14,531.6,2.08,0.0379,0.000104316,13.8243,1.9064,5.4968,14.9709,58.34317375,,23.72261133
120001154,RP,2/25/2014,1149,1.0194048,5.02,36,2.043530285,,1.709344791,0.295711399,7.1,341.1333923,,,27.8124,1072.5,3.8,0.0327,3.00011E-05,26.2155,2.5482,12.1931,15.5493,22.33812996,,35.16624049
120001155,RP,3/4/2014,1157,0.8778208,4.98,31,2.200541444,,1.799604257,0.304086062,4.1,387.6181946,,,28.512,1107.9,3.8,0.0304,2.40172E-05,27.1328,2.6433,12.098,21.598,53.53439119,,39.399915
120001156,RP,3/11/2014,1424,0.7928704,4.98,28,3.439185032,,1.997249343,0.495052657,5,499.6966858,,,25.8567,1002.5,3.43,0.0287,2.04799E-05,23.9735,2.786,10.1455,14.8957,61.85315566,,24.09798441
120001157,RP,3/18/2014,1144,0.70792,4.97,25,2.014796217,,1.793586959,0.309110073,5.3,342.276886,,,31.0006,1142.2,3.93,0.0296,1.8859E-05,28.8696,2.7481,12.6586,13.1488,37.36557545,,38.25914318
120001158,RP,3/25/2014,1048,0.6229696,4.97,22,1.902425486,,1.511699705,0.271303202,4,238.6965027,,,30.8697,1001.7,3.99,0.0162,9.08291E-06,29.0657,2.6847,12.74,13.4879,43.30857234,,33.09420346
120001159,RP,4/1/2014,1144,0.6229696,4.96,22,1.951683888,,1.691755767,0.316614257,4.8,390.64151,,,30.5271,984.5,3.96,0.0504,2.82579E-05,29.277,2.8934,12.4843,15.0362,34.97549602,,29.34626222
120001160,RP,4/8/2014,1149,0.7362368,4.97,26,2.265706206,,1.550117837,0.298337728,5.5,405.0801086,,,30.2123,846.7,4.02,0.0588,3.89617E-05,28.631,2.9703,12.2182,21.8165,39.46583985,,31.84129549
120001161,RP,4/15/2014,1200,0.8211872,4.98,29,1.935777529,,1.351547012,0.360093207,5.9,151.8538055,,,29.5255,839.6,3.91,0.0627,4.63397E-05,29.1029,2.9398,12.0941,17.574,34.33504061,,32.21530396
120001162,RP,4/22/2014,1148,0.7928704,4.94,28,2.164623859,,1.033093103,0.206663802,8,120.2293015,,,29.0678,706.2,4.03,0.0397,2.83293E-05,27.4456,2.9051,11.7701,20.302,44.3533376,,25.97984409
120001163,RP,4/29/2014,1201,0.849504,4.93,30,1.869073442,,1.119186747,0.196822749,5.9,120.8639984,,,32.4339,801.5,4.15,0.0295,2.25544E-05,30.0354,2.862,12.6537,12.711,23.25408854,,26.36414982
120001164,RP,5/6/2014,1253,0.9061376,4.93,32,3.346825527,,1.193708665,0.337701258,7.8,157.6074066,,,22.2419,698.4,3.43,0.0333,2.7157E-05,20.9962,2.639,8.5793,12.7562,48.26405138,,26.65543043
120001165,RP,5/13/2014,1211,2.0671264,5.35,73,2.625395169,,1.180748331,0.180893238,16,253.4550934,,,18.6118,746.4,4.13,0.0289,5.3766E-05,17.336,2.3333,8.1009,16.572,16.27348232,,18.02877481
120001166,RP,5/20/2014,1259,1.3592064,5.14,48,3.572080098,,1.373301858,0.378579159,6.6,121.922699,,,27.1676,872.8,3.8,0.0411,5.02771E-05,24.7251,2.7112,10.5341,13.9066,33.94504262,,31.49736845
120001167,RP,5/27/2014,1705,0.9344544,4.97,33,3.254466021,,2.007432462,0.95162166,3.9,104.6108017,,,29.8589,951.2,4.02,0.041,3.44814E-05,24.8172,2.9149,10.2749,19.3938,34.22412375,,25.54873478
120001168,RP,6/3/2014,1110,0.8211872,4.94,29,1.962972272,,1.277950833,0.280054033,5.7,55.99679947,,,28.3347,941.9,3.85,0.0523,3.86533E-05,26.054,2.7351,11.6738,9.4486,32.42440825,,24.6545404
120001169,RP,6/10/2014,1119,0.7928704,4.94,28,2.097406663,,1.324237738,0.345471635,5.4,105.4661026,,,29.0372,873.3,3.75,0.0604,4.31005E-05,26.1723,2.7319,11.1963,15.2245,40.62152197,,32.48704088
120001170,RP,6/17/2014,1117,0.7362368,4.93,26,2.103563964,,1.043739091,0.134174291,3.8,40.56480026,,,28.806,869,3.73,0.0392,2.59745E-05,26.5692,2.7675,11.3842,14.2394,69.3668784,,32.05287476
120001171,RP,6/22/2014,1104,0.6796032,4.91,24,3.307316183,,1.228423844,0.265817753,4.8,260.3060913,,,27.5727,702.3,3.98,0.0661,4.04297E-05,24.4654,2.9878,9.9029,17.9051,55.51300485,,26.80549113
120001172,RP,6/24/2014,1113,0.7362368,4.93,26,3.062050385,,1.239069832,0.174757634,10.7,102.6121979,,,26.4155,961.7,3.73,0.0534,3.53836E-05,25.3672,2.6403,5.9603,8.7091,40.67876938,,28.6453413
120001173,RP,7/1/2014,1120,0.6796032,4.93,24,4.020536807,,1.221943677,0.329539074,6.1,84.30460358,,,29.4447,808.1,4.08,0.057,3.48637E-05,26.2347,3.0493,11.1256,12.6182,36.82172504,,29.03118477
120001174,RP,7/8/2014,1116,0.5946528,4.91,21,2.23338038,,1.241384177,0.207151075,7.6,105.6331024,,,29.0922,928.6,4.03,0.0401,2.14611E-05,27.4304,3.1052,8.9329,10.0025,27.74443237,,27.54200519
120001175,RP,7/15/2014,1105,0.566336,4.92,20,2.615133001,,1.026612936,0.248555437,5.8,61.05749893,,,23.3941,717,3.33,0.0581,2.96138E-05,21.3736,2.6897,8.707,13.1561,33.9951341,,27.65212837
120001176,RP,7/29/2014,1130,0.4813856,4.91,17,2.371406529,,1.466801407,0.193077994,5,418.1234131,,,34.1732,855.6,4.25,0.0663,2.87243E-05,30.6063,3.2085,12.2999,15.9554,74.36887097,,32.99002483
120001177,RP,8/5/2014,1035,3.3696992,5.89,119,3.324761867,,0.876180494,0.236829789,43.6,226.050705,,,11.8566,413.3,1.97,0.0247,7.49085E-05,10.2993,1.8937,3.9185,11.1542,75.92528496,,23.15152087
120001178,RP,8/12/2014,1109,0.4813856,4.94,17,3.380690679,,1.426994668,0.380617364,6.5,207.3773041,,,25.287,839,3.86,0.0523,2.26589E-05,22.7803,2.9297,9.4503,19.7182,82.85937766,,34.0548302
120001179,RP,8/19/2014,1105,0.424752,4.93,15,2.529957013,,1.996323605,0.406761712,7.5,207.8618927,,,31.8394,1381.7,4.41,0.0759,2.90149E-05,28.4362,3.3779,11.2247,22.4328,57.30556442,,29.00066642
120001180,RP,9/2/2014,955,0.566336,5.01,20,3.153896782,,1.306185845,0.295978345,3.875,49.00749969,,,24.0883,961.2,3.81,0.0264,1.34562E-05,20.585,2.7242,8.8824,11.1296,39.36565688,,35.32002837
120001181,RP,9/6/2014,1045,0.5380192,4.99,19,2.517129304,,1.569095468,0.405812869,11.875,176.3825989,,,24.8756,986.9,3.9,0.0495,2.39688E-05,22.5991,2.7053,9.9288,16.5315,31.36175318,,32.98842907
120001182,RP,9/16/2014,1023,0.7928704,5.1,28,2.199002119,,1.485316169,0.284880067,6.111111111,146.5361023,,,25.2552,1053.9,4.31,0.0435,3.10409E-05,23.5915,2.7524,10.6156,18.9843,21.26831896,,33.55566409
120001183,RP,9/23/2014,1106,0.7362368,5.08,26,2.74084455,,1.430697621,0.218544819,12.33333333,174.6528015,,,15.5837,1037.5,1.1,0.0326,2.16012E-05,11.5679,1.2398,0.9772,3.01,31.60147671,,32.56425841
120001184,RP,9/30/2014,1017,0.7362368,5.07,26,2.097919772,,1.501516586,0.321869186,6.888888889,98.1473999,,,25.767,1081.5,4.75,0.0401,2.65708E-05,24.4961,2.6933,12.0473,17.6359,23.23619873,,19.10732758
120001185,RP,10/7/2014,1012,0.566336,5.01,20,1.708470524,,1.569558337,0.326761035,3.222222222,51.59730148,,,26.6514,1191.2,4.04,0.0484,2.46696E-05,25.0508,2.6731,11.8903,18.7462,24.9894007,,27.65373314
200001,RP,10/14/2014,1038,1.7556416,5.34,62,,,,,,,,,,,,,0,,,,,,,
200002,RP,10/21/2014,1046,0.424752,5.01,15,,,,,,,,,,,,,0,,,,,,,
200003,RP,10/28/2014,1046,0.3964352,5,14,,,,,,,,,,,,,0,,,,,,,
200004,RP,11/4/2014,1130,3.5679168,5.78,126,,,,,,,,,,,,,0,,,,,,,
200005,RP,11/11/2014,1258,0.7362368,5.2,26,,,,,,,,,,,,,0,,,,,,,
200006,RP,11/18/2014,1202,0.5380192,5.15,19,,,,,,,,,,,,,0,,,,,,,
200007,RP,11/25/2014,1018,2.83168,5.69,100,2.89789556,10.13561299,1.01161204,0.227317933,,128.6941071,,,18.0647,655.6,2.6709,0.0503,0.00012819,17.1046,2.0914,6.8412,13.754,44.04458949,,
200008,RP,12/2/2014,1042,0.6229696,5.17,22,2.235258778,19.01796284,1.043801433,0.207914233,,8.287199974,,,23.1474,827.6,3.5134,0.0803,4.50221E-05,22.0244,2.3221,9.399,24.14386,43.95017192,,
200009,RP,12/9/2014,1041,0.3964352,5.1,14,1.776510237,20.89517761,1.075165458,0.303571658,,2.5,,,21.2273,770.2,3.1715,0.096,3.42521E-05,20.4623,1.9869,8.9208,27.88257,51.13317022,,
200010,RP,12/16/2014,1525,21.1526496,8.56,747,3.156080125,7.451725498,0.912980436,0.143468536,,2.5,,,9.2306,767.4,1.6352,0.0468,0.000890951,7.6313,2.0032,3.7642,17.1786,46.65922992,,
200011,RP,12/23/2014,1302,0.8211872,5.3,29,1.639107292,17.32207686,1.131290554,0.01,,2.5,,,26.8997,1070.6,4.7987,0.1128,8.33671E-05,27.8322,2.8164,12.5348,29.33657,31.00043888,,
200012,RP,12/30/2014,1150,0.7362368,5.28,26,1.636891116,20.46281396,1.005421772,0.01,,2.5,,,26.3961,942.1,4.3595,0.1095,7.25563E-05,27.2024,2.6849,12.1927,32.30814,66.37434509,,
