# ---------------------------------- WARNING ----------------------------------------,,,,
# The data you have obtained from this automated U.S. Geological Survey database,,,,
# have not received Director's approval and as such are provisional and subject to,,,,
# revision.  The data are released on the condition that neither the USGS nor the,,,,
# United States Government may be held liable for any damages resulting from its use.,,,,
# Additional info: http://help.waterdata.usgs.gov/policies/provisional-data-statement,,,,
#,,,,
# File-format description:  http://help.waterdata.usgs.gov/faq/about-tab-delimited-output,,,,
# Automated-retrieval info: http://help.waterdata.usgs.gov/faq/automated-retrievals,,,,
#,,,,
# Contact:   gs-w_support_nwisweb@usgs.gov,,,,
# retrieved: 2016-10-11 12:07:46 EDT       (caww02),,,,
#,,,,
# Data for the following 1 site(s) are contained in this file,,,,
"#    USGS 50049100 RIO PIEDRAS AT HATO REY, PR",,,,
# -----------------------------------------------------------------------------------,,,,
#,,,,
# Data provided for site 50049100,,,,
#            TS   parameter     statistic     Description,,,,
"#        123525       00060     00003     Discharge, cubic feet per second (Mean)",,,,
#,,,,
# Data-value qualification codes included in this output:#     A  Approved for publication -- Processing and review completed.  ,,,,
#     >  Actual value is known to be greater than reported value.  ,,,,
#     e  Value has been estimated.  ,,,,
# ,,,,
agency_cd,site_no,datetime,CFS,CFS_Quality_code
5s,15s,20d,14n,10s
USGS,50049100,1/1/2009,21,A
USGS,50049100,1/2/2009,24,A
USGS,50049100,1/3/2009,184,A
USGS,50049100,1/4/2009,28,A
USGS,50049100,1/5/2009,22,A
USGS,50049100,1/6/2009,23,A
USGS,50049100,1/7/2009,23,A
USGS,50049100,1/8/2009,28,A
USGS,50049100,1/9/2009,58,A
USGS,50049100,1/10/2009,33,A
USGS,50049100,1/11/2009,38,A
USGS,50049100,1/12/2009,28,A
USGS,50049100,1/13/2009,40,A
USGS,50049100,1/14/2009,40,A
USGS,50049100,1/15/2009,34,A
USGS,50049100,1/16/2009,100,A
USGS,50049100,1/17/2009,96,A
USGS,50049100,1/18/2009,32,A
USGS,50049100,1/19/2009,25,A
USGS,50049100,1/20/2009,25,A
USGS,50049100,1/21/2009,83,A
USGS,50049100,1/22/2009,90,A
USGS,50049100,1/23/2009,56,A
USGS,50049100,1/24/2009,36,A
USGS,50049100,1/25/2009,35,A
USGS,50049100,1/26/2009,38,A
USGS,50049100,1/27/2009,51,A
USGS,50049100,1/28/2009,64,A
USGS,50049100,1/29/2009,37,A
USGS,50049100,1/30/2009,35,A
USGS,50049100,1/31/2009,27,A
USGS,50049100,2/1/2009,26,A
USGS,50049100,2/2/2009,25,A
USGS,50049100,2/3/2009,24,A
USGS,50049100,2/4/2009,23,A
USGS,50049100,2/5/2009,22,A
USGS,50049100,2/6/2009,21,A
USGS,50049100,2/7/2009,50,A
USGS,50049100,2/8/2009,33,A
USGS,50049100,2/9/2009,62,A
USGS,50049100,2/10/2009,74,A
USGS,50049100,2/11/2009,38,A
USGS,50049100,2/12/2009,26,A
USGS,50049100,2/13/2009,28,A
USGS,50049100,2/14/2009,25,A
USGS,50049100,2/15/2009,25,A
USGS,50049100,2/16/2009,25,A
USGS,50049100,2/17/2009,23,A
USGS,50049100,2/18/2009,29,A
USGS,50049100,2/19/2009,26,A
USGS,50049100,2/20/2009,27,A
USGS,50049100,2/21/2009,25,A
USGS,50049100,2/22/2009,24,A
USGS,50049100,2/23/2009,24,A
USGS,50049100,2/24/2009,24,A
USGS,50049100,2/25/2009,24,A
USGS,50049100,2/26/2009,24,A
USGS,50049100,2/27/2009,98,A
USGS,50049100,2/28/2009,21,A
USGS,50049100,3/1/2009,51,A
USGS,50049100,3/2/2009,23,A
USGS,50049100,3/3/2009,22,A
USGS,50049100,3/4/2009,35,A
USGS,50049100,3/5/2009,139,A
USGS,50049100,3/6/2009,48,A
USGS,50049100,3/7/2009,24,A
USGS,50049100,3/8/2009,22,A
USGS,50049100,3/9/2009,22,A
USGS,50049100,3/10/2009,21,A
USGS,50049100,3/11/2009,22,A
USGS,50049100,3/12/2009,22,A
USGS,50049100,3/13/2009,24,A
USGS,50049100,3/14/2009,27,A
USGS,50049100,3/15/2009,34,A
USGS,50049100,3/16/2009,36,A
USGS,50049100,3/17/2009,32,A
USGS,50049100,3/18/2009,22,A
USGS,50049100,3/19/2009,20,A
USGS,50049100,3/20/2009,19,A
USGS,50049100,3/21/2009,58,A
USGS,50049100,3/22/2009,82,A
USGS,50049100,3/23/2009,94,A
USGS,50049100,3/24/2009,27,A
USGS,50049100,3/25/2009,22,A
USGS,50049100,3/26/2009,22,A
USGS,50049100,3/27/2009,20,A
USGS,50049100,3/28/2009,21,A
USGS,50049100,3/29/2009,21,A
USGS,50049100,3/30/2009,21,A
USGS,50049100,3/31/2009,63,A
USGS,50049100,4/1/2009,25,A
USGS,50049100,4/2/2009,21,A
USGS,50049100,4/3/2009,21,A
USGS,50049100,4/4/2009,20,A
USGS,50049100,4/5/2009,37,A
USGS,50049100,4/6/2009,24,A
USGS,50049100,4/7/2009,18,A
USGS,50049100,4/8/2009,17,A
USGS,50049100,4/9/2009,19,A
USGS,50049100,4/10/2009,22,A
USGS,50049100,4/11/2009,20,A
USGS,50049100,4/12/2009,78,A
USGS,50049100,4/13/2009,21,A
USGS,50049100,4/14/2009,18,A
USGS,50049100,4/15/2009,19,A
USGS,50049100,4/16/2009,18,A
USGS,50049100,4/17/2009,18,A
USGS,50049100,4/18/2009,22,A
USGS,50049100,4/19/2009,89,A
USGS,50049100,4/20/2009,21,A
USGS,50049100,4/21/2009,33,A
USGS,50049100,4/22/2009,18,A
USGS,50049100,4/23/2009,18,A
USGS,50049100,4/24/2009,23,A
USGS,50049100,4/25/2009,27,A
USGS,50049100,4/26/2009,32,A
USGS,50049100,4/27/2009,18,A
USGS,50049100,4/28/2009,23,A
USGS,50049100,4/29/2009,42,A
USGS,50049100,4/30/2009,46,A
USGS,50049100,5/1/2009,22,A
USGS,50049100,5/2/2009,18,A
USGS,50049100,5/3/2009,16,A
USGS,50049100,5/4/2009,34,A
USGS,50049100,5/5/2009,19,A
USGS,50049100,5/6/2009,23,A
USGS,50049100,5/7/2009,29,A
USGS,50049100,5/8/2009,490,A
USGS,50049100,5/9/2009,447,A
USGS,50049100,5/10/2009,85,A
USGS,50049100,5/11/2009,85,A
USGS,50049100,5/12/2009,106,A
USGS,50049100,5/13/2009,102,A
USGS,50049100,5/14/2009,59,A
USGS,50049100,5/15/2009,71,A
USGS,50049100,5/16/2009,69,A
USGS,50049100,5/17/2009,52,A
USGS,50049100,5/18/2009,61,A
USGS,50049100,5/19/2009,43,A
USGS,50049100,5/20/2009,37,A
USGS,50049100,5/21/2009,53,A
USGS,50049100,5/22/2009,37,A
USGS,50049100,5/23/2009,34,A
USGS,50049100,5/24/2009,38,A
USGS,50049100,5/25/2009,32,A
USGS,50049100,5/26/2009,57,A
USGS,50049100,5/27/2009,32,A
USGS,50049100,5/28/2009,31,A
USGS,50049100,5/29/2009,35,A
USGS,50049100,5/30/2009,33,A
USGS,50049100,5/31/2009,30,A
USGS,50049100,6/1/2009,144,A
USGS,50049100,6/2/2009,65,A
USGS,50049100,6/3/2009,160,A
USGS,50049100,6/4/2009,64,A
USGS,50049100,6/5/2009,39,A
USGS,50049100,6/6/2009,36,A
USGS,50049100,6/7/2009,54,A
USGS,50049100,6/8/2009,29,A
USGS,50049100,6/9/2009,27,A
USGS,50049100,6/10/2009,27,A
USGS,50049100,6/11/2009,27,A
USGS,50049100,6/12/2009,25,A
USGS,50049100,6/13/2009,41,A
USGS,50049100,6/14/2009,44,A
USGS,50049100,6/15/2009,54,A
USGS,50049100,6/16/2009,44,A
USGS,50049100,6/17/2009,29,A
USGS,50049100,6/18/2009,57,A
USGS,50049100,6/19/2009,26,A
USGS,50049100,6/20/2009,31,A
USGS,50049100,6/21/2009,24,A
USGS,50049100,6/22/2009,24,A
USGS,50049100,6/23/2009,23,A
USGS,50049100,6/24/2009,26,A
USGS,50049100,6/25/2009,24,A
USGS,50049100,6/26/2009,25,A
USGS,50049100,6/27/2009,25,A
USGS,50049100,6/28/2009,26,A
USGS,50049100,6/29/2009,26,A
USGS,50049100,6/30/2009,36,A
USGS,50049100,7/1/2009,23,A
USGS,50049100,7/2/2009,22,A
USGS,50049100,7/3/2009,23,A
USGS,50049100,7/4/2009,22,A
USGS,50049100,7/5/2009,27,A
USGS,50049100,7/6/2009,96,A
USGS,50049100,7/7/2009,24,A
USGS,50049100,7/8/2009,27,A
USGS,50049100,7/9/2009,34,A
USGS,50049100,7/10/2009,27,A
USGS,50049100,7/11/2009,22,A
USGS,50049100,7/12/2009,25,A
USGS,50049100,7/13/2009,30,A
USGS,50049100,7/14/2009,22,A
USGS,50049100,7/15/2009,26,A
USGS,50049100,7/16/2009,21,A
USGS,50049100,7/17/2009,23,A
USGS,50049100,7/18/2009,53,A
USGS,50049100,7/19/2009,52,A
USGS,50049100,7/20/2009,26,A
USGS,50049100,7/21/2009,651,A
USGS,50049100,7/22/2009,57,A
USGS,50049100,7/23/2009,32,A
USGS,50049100,7/24/2009,29,A
USGS,50049100,7/25/2009,29,A
USGS,50049100,7/26/2009,33,A
USGS,50049100,7/27/2009,28,A
USGS,50049100,7/28/2009,28,A
USGS,50049100,7/29/2009,27,A
USGS,50049100,7/30/2009,68,A
USGS,50049100,7/31/2009,26,A
USGS,50049100,8/1/2009,27,A
USGS,50049100,8/2/2009,26,A
USGS,50049100,8/3/2009,240,A
USGS,50049100,8/4/2009,28,A
USGS,50049100,8/5/2009,359,A
USGS,50049100,8/6/2009,30,A
USGS,50049100,8/7/2009,25,A
USGS,50049100,8/8/2009,24,A
USGS,50049100,8/9/2009,27,A
USGS,50049100,8/10/2009,36,A
USGS,50049100,8/11/2009,157,A
USGS,50049100,8/12/2009,332,A
USGS,50049100,8/13/2009,59,A
USGS,50049100,8/14/2009,22,A
USGS,50049100,8/15/2009,30,A
USGS,50049100,8/16/2009,24,A
USGS,50049100,8/17/2009,188,A
USGS,50049100,8/18/2009,31,A
USGS,50049100,8/19/2009,49,A
USGS,50049100,8/20/2009,53,A
USGS,50049100,8/21/2009,28,A
USGS,50049100,8/22/2009,25,A
USGS,50049100,8/23/2009,25,A
USGS,50049100,8/24/2009,37,A
USGS,50049100,8/25/2009,31,A
USGS,50049100,8/26/2009,25,A
USGS,50049100,8/27/2009,22,A
USGS,50049100,8/28/2009,27,A
USGS,50049100,8/29/2009,123,A
USGS,50049100,8/30/2009,455,A
USGS,50049100,8/31/2009,48,A
USGS,50049100,9/1/2009,43,A
USGS,50049100,9/2/2009,38,A
USGS,50049100,9/3/2009,52,A
USGS,50049100,9/4/2009,61,A
USGS,50049100,9/5/2009,221,A
USGS,50049100,9/6/2009,67,A
USGS,50049100,9/7/2009,60,A
USGS,50049100,9/8/2009,50,A
USGS,50049100,9/9/2009,66,A
USGS,50049100,9/10/2009,51,A
USGS,50049100,9/11/2009,51,A
USGS,50049100,9/12/2009,123,A
USGS,50049100,9/13/2009,87,A
USGS,50049100,9/14/2009,87,A
USGS,50049100,9/15/2009,54,A
USGS,50049100,9/16/2009,188,A
USGS,50049100,9/17/2009,124,A
USGS,50049100,9/18/2009,79,A
USGS,50049100,9/19/2009,88,A
USGS,50049100,9/20/2009,230,A
USGS,50049100,9/21/2009,573,A
USGS,50049100,9/22/2009,263,A
USGS,50049100,9/23/2009,263,A
USGS,50049100,9/24/2009,306,A
USGS,50049100,9/25/2009,155,A
USGS,50049100,9/26/2009,146,A
USGS,50049100,9/27/2009,120,A
USGS,50049100,9/28/2009,109,A
USGS,50049100,9/29/2009,80,A
USGS,50049100,9/30/2009,99,A
USGS,50049100,10/1/2009,50,A:e
USGS,50049100,10/2/2009,57,A:e
USGS,50049100,10/3/2009,57,A:e
USGS,50049100,10/4/2009,55,A:e
USGS,50049100,10/5/2009,82,A
USGS,50049100,10/6/2009,48,A:e
USGS,50049100,10/7/2009,63,A
USGS,50049100,10/8/2009,41,A:e
USGS,50049100,10/9/2009,132,A
USGS,50049100,10/10/2009,46,A:e
USGS,50049100,10/11/2009,66,A:e
USGS,50049100,10/12/2009,242,A
USGS,50049100,10/13/2009,71,A:e
USGS,50049100,10/14/2009,52,A:e
USGS,50049100,10/15/2009,82,A:e
USGS,50049100,10/16/2009,50,A:e
USGS,50049100,10/17/2009,41,A:e
USGS,50049100,10/18/2009,37,A:e
USGS,50049100,10/19/2009,41,A:e
USGS,50049100,10/20/2009,37,A:e
USGS,50049100,10/21/2009,42,A:e
USGS,50049100,10/22/2009,33,A:e
USGS,50049100,10/23/2009,48,A:e
USGS,50049100,10/24/2009,42,A:e
USGS,50049100,10/25/2009,30,A:e
USGS,50049100,10/26/2009,42,A:e
USGS,50049100,10/27/2009,28,A:e
USGS,50049100,10/28/2009,41,A:e
USGS,50049100,10/29/2009,43,A:e
USGS,50049100,10/30/2009,42,A:e
USGS,50049100,10/31/2009,31,A:e
USGS,50049100,11/1/2009,35,A:e
USGS,50049100,11/2/2009,31,A:e
USGS,50049100,11/3/2009,40,A:e
USGS,50049100,11/4/2009,66,A
USGS,50049100,11/5/2009,309,A
USGS,50049100,11/6/2009,67,A
USGS,50049100,11/7/2009,57,A
USGS,50049100,11/8/2009,48,A
USGS,50049100,11/9/2009,183,A
USGS,50049100,11/10/2009,64,A
USGS,50049100,11/11/2009,34,A
USGS,50049100,11/12/2009,21,A
USGS,50049100,11/13/2009,22,A
USGS,50049100,11/14/2009,44,A
USGS,50049100,11/15/2009,1400,A:>
USGS,50049100,11/16/2009,517,A
USGS,50049100,11/17/2009,77,A
USGS,50049100,11/18/2009,533,A
USGS,50049100,11/19/2009,72,A
USGS,50049100,11/20/2009,62,A
USGS,50049100,11/21/2009,24,A
USGS,50049100,11/22/2009,19,A
USGS,50049100,11/23/2009,22,A
USGS,50049100,11/24/2009,19,A
USGS,50049100,11/25/2009,28,A
USGS,50049100,11/26/2009,18,A
USGS,50049100,11/27/2009,17,A
USGS,50049100,11/28/2009,17,A
USGS,50049100,11/29/2009,29,A
USGS,50049100,11/30/2009,18,A
USGS,50049100,12/1/2009,17,A
USGS,50049100,12/2/2009,17,A
USGS,50049100,12/3/2009,19,A
USGS,50049100,12/4/2009,17,A
USGS,50049100,12/5/2009,20,A
USGS,50049100,12/6/2009,17,A
USGS,50049100,12/7/2009,18,A
USGS,50049100,12/8/2009,15,A
USGS,50049100,12/9/2009,16,A
USGS,50049100,12/10/2009,17,A
USGS,50049100,12/11/2009,17,A
USGS,50049100,12/12/2009,17,A
USGS,50049100,12/13/2009,29,A
USGS,50049100,12/14/2009,19,A
USGS,50049100,12/15/2009,18,A
USGS,50049100,12/16/2009,17,A
USGS,50049100,12/17/2009,14,A
USGS,50049100,12/18/2009,15,A
USGS,50049100,12/19/2009,15,A
USGS,50049100,12/20/2009,15,A
USGS,50049100,12/21/2009,15,A
USGS,50049100,12/22/2009,15,A
USGS,50049100,12/23/2009,16,A
USGS,50049100,12/24/2009,16,A
USGS,50049100,12/25/2009,47,A
USGS,50049100,12/26/2009,15,A
USGS,50049100,12/27/2009,14,A
USGS,50049100,12/28/2009,14,A
USGS,50049100,12/29/2009,18,A
USGS,50049100,12/30/2009,72,A
USGS,50049100,12/31/2009,33,A
USGS,50049100,1/1/2010,27,A
USGS,50049100,1/2/2010,16,A
USGS,50049100,1/3/2010,16,A
USGS,50049100,1/4/2010,16,A
USGS,50049100,1/5/2010,16,A
USGS,50049100,1/6/2010,18,A
USGS,50049100,1/7/2010,145,A
USGS,50049100,1/8/2010,64,A
USGS,50049100,1/9/2010,31,A
USGS,50049100,1/10/2010,31,A
USGS,50049100,1/11/2010,25,A
USGS,50049100,1/12/2010,23,A
USGS,50049100,1/13/2010,171,A
USGS,50049100,1/14/2010,687,A
USGS,50049100,1/15/2010,545,A
USGS,50049100,1/16/2010,237,A
USGS,50049100,1/17/2010,135,A:e
USGS,50049100,1/18/2010,194,A:e
USGS,50049100,1/19/2010,90,A:e
USGS,50049100,1/20/2010,50,A:e
USGS,50049100,1/21/2010,45,A:e
USGS,50049100,1/22/2010,38,A:e
USGS,50049100,1/23/2010,91,A:e
USGS,50049100,1/24/2010,42,A:e
USGS,50049100,1/25/2010,35,A:e
USGS,50049100,1/26/2010,31,A:e
USGS,50049100,1/27/2010,24,A:e
USGS,50049100,1/28/2010,27,A:e
USGS,50049100,1/29/2010,23,A:e
USGS,50049100,1/30/2010,24,A:e
USGS,50049100,1/31/2010,27,A:e
USGS,50049100,2/1/2010,23,A
USGS,50049100,2/2/2010,20,A
USGS,50049100,2/3/2010,21,A
USGS,50049100,2/4/2010,22,A
USGS,50049100,2/5/2010,22,A
USGS,50049100,2/6/2010,22,A
USGS,50049100,2/7/2010,17,A
USGS,50049100,2/8/2010,17,A
USGS,50049100,2/9/2010,14,A
USGS,50049100,2/10/2010,15,A
USGS,50049100,2/11/2010,13,A
USGS,50049100,2/12/2010,43,A:e
USGS,50049100,2/13/2010,13,A
USGS,50049100,2/14/2010,12,A
USGS,50049100,2/15/2010,12,A
USGS,50049100,2/16/2010,10,A
USGS,50049100,2/17/2010,10,A
USGS,50049100,2/18/2010,13,A
USGS,50049100,2/19/2010,18,A
USGS,50049100,2/20/2010,244,A
USGS,50049100,2/21/2010,74,A
USGS,50049100,2/22/2010,27,A
USGS,50049100,2/23/2010,22,A
USGS,50049100,2/24/2010,16,A
USGS,50049100,2/25/2010,20,A
USGS,50049100,2/26/2010,27,A
USGS,50049100,2/27/2010,154,A
USGS,50049100,2/28/2010,46,A
USGS,50049100,3/1/2010,60,A
USGS,50049100,3/2/2010,50,A
USGS,50049100,3/3/2010,25,A
USGS,50049100,3/4/2010,22,A
USGS,50049100,3/5/2010,41,A
USGS,50049100,3/6/2010,124,A
USGS,50049100,3/7/2010,296,A
USGS,50049100,3/8/2010,82,A
USGS,50049100,3/9/2010,39,A
USGS,50049100,3/10/2010,31,A
USGS,50049100,3/11/2010,20,A
USGS,50049100,3/12/2010,17,A
USGS,50049100,3/13/2010,21,A
USGS,50049100,3/14/2010,21,A
USGS,50049100,3/15/2010,18,A
USGS,50049100,3/16/2010,22,A
USGS,50049100,3/17/2010,18,A
USGS,50049100,3/18/2010,17,A
USGS,50049100,3/19/2010,17,A
USGS,50049100,3/20/2010,22,A
USGS,50049100,3/21/2010,25,A
USGS,50049100,3/22/2010,20,A
USGS,50049100,3/23/2010,19,A
USGS,50049100,3/24/2010,18,A
USGS,50049100,3/25/2010,19,A
USGS,50049100,3/26/2010,19,A
USGS,50049100,3/27/2010,19,A
USGS,50049100,3/28/2010,19,A
USGS,50049100,3/29/2010,21,A
USGS,50049100,3/30/2010,19,A
USGS,50049100,3/31/2010,17,A
USGS,50049100,4/1/2010,17,A
USGS,50049100,4/2/2010,19,A
USGS,50049100,4/3/2010,16,A
USGS,50049100,4/4/2010,17,A
USGS,50049100,4/5/2010,17,A
USGS,50049100,4/6/2010,66,A
USGS,50049100,4/7/2010,19,A
USGS,50049100,4/8/2010,23,A
USGS,50049100,4/9/2010,63,A
USGS,50049100,4/10/2010,21,A
USGS,50049100,4/11/2010,23,A
USGS,50049100,4/12/2010,39,A
USGS,50049100,4/13/2010,84,A
USGS,50049100,4/14/2010,115,A
USGS,50049100,4/15/2010,102,A
USGS,50049100,4/16/2010,38,A
USGS,50049100,4/17/2010,70,A
USGS,50049100,4/18/2010,47,A
USGS,50049100,4/19/2010,45,A
USGS,50049100,4/20/2010,148,A
USGS,50049100,4/21/2010,68,A
USGS,50049100,4/22/2010,57,A
USGS,50049100,4/23/2010,41,A
USGS,50049100,4/24/2010,230,A
USGS,50049100,4/25/2010,49,A
USGS,50049100,4/26/2010,38,A
USGS,50049100,4/27/2010,37,A
USGS,50049100,4/28/2010,36,A
USGS,50049100,4/29/2010,34,A
USGS,50049100,4/30/2010,34,A
USGS,50049100,5/1/2010,33,A
USGS,50049100,5/2/2010,419,A
USGS,50049100,5/3/2010,127,A
USGS,50049100,5/4/2010,74,A
USGS,50049100,5/5/2010,41,A
USGS,50049100,5/6/2010,35,A
USGS,50049100,5/7/2010,104,A
USGS,50049100,5/8/2010,141,A
USGS,50049100,5/9/2010,57,A
USGS,50049100,5/10/2010,58,A
USGS,50049100,5/11/2010,42,A
USGS,50049100,5/12/2010,57,A
USGS,50049100,5/13/2010,117,A
USGS,50049100,5/14/2010,69,A
USGS,50049100,5/15/2010,115,A
USGS,50049100,5/16/2010,57,A
USGS,50049100,5/17/2010,83,A
USGS,50049100,5/18/2010,81,A
USGS,50049100,5/19/2010,34,A
USGS,50049100,5/20/2010,37,A
USGS,50049100,5/21/2010,28,A
USGS,50049100,5/22/2010,31,A
USGS,50049100,5/23/2010,308,A
USGS,50049100,5/24/2010,62,A
USGS,50049100,5/25/2010,44,A
USGS,50049100,5/26/2010,54,A
USGS,50049100,5/27/2010,41,A
USGS,50049100,5/28/2010,73,A
USGS,50049100,5/29/2010,461,A
USGS,50049100,5/30/2010,70,A
USGS,50049100,5/31/2010,46,A
USGS,50049100,6/1/2010,67,A
USGS,50049100,6/2/2010,47,A:e
USGS,50049100,6/3/2010,45,A:e
USGS,50049100,6/4/2010,42,A:e
USGS,50049100,6/5/2010,39,A
USGS,50049100,6/6/2010,33,A
USGS,50049100,6/7/2010,30,A
USGS,50049100,6/8/2010,29,A
USGS,50049100,6/9/2010,30,A
USGS,50049100,6/10/2010,29,A
USGS,50049100,6/11/2010,30,A
USGS,50049100,6/12/2010,34,A
USGS,50049100,6/13/2010,33,A
USGS,50049100,6/14/2010,202,A
USGS,50049100,6/15/2010,54,A
USGS,50049100,6/16/2010,36,A
USGS,50049100,6/17/2010,141,A
USGS,50049100,6/18/2010,40,A
USGS,50049100,6/19/2010,527,A
USGS,50049100,6/20/2010,134,A
USGS,50049100,6/21/2010,117,A
USGS,50049100,6/22/2010,111,A
USGS,50049100,6/23/2010,77,A
USGS,50049100,6/24/2010,65,A
USGS,50049100,6/25/2010,54,A
USGS,50049100,6/26/2010,51,A
USGS,50049100,6/27/2010,102,A
USGS,50049100,6/28/2010,45,A
USGS,50049100,6/29/2010,45,A
USGS,50049100,6/30/2010,67,A
USGS,50049100,7/1/2010,42,A
USGS,50049100,7/2/2010,38,A
USGS,50049100,7/3/2010,34,A
USGS,50049100,7/4/2010,33,A
USGS,50049100,7/5/2010,189,A
USGS,50049100,7/6/2010,99,A
USGS,50049100,7/7/2010,43,A
USGS,50049100,7/8/2010,35,A
USGS,50049100,7/9/2010,33,A
USGS,50049100,7/10/2010,40,A
USGS,50049100,7/11/2010,33,A
USGS,50049100,7/12/2010,39,A
USGS,50049100,7/13/2010,100,A
USGS,50049100,7/14/2010,125,A
USGS,50049100,7/15/2010,74,A
USGS,50049100,7/16/2010,625,A
USGS,50049100,7/17/2010,150,A
USGS,50049100,7/18/2010,205,A
USGS,50049100,7/19/2010,132,A
USGS,50049100,7/20/2010,100,A
USGS,50049100,7/21/2010,386,A
USGS,50049100,7/22/2010,246,A
USGS,50049100,7/23/2010,229,A
USGS,50049100,7/24/2010,76,A
USGS,50049100,7/25/2010,55,A
USGS,50049100,7/26/2010,51,A
USGS,50049100,7/27/2010,165,A
USGS,50049100,7/28/2010,191,A
USGS,50049100,7/29/2010,101,A
USGS,50049100,7/30/2010,56,A
USGS,50049100,7/31/2010,49,A
USGS,50049100,8/1/2010,47,A
USGS,50049100,8/2/2010,63,A
USGS,50049100,8/3/2010,75,A
USGS,50049100,8/4/2010,47,A
USGS,50049100,8/5/2010,42,A
USGS,50049100,8/6/2010,41,A
USGS,50049100,8/7/2010,40,A
USGS,50049100,8/8/2010,50,A
USGS,50049100,8/9/2010,49,A
USGS,50049100,8/10/2010,189,A
USGS,50049100,8/11/2010,44,A
USGS,50049100,8/12/2010,57,A
USGS,50049100,8/13/2010,40,A
USGS,50049100,8/14/2010,40,A
USGS,50049100,8/15/2010,52,A
USGS,50049100,8/16/2010,36,A
USGS,50049100,8/17/2010,67,A
USGS,50049100,8/18/2010,38,A
USGS,50049100,8/19/2010,36,A
USGS,50049100,8/20/2010,34,A
USGS,50049100,8/21/2010,33,A
USGS,50049100,8/22/2010,93,A
USGS,50049100,8/23/2010,40,A
USGS,50049100,8/24/2010,33,A
USGS,50049100,8/25/2010,42,A
USGS,50049100,8/26/2010,37,A
USGS,50049100,8/27/2010,33,A
USGS,50049100,8/28/2010,47,A
USGS,50049100,8/29/2010,32,A
USGS,50049100,8/30/2010,595,A
USGS,50049100,8/31/2010,170,A
USGS,50049100,9/1/2010,74,A
USGS,50049100,9/2/2010,50,A
USGS,50049100,9/3/2010,27,A
USGS,50049100,9/4/2010,26,A
USGS,50049100,9/5/2010,39,A
USGS,50049100,9/6/2010,26,A
USGS,50049100,9/7/2010,160,A
USGS,50049100,9/8/2010,51,A
USGS,50049100,9/9/2010,29,A
USGS,50049100,9/10/2010,60,A
USGS,50049100,9/11/2010,245,A
USGS,50049100,9/12/2010,89,A
USGS,50049100,9/13/2010,72,A
USGS,50049100,9/14/2010,86,A
USGS,50049100,9/15/2010,95,A
USGS,50049100,9/16/2010,34,A
USGS,50049100,9/17/2010,32,A
USGS,50049100,9/18/2010,69,A:e
USGS,50049100,9/19/2010,32,A:e
USGS,50049100,9/20/2010,160,A:e
USGS,50049100,9/21/2010,73,A:e
USGS,50049100,9/22/2010,37,A:e
USGS,50049100,9/23/2010,138,A
USGS,50049100,9/24/2010,324,A
USGS,50049100,9/25/2010,53,A
USGS,50049100,9/26/2010,272,A
USGS,50049100,9/27/2010,54,A
USGS,50049100,9/28/2010,40,A
USGS,50049100,9/29/2010,38,A
USGS,50049100,9/30/2010,44,A
USGS,50049100,10/1/2010,52,A
USGS,50049100,10/2/2010,169,A
USGS,50049100,10/3/2010,46,A
USGS,50049100,10/4/2010,42,A
USGS,50049100,10/5/2010,83,A
USGS,50049100,10/6/2010,149,A
USGS,50049100,10/7/2010,223,A
USGS,50049100,10/8/2010,220,A
USGS,50049100,10/9/2010,59,A
USGS,50049100,10/10/2010,44,A
USGS,50049100,10/11/2010,55,A
USGS,50049100,10/12/2010,56,A
USGS,50049100,10/13/2010,47,A
USGS,50049100,10/14/2010,34,A
USGS,50049100,10/15/2010,33,A
USGS,50049100,10/16/2010,32,A
USGS,50049100,10/17/2010,32,A
USGS,50049100,10/18/2010,30,A
USGS,50049100,10/19/2010,30,A
USGS,50049100,10/20/2010,28,A
USGS,50049100,10/21/2010,28,A
USGS,50049100,10/22/2010,27,A
USGS,50049100,10/23/2010,32,A
USGS,50049100,10/24/2010,30,A
USGS,50049100,10/25/2010,26,A
USGS,50049100,10/26/2010,26,A
USGS,50049100,10/27/2010,30,A
USGS,50049100,10/28/2010,43,A
USGS,50049100,10/29/2010,32,A
USGS,50049100,10/30/2010,29,A
USGS,50049100,10/31/2010,49,A
USGS,50049100,11/1/2010,45,A
USGS,50049100,11/2/2010,28,A
USGS,50049100,11/3/2010,30,A
USGS,50049100,11/4/2010,32,A
USGS,50049100,11/5/2010,34,A
USGS,50049100,11/6/2010,63,A
USGS,50049100,11/7/2010,57,A
USGS,50049100,11/8/2010,61,A
USGS,50049100,11/9/2010,311,A
USGS,50049100,11/10/2010,46,A
USGS,50049100,11/11/2010,302,A
USGS,50049100,11/12/2010,169,A
USGS,50049100,11/13/2010,39,A
USGS,50049100,11/14/2010,32,A
USGS,50049100,11/15/2010,34,A
USGS,50049100,11/16/2010,56,A
USGS,50049100,11/17/2010,34,A
USGS,50049100,11/18/2010,28,A
USGS,50049100,11/19/2010,30,A
USGS,50049100,11/20/2010,29,A
USGS,50049100,11/21/2010,29,A
USGS,50049100,11/22/2010,62,A
USGS,50049100,11/23/2010,66,A
USGS,50049100,11/24/2010,33,A
USGS,50049100,11/25/2010,32,A
USGS,50049100,11/26/2010,31,A
USGS,50049100,11/27/2010,31,A
USGS,50049100,11/28/2010,31,A
USGS,50049100,11/29/2010,30,A
USGS,50049100,11/30/2010,30,A
USGS,50049100,12/1/2010,37,A
USGS,50049100,12/2/2010,30,A
USGS,50049100,12/3/2010,29,A
USGS,50049100,12/4/2010,28,A
USGS,50049100,12/5/2010,28,A
USGS,50049100,12/6/2010,29,A
USGS,50049100,12/7/2010,30,A
USGS,50049100,12/8/2010,72,A
USGS,50049100,12/9/2010,34,A
USGS,50049100,12/10/2010,27,A
USGS,50049100,12/11/2010,27,A
USGS,50049100,12/12/2010,27,A
USGS,50049100,12/13/2010,27,A
USGS,50049100,12/14/2010,29,A
USGS,50049100,12/15/2010,324,A
USGS,50049100,12/16/2010,84,A
USGS,50049100,12/17/2010,32,A
USGS,50049100,12/18/2010,28,A
USGS,50049100,12/19/2010,27,A
USGS,50049100,12/20/2010,171,A
USGS,50049100,12/21/2010,53,A
USGS,50049100,12/22/2010,58,A
USGS,50049100,12/23/2010,37,A
USGS,50049100,12/24/2010,33,A
USGS,50049100,12/25/2010,36,A
USGS,50049100,12/26/2010,30,A
USGS,50049100,12/27/2010,28,A
USGS,50049100,12/28/2010,43,A:e
USGS,50049100,12/29/2010,44,A:e
USGS,50049100,12/30/2010,29,A
USGS,50049100,12/31/2010,28,A
USGS,50049100,1/1/2011,34,A
USGS,50049100,1/2/2011,55,A
USGS,50049100,1/3/2011,41,A
USGS,50049100,1/4/2011,34,A
USGS,50049100,1/5/2011,57,A
USGS,50049100,1/6/2011,33,A:e
USGS,50049100,1/7/2011,28,A:e
USGS,50049100,1/8/2011,27,A:e
USGS,50049100,1/9/2011,24,A
USGS,50049100,1/10/2011,24,A
USGS,50049100,1/11/2011,27,A
USGS,50049100,1/12/2011,29,A
USGS,50049100,1/13/2011,50,A
USGS,50049100,1/14/2011,36,A
USGS,50049100,1/15/2011,32,A
USGS,50049100,1/16/2011,29,A
USGS,50049100,1/17/2011,29,A
USGS,50049100,1/18/2011,28,A
USGS,50049100,1/19/2011,29,A
USGS,50049100,1/20/2011,28,A
USGS,50049100,1/21/2011,31,A
USGS,50049100,1/22/2011,27,A
USGS,50049100,1/23/2011,26,A
USGS,50049100,1/24/2011,26,A
USGS,50049100,1/25/2011,26,A
USGS,50049100,1/26/2011,25,A
USGS,50049100,1/27/2011,28,A
USGS,50049100,1/28/2011,24,A
USGS,50049100,1/29/2011,24,A
USGS,50049100,1/30/2011,30,A
USGS,50049100,1/31/2011,25,A
USGS,50049100,2/1/2011,25,A
USGS,50049100,2/2/2011,26,A
USGS,50049100,2/3/2011,24,A
USGS,50049100,2/4/2011,30,A
USGS,50049100,2/5/2011,38,A
USGS,50049100,2/6/2011,27,A
USGS,50049100,2/7/2011,26,A
USGS,50049100,2/8/2011,24,A
USGS,50049100,2/9/2011,25,A
USGS,50049100,2/10/2011,27,A
USGS,50049100,2/11/2011,28,A
USGS,50049100,2/12/2011,24,A
USGS,50049100,2/13/2011,25,A
USGS,50049100,2/14/2011,38,A
USGS,50049100,2/15/2011,26,A
USGS,50049100,2/16/2011,24,A
USGS,50049100,2/17/2011,25,A
USGS,50049100,2/18/2011,28,A
USGS,50049100,2/19/2011,63,A
USGS,50049100,2/20/2011,28,A
USGS,50049100,2/21/2011,70,A
USGS,50049100,2/22/2011,22,A
USGS,50049100,2/23/2011,20,A
USGS,50049100,2/24/2011,20,A
USGS,50049100,2/25/2011,20,A
USGS,50049100,2/26/2011,20,A
USGS,50049100,2/27/2011,20,A
USGS,50049100,2/28/2011,19,A
USGS,50049100,3/1/2011,19,A
USGS,50049100,3/2/2011,19,A
USGS,50049100,3/3/2011,19,A
USGS,50049100,3/4/2011,20,A
USGS,50049100,3/5/2011,21,A
USGS,50049100,3/6/2011,19,A
USGS,50049100,3/7/2011,23,A
USGS,50049100,3/8/2011,19,A
USGS,50049100,3/9/2011,19,A
USGS,50049100,3/10/2011,23,A
USGS,50049100,3/11/2011,29,A
USGS,50049100,3/12/2011,18,A
USGS,50049100,3/13/2011,18,A
USGS,50049100,3/14/2011,21,A
USGS,50049100,3/15/2011,24,A
USGS,50049100,3/16/2011,30,A
USGS,50049100,3/17/2011,21,A
USGS,50049100,3/18/2011,23,A
USGS,50049100,3/19/2011,30,A
USGS,50049100,3/20/2011,22,A
USGS,50049100,3/21/2011,29,A
USGS,50049100,3/22/2011,36,A
USGS,50049100,3/23/2011,30,A
USGS,50049100,3/24/2011,19,A
USGS,50049100,3/25/2011,21,A
USGS,50049100,3/26/2011,19,A
USGS,50049100,3/27/2011,19,A
USGS,50049100,3/28/2011,22,A
USGS,50049100,3/29/2011,24,A
USGS,50049100,3/30/2011,18,A
USGS,50049100,3/31/2011,18,A
USGS,50049100,4/1/2011,18,A
USGS,50049100,4/2/2011,19,A
USGS,50049100,4/3/2011,21,A
USGS,50049100,4/4/2011,22,A
USGS,50049100,4/5/2011,20,A
USGS,50049100,4/6/2011,22,A
USGS,50049100,4/7/2011,21,A
USGS,50049100,4/8/2011,47,A
USGS,50049100,4/9/2011,17,A
USGS,50049100,4/10/2011,17,A
USGS,50049100,4/11/2011,17,A
USGS,50049100,4/12/2011,51,A
USGS,50049100,4/13/2011,99,A
USGS,50049100,4/14/2011,36,A
USGS,50049100,4/15/2011,23,A
USGS,50049100,4/16/2011,33,A
USGS,50049100,4/17/2011,19,A
USGS,50049100,4/18/2011,22,A
USGS,50049100,4/19/2011,25,A
USGS,50049100,4/20/2011,24,A
USGS,50049100,4/21/2011,30,A
USGS,50049100,4/22/2011,23,A
USGS,50049100,4/23/2011,22,A
USGS,50049100,4/24/2011,20,A
USGS,50049100,4/25/2011,27,A
USGS,50049100,4/26/2011,44,A
USGS,50049100,4/27/2011,52,A
USGS,50049100,4/28/2011,22,A
USGS,50049100,4/29/2011,46,A
USGS,50049100,4/30/2011,23,A
USGS,50049100,5/1/2011,437,A
USGS,50049100,5/2/2011,43,A
USGS,50049100,5/3/2011,23,A
USGS,50049100,5/4/2011,19,A
USGS,50049100,5/5/2011,19,A
USGS,50049100,5/6/2011,19,A
USGS,50049100,5/7/2011,19,A
USGS,50049100,5/8/2011,18,A
USGS,50049100,5/9/2011,20,A
USGS,50049100,5/10/2011,55,A
USGS,50049100,5/11/2011,22,A
USGS,50049100,5/12/2011,19,A
USGS,50049100,5/13/2011,20,A
USGS,50049100,5/14/2011,593,A
USGS,50049100,5/15/2011,58,A
USGS,50049100,5/16/2011,42,A
USGS,50049100,5/17/2011,114,A
USGS,50049100,5/18/2011,69,A
USGS,50049100,5/19/2011,125,A
USGS,50049100,5/20/2011,672,A
USGS,50049100,5/21/2011,134,A
USGS,50049100,5/22/2011,117,A
USGS,50049100,5/23/2011,137,A
USGS,50049100,5/24/2011,64,A
USGS,50049100,5/25/2011,577,A
USGS,50049100,5/26/2011,130,A
USGS,50049100,5/27/2011,293,A
USGS,50049100,5/28/2011,89,A
USGS,50049100,5/29/2011,75,A
USGS,50049100,5/30/2011,118,A
USGS,50049100,5/31/2011,80,A
USGS,50049100,6/1/2011,124,A
USGS,50049100,6/2/2011,110,A
USGS,50049100,6/3/2011,83,A
USGS,50049100,6/4/2011,542,A
USGS,50049100,6/5/2011,146,A
USGS,50049100,6/6/2011,106,A
USGS,50049100,6/7/2011,114,A
USGS,50049100,6/8/2011,110,A
USGS,50049100,6/9/2011,653,A
USGS,50049100,6/10/2011,90,A
USGS,50049100,6/11/2011,72,A
USGS,50049100,6/12/2011,146,A
USGS,50049100,6/13/2011,63,A
USGS,50049100,6/14/2011,55,A
USGS,50049100,6/15/2011,56,A
USGS,50049100,6/16/2011,248,A
USGS,50049100,6/17/2011,63,A
USGS,50049100,6/18/2011,67,A
USGS,50049100,6/19/2011,193,A
USGS,50049100,6/20/2011,148,A
USGS,50049100,6/21/2011,64,A
USGS,50049100,6/22/2011,46,A
USGS,50049100,6/23/2011,43,A
USGS,50049100,6/24/2011,42,A
USGS,50049100,6/25/2011,71,A
USGS,50049100,6/26/2011,41,A
USGS,50049100,6/27/2011,64,A
USGS,50049100,6/28/2011,40,A
USGS,50049100,6/29/2011,36,A
USGS,50049100,6/30/2011,43,A
USGS,50049100,7/1/2011,58,A
USGS,50049100,7/2/2011,57,A
USGS,50049100,7/3/2011,190,A
USGS,50049100,7/4/2011,54,A
USGS,50049100,7/5/2011,42,A
USGS,50049100,7/6/2011,60,A
USGS,50049100,7/7/2011,105,A
USGS,50049100,7/8/2011,39,A
USGS,50049100,7/9/2011,37,A
USGS,50049100,7/10/2011,39,A
USGS,50049100,7/11/2011,44,A
USGS,50049100,7/12/2011,45,A
USGS,50049100,7/13/2011,130,A
USGS,50049100,7/14/2011,81,A
USGS,50049100,7/15/2011,96,A
USGS,50049100,7/16/2011,741,A
USGS,50049100,7/17/2011,88,A
USGS,50049100,7/18/2011,99,A
USGS,50049100,7/19/2011,188,A
USGS,50049100,7/20/2011,36,A
USGS,50049100,7/21/2011,37,A
USGS,50049100,7/22/2011,56,A
USGS,50049100,7/23/2011,103,A
USGS,50049100,7/24/2011,45,A
USGS,50049100,7/25/2011,28,A
USGS,50049100,7/26/2011,27,A
USGS,50049100,7/27/2011,230,A
USGS,50049100,7/28/2011,173,A
USGS,50049100,7/29/2011,229,A
USGS,50049100,7/30/2011,90,A
USGS,50049100,7/31/2011,54,A
USGS,50049100,8/1/2011,32,A
USGS,50049100,8/2/2011,223,A
USGS,50049100,8/3/2011,1460,A
USGS,50049100,8/4/2011,251,A
USGS,50049100,8/5/2011,92,A
USGS,50049100,8/6/2011,72,A
USGS,50049100,8/7/2011,68,A
USGS,50049100,8/8/2011,60,A
USGS,50049100,8/9/2011,57,A
USGS,50049100,8/10/2011,77,A
USGS,50049100,8/11/2011,55,A
USGS,50049100,8/12/2011,67,A
USGS,50049100,8/13/2011,74,A
USGS,50049100,8/14/2011,60,A
USGS,50049100,8/15/2011,60,A
USGS,50049100,8/16/2011,130,A
USGS,50049100,8/17/2011,59,A
USGS,50049100,8/18/2011,59,A
USGS,50049100,8/19/2011,125,A
USGS,50049100,8/20/2011,58,A
USGS,50049100,8/21/2011,211,A
USGS,50049100,8/22/2011,1040,A
USGS,50049100,8/23/2011,2170,A
USGS,50049100,8/24/2011,458,A
USGS,50049100,8/25/2011,167,A
USGS,50049100,8/26/2011,119,A
USGS,50049100,8/27/2011,103,A
USGS,50049100,8/28/2011,99,A
USGS,50049100,8/29/2011,94,A
USGS,50049100,8/30/2011,125,A
USGS,50049100,8/31/2011,117,A
USGS,50049100,9/1/2011,147,A
USGS,50049100,9/2/2011,89,A
USGS,50049100,9/3/2011,100,A
USGS,50049100,9/4/2011,90,A
USGS,50049100,9/5/2011,130,A
USGS,50049100,9/6/2011,107,A
USGS,50049100,9/7/2011,87,A
USGS,50049100,9/8/2011,97,A
USGS,50049100,9/9/2011,80,A
USGS,50049100,9/10/2011,99,A
USGS,50049100,9/11/2011,112,A
USGS,50049100,9/12/2011,81,A
USGS,50049100,9/13/2011,214,A
USGS,50049100,9/14/2011,140,A
USGS,50049100,9/15/2011,89,A
USGS,50049100,9/16/2011,81,A
USGS,50049100,9/17/2011,97,A
USGS,50049100,9/18/2011,112,A
USGS,50049100,9/19/2011,143,A
USGS,50049100,9/20/2011,123,A
USGS,50049100,9/21/2011,81,A
USGS,50049100,9/22/2011,249,A
USGS,50049100,9/23/2011,82,A
USGS,50049100,9/24/2011,84,A
USGS,50049100,9/25/2011,367,A
USGS,50049100,9/26/2011,98,A
USGS,50049100,9/27/2011,76,A
USGS,50049100,9/28/2011,82,A
USGS,50049100,9/29/2011,135,A
USGS,50049100,9/30/2011,224,A
USGS,50049100,10/1/2011,72,A
USGS,50049100,10/2/2011,191,A
USGS,50049100,10/3/2011,58,A
USGS,50049100,10/4/2011,100,A
USGS,50049100,10/5/2011,123,A
USGS,50049100,10/6/2011,62,A
USGS,50049100,10/7/2011,53,A
USGS,50049100,10/8/2011,58,A
USGS,50049100,10/9/2011,76,A
USGS,50049100,10/10/2011,55,A
USGS,50049100,10/11/2011,69,A
USGS,50049100,10/12/2011,104,A
USGS,50049100,10/13/2011,54,A
USGS,50049100,10/14/2011,50,A
USGS,50049100,10/15/2011,48,A
USGS,50049100,10/16/2011,71,A
USGS,50049100,10/17/2011,100,A
USGS,50049100,10/18/2011,75,A
USGS,50049100,10/19/2011,49,A
USGS,50049100,10/20/2011,48,A
USGS,50049100,10/21/2011,87,A
USGS,50049100,10/22/2011,382,A
USGS,50049100,10/23/2011,74,A
USGS,50049100,10/24/2011,68,A
USGS,50049100,10/25/2011,107,A
USGS,50049100,10/26/2011,63,A
USGS,50049100,10/27/2011,50,A
USGS,50049100,10/28/2011,52,A
USGS,50049100,10/29/2011,53,A
USGS,50049100,10/30/2011,52,A
USGS,50049100,10/31/2011,97,A
USGS,50049100,11/1/2011,112,A
USGS,50049100,11/2/2011,60,A
USGS,50049100,11/3/2011,43,A
USGS,50049100,11/4/2011,41,A
USGS,50049100,11/5/2011,41,A
USGS,50049100,11/6/2011,41,A
USGS,50049100,11/7/2011,139,A
USGS,50049100,11/8/2011,88,A
USGS,50049100,11/9/2011,101,A
USGS,50049100,11/10/2011,52,A
USGS,50049100,11/11/2011,100,A
USGS,50049100,11/12/2011,35,A
USGS,50049100,11/13/2011,36,A
USGS,50049100,11/14/2011,46,A
USGS,50049100,11/15/2011,43,A
USGS,50049100,11/16/2011,43,A
USGS,50049100,11/17/2011,39,A
USGS,50049100,11/18/2011,35,A
USGS,50049100,11/19/2011,33,A
USGS,50049100,11/20/2011,43,A
USGS,50049100,11/21/2011,68,A
USGS,50049100,11/22/2011,48,A
USGS,50049100,11/23/2011,79,A
USGS,50049100,11/24/2011,35,A
USGS,50049100,11/25/2011,35,A
USGS,50049100,11/26/2011,74,A
USGS,50049100,11/27/2011,68,A
USGS,50049100,11/28/2011,53,A
USGS,50049100,11/29/2011,39,A
USGS,50049100,11/30/2011,41,A
USGS,50049100,12/1/2011,49,A
USGS,50049100,12/2/2011,39,A
USGS,50049100,12/3/2011,38,A
USGS,50049100,12/4/2011,39,A
USGS,50049100,12/5/2011,69,A
USGS,50049100,12/6/2011,61,A
USGS,50049100,12/7/2011,47,A
USGS,50049100,12/8/2011,65,A
USGS,50049100,12/9/2011,106,A
USGS,50049100,12/10/2011,1350,A
USGS,50049100,12/11/2011,93,A
USGS,50049100,12/12/2011,57,A
USGS,50049100,12/13/2011,51,A
USGS,50049100,12/14/2011,51,A
USGS,50049100,12/15/2011,254,A
USGS,50049100,12/16/2011,45,A
USGS,50049100,12/17/2011,41,A
USGS,50049100,12/18/2011,39,A
USGS,50049100,12/19/2011,38,A
USGS,50049100,12/20/2011,40,A
USGS,50049100,12/21/2011,48,A
USGS,50049100,12/22/2011,45,A
USGS,50049100,12/23/2011,40,A
USGS,50049100,12/24/2011,40,A
USGS,50049100,12/25/2011,38,A
USGS,50049100,12/26/2011,41,A
USGS,50049100,12/27/2011,38,A
USGS,50049100,12/28/2011,40,A
USGS,50049100,12/29/2011,37,A
USGS,50049100,12/30/2011,37,A
USGS,50049100,12/31/2011,46,A
USGS,50049100,1/1/2012,41,A
USGS,50049100,1/2/2012,37,A
USGS,50049100,1/3/2012,35,A
USGS,50049100,1/4/2012,34,A
USGS,50049100,1/5/2012,83,A
USGS,50049100,1/6/2012,56,A
USGS,50049100,1/7/2012,38,A
USGS,50049100,1/8/2012,34,A
USGS,50049100,1/9/2012,33,A
USGS,50049100,1/10/2012,31,A
USGS,50049100,1/11/2012,33,A
USGS,50049100,1/12/2012,31,A
USGS,50049100,1/13/2012,32,A
USGS,50049100,1/14/2012,32,A
USGS,50049100,1/15/2012,32,A
USGS,50049100,1/16/2012,43,A
USGS,50049100,1/17/2012,55,A
USGS,50049100,1/18/2012,105,A
USGS,50049100,1/19/2012,74,A
USGS,50049100,1/20/2012,31,A
USGS,50049100,1/21/2012,31,A
USGS,50049100,1/22/2012,30,A
USGS,50049100,1/23/2012,32,A
USGS,50049100,1/24/2012,58,A
USGS,50049100,1/25/2012,34,A
USGS,50049100,1/26/2012,33,A
USGS,50049100,1/27/2012,42,A
USGS,50049100,1/28/2012,37,A
USGS,50049100,1/29/2012,38,A
USGS,50049100,1/30/2012,60,A
USGS,50049100,1/31/2012,89,A
USGS,50049100,2/1/2012,52,A
USGS,50049100,2/2/2012,80,A
USGS,50049100,2/3/2012,47,A
USGS,50049100,2/4/2012,47,A
USGS,50049100,2/5/2012,67,A
USGS,50049100,2/6/2012,40,A
USGS,50049100,2/7/2012,52,A
USGS,50049100,2/8/2012,40,A
USGS,50049100,2/9/2012,32,A
USGS,50049100,2/10/2012,29,A
USGS,50049100,2/11/2012,28,A
USGS,50049100,2/12/2012,28,A
USGS,50049100,2/13/2012,27,A
USGS,50049100,2/14/2012,44,A
USGS,50049100,2/15/2012,31,A
USGS,50049100,2/16/2012,41,A
USGS,50049100,2/17/2012,31,A
USGS,50049100,2/18/2012,28,A
USGS,50049100,2/19/2012,33,A
USGS,50049100,2/20/2012,28,A
USGS,50049100,2/21/2012,25,A
USGS,50049100,2/22/2012,27,A
USGS,50049100,2/23/2012,26,A
USGS,50049100,2/24/2012,28,A
USGS,50049100,2/25/2012,26,A
USGS,50049100,2/26/2012,35,A
USGS,50049100,2/27/2012,32,A
USGS,50049100,2/28/2012,40,A
USGS,50049100,2/29/2012,40,A
USGS,50049100,3/1/2012,99,A
USGS,50049100,3/2/2012,32,A
USGS,50049100,3/3/2012,31,A
USGS,50049100,3/4/2012,28,A
USGS,50049100,3/5/2012,29,A
USGS,50049100,3/6/2012,31,A
USGS,50049100,3/7/2012,76,A
USGS,50049100,3/8/2012,55,A
USGS,50049100,3/9/2012,38,A
USGS,50049100,3/10/2012,28,A
USGS,50049100,3/11/2012,28,A
USGS,50049100,3/12/2012,54,A
USGS,50049100,3/13/2012,32,A
USGS,50049100,3/14/2012,28,A
USGS,50049100,3/15/2012,28,A
USGS,50049100,3/16/2012,29,A
USGS,50049100,3/17/2012,28,A
USGS,50049100,3/18/2012,27,A
USGS,50049100,3/19/2012,28,A
USGS,50049100,3/20/2012,27,A
USGS,50049100,3/21/2012,31,A
USGS,50049100,3/22/2012,88,A
USGS,50049100,3/23/2012,454,A
USGS,50049100,3/24/2012,229,A
USGS,50049100,3/25/2012,295,A
USGS,50049100,3/26/2012,41,A
USGS,50049100,3/27/2012,29,A
USGS,50049100,3/28/2012,114,A
USGS,50049100,3/29/2012,153,A
USGS,50049100,3/30/2012,207,A
USGS,50049100,3/31/2012,51,A
USGS,50049100,4/1/2012,35,A
USGS,50049100,4/2/2012,30,A
USGS,50049100,4/3/2012,32,A
USGS,50049100,4/4/2012,32,A
USGS,50049100,4/5/2012,33,A
USGS,50049100,4/6/2012,28,A
USGS,50049100,4/7/2012,28,A
USGS,50049100,4/8/2012,28,A
USGS,50049100,4/9/2012,73,A
USGS,50049100,4/10/2012,31,A
USGS,50049100,4/11/2012,28,A
USGS,50049100,4/12/2012,40,A
USGS,50049100,4/13/2012,80,A
USGS,50049100,4/14/2012,82,A
USGS,50049100,4/15/2012,38,A
USGS,50049100,4/16/2012,29,A
USGS,50049100,4/17/2012,28,A
USGS,50049100,4/18/2012,27,A
USGS,50049100,4/19/2012,26,A
USGS,50049100,4/20/2012,26,A
USGS,50049100,4/21/2012,32,A
USGS,50049100,4/22/2012,70,A
USGS,50049100,4/23/2012,28,A
USGS,50049100,4/24/2012,27,A
USGS,50049100,4/25/2012,31,A
USGS,50049100,4/26/2012,52,A
USGS,50049100,4/27/2012,37,A
USGS,50049100,4/28/2012,27,A
USGS,50049100,4/29/2012,29,A
USGS,50049100,4/30/2012,44,A
USGS,50049100,5/1/2012,29,A
USGS,50049100,5/2/2012,212,A
USGS,50049100,5/3/2012,103,A
USGS,50049100,5/4/2012,194,A
USGS,50049100,5/5/2012,131,A
USGS,50049100,5/6/2012,107,A
USGS,50049100,5/7/2012,53,A
USGS,50049100,5/8/2012,109,A
USGS,50049100,5/9/2012,55,A
USGS,50049100,5/10/2012,69,A
USGS,50049100,5/11/2012,52,A
USGS,50049100,5/12/2012,28,A
USGS,50049100,5/13/2012,93,A
USGS,50049100,5/14/2012,32,A
USGS,50049100,5/15/2012,62,A
USGS,50049100,5/16/2012,146,A
USGS,50049100,5/17/2012,96,A
USGS,50049100,5/18/2012,511,A
USGS,50049100,5/19/2012,59,A
USGS,50049100,5/20/2012,38,A
USGS,50049100,5/21/2012,37,A
USGS,50049100,5/22/2012,40,A
USGS,50049100,5/23/2012,30,A
USGS,50049100,5/24/2012,29,A
USGS,50049100,5/25/2012,29,A
USGS,50049100,5/26/2012,29,A
USGS,50049100,5/27/2012,38,A
USGS,50049100,5/28/2012,78,A:e
USGS,50049100,5/29/2012,54,A:e
USGS,50049100,5/30/2012,69,A:e
USGS,50049100,5/31/2012,37,A:e
USGS,50049100,6/1/2012,55,A:e
USGS,50049100,6/2/2012,44,A:e
USGS,50049100,6/3/2012,55,A:e
USGS,50049100,6/4/2012,63,A:e
USGS,50049100,6/5/2012,54,A:e
USGS,50049100,6/6/2012,48,A:e
USGS,50049100,6/7/2012,67,A:e
USGS,50049100,6/8/2012,34,A:e
USGS,50049100,6/9/2012,39,A:e
USGS,50049100,6/10/2012,39,A:e
USGS,50049100,6/11/2012,38,A
USGS,50049100,6/12/2012,32,A
USGS,50049100,6/13/2012,30,A
USGS,50049100,6/14/2012,29,A
USGS,50049100,6/15/2012,29,A
USGS,50049100,6/16/2012,30,A
USGS,50049100,6/17/2012,38,A
USGS,50049100,6/18/2012,28,A
USGS,50049100,6/19/2012,27,A
USGS,50049100,6/20/2012,29,A
USGS,50049100,6/21/2012,29,A:e
USGS,50049100,6/22/2012,27,A:e
USGS,50049100,6/23/2012,51,A:e
USGS,50049100,6/24/2012,26,A:e
USGS,50049100,6/25/2012,26,A:e
USGS,50049100,6/26/2012,24,A:e
USGS,50049100,6/27/2012,25,A
USGS,50049100,6/28/2012,26,A
USGS,50049100,6/29/2012,508,A
USGS,50049100,6/30/2012,35,A
USGS,50049100,7/1/2012,26,A
USGS,50049100,7/2/2012,34,A
USGS,50049100,7/3/2012,25,A
USGS,50049100,7/4/2012,64,A
USGS,50049100,7/5/2012,111,A
USGS,50049100,7/6/2012,22,A
USGS,50049100,7/7/2012,17,A
USGS,50049100,7/8/2012,20,A
USGS,50049100,7/9/2012,20,A
USGS,50049100,7/10/2012,16,A
USGS,50049100,7/11/2012,16,A
USGS,50049100,7/12/2012,30,A
USGS,50049100,7/13/2012,19,A
USGS,50049100,7/14/2012,17,A
USGS,50049100,7/15/2012,26,A
USGS,50049100,7/16/2012,17,A
USGS,50049100,7/17/2012,16,A
USGS,50049100,7/18/2012,30,A
USGS,50049100,7/19/2012,23,A
USGS,50049100,7/20/2012,91,A
USGS,50049100,7/21/2012,39,A
USGS,50049100,7/22/2012,20,A
USGS,50049100,7/23/2012,18,A
USGS,50049100,7/24/2012,23,A
USGS,50049100,7/25/2012,17,A
USGS,50049100,7/26/2012,16,A
USGS,50049100,7/27/2012,17,A
USGS,50049100,7/28/2012,18,A
USGS,50049100,7/29/2012,17,A
USGS,50049100,7/30/2012,25,A
USGS,50049100,7/31/2012,45,A
USGS,50049100,8/1/2012,26,A
USGS,50049100,8/2/2012,18,A
USGS,50049100,8/3/2012,18,A
USGS,50049100,8/4/2012,25,A
USGS,50049100,8/5/2012,18,A
USGS,50049100,8/6/2012,18,A
USGS,50049100,8/7/2012,24,A
USGS,50049100,8/8/2012,20,A
USGS,50049100,8/9/2012,25,A
USGS,50049100,8/10/2012,20,A
USGS,50049100,8/11/2012,18,A
USGS,50049100,8/12/2012,20,A
USGS,50049100,8/13/2012,42,A
USGS,50049100,8/14/2012,22,A
USGS,50049100,8/15/2012,37,A
USGS,50049100,8/16/2012,35,A
USGS,50049100,8/17/2012,47,A
USGS,50049100,8/18/2012,26,A
USGS,50049100,8/19/2012,25,A
USGS,50049100,8/20/2012,28,A
USGS,50049100,8/21/2012,113,A
USGS,50049100,8/22/2012,77,A
USGS,50049100,8/23/2012,48,A
USGS,50049100,8/24/2012,143,A
USGS,50049100,8/25/2012,44,A
USGS,50049100,8/26/2012,25,A
USGS,50049100,8/27/2012,24,A
USGS,50049100,8/28/2012,34,A:e
USGS,50049100,8/29/2012,35,A:e
USGS,50049100,8/30/2012,41,A:e
USGS,50049100,8/31/2012,36,A:e
USGS,50049100,9/1/2012,33,A:e
USGS,50049100,9/2/2012,25,A:e
USGS,50049100,9/3/2012,23,A
USGS,50049100,9/4/2012,24,A
USGS,50049100,9/5/2012,23,A
USGS,50049100,9/6/2012,25,A
USGS,50049100,9/7/2012,21,A
USGS,50049100,9/8/2012,25,A
USGS,50049100,9/9/2012,45,A:e
USGS,50049100,9/10/2012,57,A:e
USGS,50049100,9/11/2012,50,A:e
USGS,50049100,9/12/2012,34,A
USGS,50049100,9/13/2012,62,A
USGS,50049100,9/14/2012,70,A
USGS,50049100,9/15/2012,37,A
USGS,50049100,9/16/2012,33,A
USGS,50049100,9/17/2012,40,A
USGS,50049100,9/18/2012,59,A
USGS,50049100,9/19/2012,42,A
USGS,50049100,9/20/2012,44,A
USGS,50049100,9/21/2012,41,A
USGS,50049100,9/22/2012,36,A
USGS,50049100,9/23/2012,33,A
USGS,50049100,9/24/2012,35,A
USGS,50049100,9/25/2012,52,A
USGS,50049100,9/26/2012,53,A
USGS,50049100,9/27/2012,38,A
USGS,50049100,9/28/2012,31,A
USGS,50049100,9/29/2012,35,A
USGS,50049100,9/30/2012,30,A
USGS,50049100,10/1/2012,78,A
USGS,50049100,10/2/2012,67,A
USGS,50049100,10/3/2012,70,A
USGS,50049100,10/4/2012,67,A
USGS,50049100,10/5/2012,42,A
USGS,50049100,10/6/2012,44,A
USGS,50049100,10/7/2012,49,A
USGS,50049100,10/8/2012,85,A
USGS,50049100,10/9/2012,83,A
USGS,50049100,10/10/2012,94,A
USGS,50049100,10/11/2012,125,A
USGS,50049100,10/12/2012,55,A
USGS,50049100,10/13/2012,54,A
USGS,50049100,10/14/2012,88,A
USGS,50049100,10/15/2012,271,A
USGS,50049100,10/16/2012,80,A
USGS,50049100,10/17/2012,70,A
USGS,50049100,10/18/2012,59,A
USGS,50049100,10/19/2012,74,A
USGS,50049100,10/20/2012,48,A
USGS,50049100,10/21/2012,86,A
USGS,50049100,10/22/2012,113,A
USGS,50049100,10/23/2012,32,A
USGS,50049100,10/24/2012,27,A
USGS,50049100,10/25/2012,73,A
USGS,50049100,10/26/2012,96,A
USGS,50049100,10/27/2012,40,A
USGS,50049100,10/28/2012,28,A
USGS,50049100,10/29/2012,25,A
USGS,50049100,10/30/2012,22,A
USGS,50049100,10/31/2012,21,A
USGS,50049100,11/1/2012,20,A
USGS,50049100,11/2/2012,23,A
USGS,50049100,11/3/2012,22,A
USGS,50049100,11/4/2012,21,A
USGS,50049100,11/5/2012,33,A
USGS,50049100,11/6/2012,22,A
USGS,50049100,11/7/2012,20,A
USGS,50049100,11/8/2012,20,A
USGS,50049100,11/9/2012,20,A
USGS,50049100,11/10/2012,26,A
USGS,50049100,11/11/2012,33,A
USGS,50049100,11/12/2012,44,A
USGS,50049100,11/13/2012,27,A
USGS,50049100,11/14/2012,33,A
USGS,50049100,11/15/2012,24,A
USGS,50049100,11/16/2012,56,A
USGS,50049100,11/17/2012,40,A
USGS,50049100,11/18/2012,27,A
USGS,50049100,11/19/2012,27,A
USGS,50049100,11/20/2012,37,A
USGS,50049100,11/21/2012,48,A
USGS,50049100,11/22/2012,186,A
USGS,50049100,11/23/2012,368,A
USGS,50049100,11/24/2012,72,A
USGS,50049100,11/25/2012,39,A
USGS,50049100,11/26/2012,35,A
USGS,50049100,11/27/2012,48,A
USGS,50049100,11/28/2012,35,A
USGS,50049100,11/29/2012,32,A
USGS,50049100,11/30/2012,34,A
USGS,50049100,12/1/2012,76,A
USGS,50049100,12/2/2012,34,A
USGS,50049100,12/3/2012,68,A
USGS,50049100,12/4/2012,84,A
USGS,50049100,12/5/2012,51,A
USGS,50049100,12/6/2012,71,A
USGS,50049100,12/7/2012,29,A:e
USGS,50049100,12/8/2012,25,A:e
USGS,50049100,12/9/2012,24,A:e
USGS,50049100,12/10/2012,27,A:e
USGS,50049100,12/11/2012,52,A:e
USGS,50049100,12/12/2012,71,A:e
USGS,50049100,12/13/2012,66,A:e
USGS,50049100,12/14/2012,46,A:e
USGS,50049100,12/15/2012,23,A:e
USGS,50049100,12/16/2012,46,A:e
USGS,50049100,12/17/2012,24,A:e
USGS,50049100,12/18/2012,26,A:e
USGS,50049100,12/19/2012,38,A:e
USGS,50049100,12/20/2012,33,A:e
USGS,50049100,12/21/2012,94,A:e
USGS,50049100,12/22/2012,77,A:e
USGS,50049100,12/23/2012,31,A:e
USGS,50049100,12/24/2012,25,A:e
USGS,50049100,12/25/2012,25,A:e
USGS,50049100,12/26/2012,27,A:e
USGS,50049100,12/27/2012,25,A:e
USGS,50049100,12/28/2012,30,A:e
USGS,50049100,12/29/2012,27,A:e
USGS,50049100,12/30/2012,22,A:e
USGS,50049100,12/31/2012,21,A:e
USGS,50049100,1/1/2013,38,A:e
USGS,50049100,1/2/2013,31,A:e
USGS,50049100,1/3/2013,25,A:e
USGS,50049100,1/4/2013,35,A:e
USGS,50049100,1/5/2013,34,A:e
USGS,50049100,1/6/2013,31,A:e
USGS,50049100,1/7/2013,30,A:e
USGS,50049100,1/8/2013,31,A:e
USGS,50049100,1/9/2013,32,A:e
USGS,50049100,1/10/2013,25,A:e
USGS,50049100,1/11/2013,46,A:e
USGS,50049100,1/12/2013,43,A:e
USGS,50049100,1/13/2013,30,A:e
USGS,50049100,1/14/2013,28,A:e
USGS,50049100,1/15/2013,32,A:e
USGS,50049100,1/16/2013,29,A:e
USGS,50049100,1/17/2013,31,A:e
USGS,50049100,1/18/2013,22,A:e
USGS,50049100,1/19/2013,29,A:e
USGS,50049100,1/20/2013,31,A:e
USGS,50049100,1/21/2013,23,A:e
USGS,50049100,1/22/2013,34,A:e
USGS,50049100,1/23/2013,31,A:e
USGS,50049100,1/24/2013,22,A:e
USGS,50049100,1/25/2013,25,A:e
USGS,50049100,1/26/2013,50,A:e
USGS,50049100,1/27/2013,35,A:e
USGS,50049100,1/28/2013,30,A:e
USGS,50049100,1/29/2013,59,A:e
USGS,50049100,1/30/2013,37,A:e
USGS,50049100,1/31/2013,41,A:e
USGS,50049100,2/1/2013,60,A:e
USGS,50049100,2/2/2013,33,A:e
USGS,50049100,2/3/2013,28,A:e
USGS,50049100,2/4/2013,28,A:e
USGS,50049100,2/5/2013,21,A:e
USGS,50049100,2/6/2013,23,A:e
USGS,50049100,2/7/2013,25,A:e
USGS,50049100,2/8/2013,23,A:e
USGS,50049100,2/9/2013,23,A:e
USGS,50049100,2/10/2013,22,A:e
USGS,50049100,2/11/2013,49,A:e
USGS,50049100,2/12/2013,41,A:e
USGS,50049100,2/13/2013,24,A:e
USGS,50049100,2/14/2013,24,A:e
USGS,50049100,2/15/2013,32,A:e
USGS,50049100,2/16/2013,30,A:e
USGS,50049100,2/17/2013,20,A:e
USGS,50049100,2/18/2013,18,A:e
USGS,50049100,2/19/2013,22,A:e
USGS,50049100,2/20/2013,18,A:e
USGS,50049100,2/21/2013,22,A:e
USGS,50049100,2/22/2013,19,A:e
USGS,50049100,2/23/2013,28,A:e
USGS,50049100,2/24/2013,23,A:e
USGS,50049100,2/25/2013,18,A:e
USGS,50049100,2/26/2013,22,A:e
USGS,50049100,2/27/2013,27,A:e
USGS,50049100,2/28/2013,20,A:e
USGS,50049100,3/1/2013,18,A:e
USGS,50049100,3/2/2013,20,A:e
USGS,50049100,3/3/2013,17,A:e
USGS,50049100,3/4/2013,89,A:e
USGS,50049100,3/5/2013,98,A:e
USGS,50049100,3/6/2013,49,A:e
USGS,50049100,3/7/2013,24,A:e
USGS,50049100,3/8/2013,20,A:e
USGS,50049100,3/9/2013,21,A:e
USGS,50049100,3/10/2013,43,A:e
USGS,50049100,3/11/2013,19,A:e
USGS,50049100,3/12/2013,17,A:e
USGS,50049100,3/13/2013,16,A
USGS,50049100,3/14/2013,16,A
USGS,50049100,3/15/2013,16,A
USGS,50049100,3/16/2013,16,A
USGS,50049100,3/17/2013,17,A
USGS,50049100,3/18/2013,23,A
USGS,50049100,3/19/2013,33,A
USGS,50049100,3/20/2013,16,A
USGS,50049100,3/21/2013,16,A
USGS,50049100,3/22/2013,18,A
USGS,50049100,3/23/2013,17,A
USGS,50049100,3/24/2013,15,A
USGS,50049100,3/25/2013,15,A
USGS,50049100,3/26/2013,15,A
USGS,50049100,3/27/2013,15,A
USGS,50049100,3/28/2013,15,A
USGS,50049100,3/29/2013,378,A
USGS,50049100,3/30/2013,63,A
USGS,50049100,3/31/2013,70,A
USGS,50049100,4/1/2013,32,A
USGS,50049100,4/2/2013,23,A
USGS,50049100,4/3/2013,30,A
USGS,50049100,4/4/2013,21,A
USGS,50049100,4/5/2013,22,A
USGS,50049100,4/6/2013,21,A
USGS,50049100,4/7/2013,22,A
USGS,50049100,4/8/2013,19,A
USGS,50049100,4/9/2013,30,A
USGS,50049100,4/10/2013,21,A
USGS,50049100,4/11/2013,20,A
USGS,50049100,4/12/2013,20,A
USGS,50049100,4/13/2013,23,A
USGS,50049100,4/14/2013,19,A
USGS,50049100,4/15/2013,29,A
USGS,50049100,4/16/2013,184,A
USGS,50049100,4/17/2013,51,A
USGS,50049100,4/18/2013,29,A
USGS,50049100,4/19/2013,49,A:e
USGS,50049100,4/20/2013,31,A:e
USGS,50049100,4/21/2013,50,A:e
USGS,50049100,4/22/2013,26,A:e
USGS,50049100,4/23/2013,19,A:e
USGS,50049100,4/24/2013,22,A:e
USGS,50049100,4/25/2013,17,A
USGS,50049100,4/26/2013,17,A
USGS,50049100,4/27/2013,18,A
USGS,50049100,4/28/2013,29,A
USGS,50049100,4/29/2013,49,A
USGS,50049100,4/30/2013,444,A
USGS,50049100,5/1/2013,58,A
USGS,50049100,5/2/2013,75,A
USGS,50049100,5/3/2013,49,A
USGS,50049100,5/4/2013,41,A
USGS,50049100,5/5/2013,115,A
USGS,50049100,5/6/2013,48,A
USGS,50049100,5/7/2013,137,A
USGS,50049100,5/8/2013,364,A
USGS,50049100,5/9/2013,132,A
USGS,50049100,5/10/2013,322,A
USGS,50049100,5/11/2013,150,A
USGS,50049100,5/12/2013,59,A
USGS,50049100,5/13/2013,193,A
USGS,50049100,5/14/2013,49,A
USGS,50049100,5/15/2013,41,A
USGS,50049100,5/16/2013,56,A
USGS,50049100,5/17/2013,69,A
USGS,50049100,5/18/2013,44,A
USGS,50049100,5/19/2013,44,A
USGS,50049100,5/20/2013,38,A
USGS,50049100,5/21/2013,856,A
USGS,50049100,5/22/2013,415,A
USGS,50049100,5/23/2013,98,A
USGS,50049100,5/24/2013,68,A
USGS,50049100,5/25/2013,51,A
USGS,50049100,5/26/2013,49,A
USGS,50049100,5/27/2013,270,A
USGS,50049100,5/28/2013,102,A
USGS,50049100,5/29/2013,66,A
USGS,50049100,5/30/2013,97,A
USGS,50049100,5/31/2013,116,A
USGS,50049100,6/1/2013,46,A
USGS,50049100,6/2/2013,89,A
USGS,50049100,6/3/2013,39,A
USGS,50049100,6/4/2013,36,A
USGS,50049100,6/5/2013,111,A
USGS,50049100,6/6/2013,35,A
USGS,50049100,6/7/2013,35,A
USGS,50049100,6/8/2013,31,A
USGS,50049100,6/9/2013,30,A
USGS,50049100,6/10/2013,53,A
USGS,50049100,6/11/2013,53,A
USGS,50049100,6/12/2013,69,A
USGS,50049100,6/13/2013,33,A
USGS,50049100,6/14/2013,30,A
USGS,50049100,6/15/2013,31,A
USGS,50049100,6/16/2013,28,A
USGS,50049100,6/17/2013,27,A
USGS,50049100,6/18/2013,27,A
USGS,50049100,6/19/2013,271,A
USGS,50049100,6/20/2013,44,A
USGS,50049100,6/21/2013,31,A
USGS,50049100,6/22/2013,74,A
USGS,50049100,6/23/2013,84,A
USGS,50049100,6/24/2013,213,A
USGS,50049100,6/25/2013,139,A
USGS,50049100,6/26/2013,235,A
USGS,50049100,6/27/2013,91,A
USGS,50049100,6/28/2013,43,A
USGS,50049100,6/29/2013,35,A
USGS,50049100,6/30/2013,54,A:e
USGS,50049100,7/1/2013,37,A:e
USGS,50049100,7/2/2013,143,A:e
USGS,50049100,7/3/2013,78,A:e
USGS,50049100,7/4/2013,43,A:e
USGS,50049100,7/5/2013,36,A:e
USGS,50049100,7/6/2013,58,A:e
USGS,50049100,7/7/2013,320,A:e
USGS,50049100,7/8/2013,43,A:e
USGS,50049100,7/9/2013,164,A:e
USGS,50049100,7/10/2013,65,A:e
USGS,50049100,7/11/2013,41,A:e
USGS,50049100,7/12/2013,35,A:e
USGS,50049100,7/13/2013,37,A:e
USGS,50049100,7/14/2013,124,A:e
USGS,50049100,7/15/2013,39,A:e
USGS,50049100,7/16/2013,35,A:e
USGS,50049100,7/17/2013,33,A:e
USGS,50049100,7/18/2013,55,A:e
USGS,50049100,7/19/2013,96,A:e
USGS,50049100,7/20/2013,77,A
USGS,50049100,7/21/2013,105,A
USGS,50049100,7/22/2013,200,A
USGS,50049100,7/23/2013,68,A
USGS,50049100,7/24/2013,58,A
USGS,50049100,7/25/2013,56,A
USGS,50049100,7/26/2013,106,A
USGS,50049100,7/27/2013,63,A
USGS,50049100,7/28/2013,78,A:e
USGS,50049100,7/29/2013,55,A
USGS,50049100,7/30/2013,124,A
USGS,50049100,7/31/2013,125,A
USGS,50049100,8/1/2013,70,A
USGS,50049100,8/2/2013,47,A
USGS,50049100,8/3/2013,40,A
USGS,50049100,8/4/2013,37,A
USGS,50049100,8/5/2013,36,A
USGS,50049100,8/6/2013,159,A
USGS,50049100,8/7/2013,111,A:e
USGS,50049100,8/8/2013,149,A:e
USGS,50049100,8/9/2013,191,A:e
USGS,50049100,8/10/2013,58,A
USGS,50049100,8/11/2013,40,A
USGS,50049100,8/12/2013,47,A
USGS,50049100,8/13/2013,39,A
USGS,50049100,8/14/2013,35,A
USGS,50049100,8/15/2013,33,A
USGS,50049100,8/16/2013,186,A
USGS,50049100,8/17/2013,43,A
USGS,50049100,8/18/2013,73,A
USGS,50049100,8/19/2013,75,A
USGS,50049100,8/20/2013,41,A
USGS,50049100,8/21/2013,37,A
USGS,50049100,8/22/2013,63,A
USGS,50049100,8/23/2013,380,A
USGS,50049100,8/24/2013,65,A
USGS,50049100,8/25/2013,61,A
USGS,50049100,8/26/2013,119,A
USGS,50049100,8/27/2013,63,A
USGS,50049100,8/28/2013,43,A
USGS,50049100,8/29/2013,777,A
USGS,50049100,8/30/2013,101,A
USGS,50049100,8/31/2013,120,A
USGS,50049100,9/1/2013,70,A
USGS,50049100,9/2/2013,81,A
USGS,50049100,9/3/2013,176,A
USGS,50049100,9/4/2013,319,A
USGS,50049100,9/5/2013,209,A
USGS,50049100,9/6/2013,77,A
USGS,50049100,9/7/2013,52,A
USGS,50049100,9/8/2013,69,A
USGS,50049100,9/9/2013,37,A
USGS,50049100,9/10/2013,33,A
USGS,50049100,9/11/2013,47,A
USGS,50049100,9/12/2013,131,A
USGS,50049100,9/13/2013,41,A
USGS,50049100,9/14/2013,70,A
USGS,50049100,9/15/2013,31,A
USGS,50049100,9/16/2013,56,A
USGS,50049100,9/17/2013,42,A
USGS,50049100,9/18/2013,33,A
USGS,50049100,9/19/2013,187,A
USGS,50049100,9/20/2013,283,A
USGS,50049100,9/21/2013,78,A
USGS,50049100,9/22/2013,46,A
USGS,50049100,9/23/2013,42,A
USGS,50049100,9/24/2013,41,A
USGS,50049100,9/25/2013,38,A
USGS,50049100,9/26/2013,37,A
USGS,50049100,9/27/2013,37,A
USGS,50049100,9/28/2013,36,A
USGS,50049100,9/29/2013,35,A
USGS,50049100,9/30/2013,35,A
USGS,50049100,10/1/2013,36,A
USGS,50049100,10/2/2013,48,A
USGS,50049100,10/3/2013,49,A
USGS,50049100,10/4/2013,48,A
USGS,50049100,10/5/2013,44,A
USGS,50049100,10/6/2013,239,A
USGS,50049100,10/7/2013,60,A
USGS,50049100,10/8/2013,49,A
USGS,50049100,10/9/2013,82,A
USGS,50049100,10/10/2013,158,A
USGS,50049100,10/11/2013,67,A
USGS,50049100,10/12/2013,164,A
USGS,50049100,10/13/2013,59,A
USGS,50049100,10/14/2013,38,A
USGS,50049100,10/15/2013,34,A
USGS,50049100,10/16/2013,32,A
USGS,50049100,10/17/2013,32,A
USGS,50049100,10/18/2013,31,A
USGS,50049100,10/19/2013,30,A
USGS,50049100,10/20/2013,30,A
USGS,50049100,10/21/2013,84,A
USGS,50049100,10/22/2013,31,A
USGS,50049100,10/23/2013,31,A
USGS,50049100,10/24/2013,30,A
USGS,50049100,10/25/2013,28,A
USGS,50049100,10/26/2013,41,A
USGS,50049100,10/27/2013,108,A
USGS,50049100,10/28/2013,32,A
USGS,50049100,10/29/2013,150,A
USGS,50049100,10/30/2013,32,A
USGS,50049100,10/31/2013,48,A
USGS,50049100,11/1/2013,79,A
USGS,50049100,11/2/2013,72,A
USGS,50049100,11/3/2013,33,A
USGS,50049100,11/4/2013,29,A
USGS,50049100,11/5/2013,91,A
USGS,50049100,11/6/2013,45,A
USGS,50049100,11/7/2013,69,A
USGS,50049100,11/8/2013,30,A
USGS,50049100,11/9/2013,27,A
USGS,50049100,11/10/2013,28,A
USGS,50049100,11/11/2013,27,A
USGS,50049100,11/12/2013,27,A
USGS,50049100,11/13/2013,26,A
USGS,50049100,11/14/2013,25,A
USGS,50049100,11/15/2013,106,A
USGS,50049100,11/16/2013,62,A
USGS,50049100,11/17/2013,46,A
USGS,50049100,11/18/2013,46,A
USGS,50049100,11/19/2013,30,A
USGS,50049100,11/20/2013,26,A
USGS,50049100,11/21/2013,135,A
USGS,50049100,11/22/2013,126,A
USGS,50049100,11/23/2013,32,A
USGS,50049100,11/24/2013,29,A
USGS,50049100,11/25/2013,28,A
USGS,50049100,11/26/2013,30,A
USGS,50049100,11/27/2013,61,A
USGS,50049100,11/28/2013,38,A
USGS,50049100,11/29/2013,45,A
USGS,50049100,11/30/2013,698,A
USGS,50049100,12/1/2013,156,A
USGS,50049100,12/2/2013,76,A
USGS,50049100,12/3/2013,149,A
USGS,50049100,12/4/2013,149,A
USGS,50049100,12/5/2013,415,A
USGS,50049100,12/6/2013,67,A
USGS,50049100,12/7/2013,91,A
USGS,50049100,12/8/2013,128,A
USGS,50049100,12/9/2013,210,A
USGS,50049100,12/10/2013,50,A
USGS,50049100,12/11/2013,79,A
USGS,50049100,12/12/2013,72,A
USGS,50049100,12/13/2013,44,A
USGS,50049100,12/14/2013,38,A
USGS,50049100,12/15/2013,37,A
USGS,50049100,12/16/2013,55,A
USGS,50049100,12/17/2013,37,A
USGS,50049100,12/18/2013,39,A
USGS,50049100,12/19/2013,53,A
USGS,50049100,12/20/2013,63,A
USGS,50049100,12/21/2013,60,A
USGS,50049100,12/22/2013,64,A
USGS,50049100,12/23/2013,89,A
USGS,50049100,12/24/2013,118,A
USGS,50049100,12/25/2013,41,A
USGS,50049100,12/26/2013,35,A
USGS,50049100,12/27/2013,33,A
USGS,50049100,12/28/2013,34,A
USGS,50049100,12/29/2013,38,A
USGS,50049100,12/30/2013,32,A
USGS,50049100,12/31/2013,31,A
USGS,50049100,1/1/2014,42,A
USGS,50049100,1/2/2014,50,A
USGS,50049100,1/3/2014,49,A
USGS,50049100,1/4/2014,39,A
USGS,50049100,1/5/2014,31,A
USGS,50049100,1/6/2014,30,A
USGS,50049100,1/7/2014,30,A
USGS,50049100,1/8/2014,30,A
USGS,50049100,1/9/2014,35,A
USGS,50049100,1/10/2014,29,A
USGS,50049100,1/11/2014,32,A
USGS,50049100,1/12/2014,34,A
USGS,50049100,1/13/2014,33,A
USGS,50049100,1/14/2014,29,A
USGS,50049100,1/15/2014,28,A
USGS,50049100,1/16/2014,27,A
USGS,50049100,1/17/2014,27,A
USGS,50049100,1/18/2014,27,A
USGS,50049100,1/19/2014,27,A
USGS,50049100,1/20/2014,27,A
USGS,50049100,1/21/2014,26,A
USGS,50049100,1/22/2014,26,A
USGS,50049100,1/23/2014,27,A
USGS,50049100,1/24/2014,30,A
USGS,50049100,1/25/2014,29,A
USGS,50049100,1/26/2014,26,A
USGS,50049100,1/27/2014,25,A
USGS,50049100,1/28/2014,25,A
USGS,50049100,1/29/2014,25,A
USGS,50049100,1/30/2014,32,A
USGS,50049100,1/31/2014,31,A
USGS,50049100,2/1/2014,42,A
USGS,50049100,2/2/2014,29,A
USGS,50049100,2/3/2014,27,A
USGS,50049100,2/4/2014,34,A
USGS,50049100,2/5/2014,52,A
USGS,50049100,2/6/2014,36,A
USGS,50049100,2/7/2014,32,A
USGS,50049100,2/8/2014,29,A
USGS,50049100,2/9/2014,26,A
USGS,50049100,2/10/2014,25,A
USGS,50049100,2/11/2014,25,A
USGS,50049100,2/12/2014,82,A
USGS,50049100,2/13/2014,24,A
USGS,50049100,2/14/2014,22,A
USGS,50049100,2/15/2014,22,A
USGS,50049100,2/16/2014,21,A
USGS,50049100,2/17/2014,25,A
USGS,50049100,2/18/2014,43,A
USGS,50049100,2/19/2014,41,A
USGS,50049100,2/20/2014,23,A
USGS,50049100,2/21/2014,51,A
USGS,50049100,2/22/2014,37,A
USGS,50049100,2/23/2014,18,A
USGS,50049100,2/24/2014,17,A
USGS,50049100,2/25/2014,22,A
USGS,50049100,2/26/2014,16,A
USGS,50049100,2/27/2014,30,A:e
USGS,50049100,2/28/2014,22,A:e
USGS,50049100,3/1/2014,16,A
USGS,50049100,3/2/2014,16,A
USGS,50049100,3/3/2014,15,A
USGS,50049100,3/4/2014,19,A
USGS,50049100,3/5/2014,30,A
USGS,50049100,3/6/2014,15,A
USGS,50049100,3/7/2014,15,A
USGS,50049100,3/8/2014,15,A
USGS,50049100,3/9/2014,15,A
USGS,50049100,3/10/2014,16,A
USGS,50049100,3/11/2014,18,A
USGS,50049100,3/12/2014,14,A
USGS,50049100,3/13/2014,16,A
USGS,50049100,3/14/2014,14,A
USGS,50049100,3/15/2014,14,A
USGS,50049100,3/16/2014,15,A
USGS,50049100,3/17/2014,14,A
USGS,50049100,3/18/2014,14,A
USGS,50049100,3/19/2014,14,A
USGS,50049100,3/20/2014,14,A
USGS,50049100,3/21/2014,14,A
USGS,50049100,3/22/2014,14,A
USGS,50049100,3/23/2014,15,A
USGS,50049100,3/24/2014,14,A
USGS,50049100,3/25/2014,14,A
USGS,50049100,3/26/2014,14,A
USGS,50049100,3/27/2014,15,A
USGS,50049100,3/28/2014,18,A
USGS,50049100,3/29/2014,16,A
USGS,50049100,3/30/2014,14,A
USGS,50049100,3/31/2014,14,A
USGS,50049100,4/1/2014,14,A
USGS,50049100,4/2/2014,14,A
USGS,50049100,4/3/2014,44,A
USGS,50049100,4/4/2014,46,A
USGS,50049100,4/5/2014,31,A
USGS,50049100,4/6/2014,14,A
USGS,50049100,4/7/2014,14,A
USGS,50049100,4/8/2014,14,A
USGS,50049100,4/9/2014,15,A
USGS,50049100,4/10/2014,14,A
USGS,50049100,4/11/2014,15,A
USGS,50049100,4/12/2014,15,A
USGS,50049100,4/13/2014,16,A
USGS,50049100,4/14/2014,15,A
USGS,50049100,4/15/2014,32,A
USGS,50049100,4/16/2014,16,A
USGS,50049100,4/17/2014,14,A
USGS,50049100,4/18/2014,14,A
USGS,50049100,4/19/2014,22,A
USGS,50049100,4/20/2014,30,A
USGS,50049100,4/21/2014,13,A
USGS,50049100,4/22/2014,13,A
USGS,50049100,4/23/2014,13,A
USGS,50049100,4/24/2014,13,A
USGS,50049100,4/25/2014,12,A
USGS,50049100,4/26/2014,12,A
USGS,50049100,4/27/2014,12,A
USGS,50049100,4/28/2014,12,A
USGS,50049100,4/29/2014,12,A
USGS,50049100,4/30/2014,13,A
USGS,50049100,5/1/2014,13,A
USGS,50049100,5/2/2014,12,A
USGS,50049100,5/3/2014,14,A
USGS,50049100,5/4/2014,16,A
USGS,50049100,5/5/2014,24,A
USGS,50049100,5/6/2014,99,A
USGS,50049100,5/7/2014,40,A
USGS,50049100,5/8/2014,419,A
USGS,50049100,5/9/2014,68,A
USGS,50049100,5/10/2014,423,A
USGS,50049100,5/11/2014,83,A
USGS,50049100,5/12/2014,147,A
USGS,50049100,5/13/2014,54,A
USGS,50049100,5/14/2014,31,A
USGS,50049100,5/15/2014,29,A
USGS,50049100,5/16/2014,33,A
USGS,50049100,5/17/2014,30,A
USGS,50049100,5/18/2014,21,A
USGS,50049100,5/19/2014,21,A
USGS,50049100,5/20/2014,35,A
USGS,50049100,5/21/2014,20,A
USGS,50049100,5/22/2014,18,A
USGS,50049100,5/23/2014,17,A
USGS,50049100,5/24/2014,16,A
USGS,50049100,5/25/2014,20,A
USGS,50049100,5/26/2014,28,A
USGS,50049100,5/27/2014,19,A
USGS,50049100,5/28/2014,28,A
USGS,50049100,5/29/2014,36,A
USGS,50049100,5/30/2014,34,A
USGS,50049100,5/31/2014,20,A
USGS,50049100,6/1/2014,17,A
USGS,50049100,6/2/2014,16,A
USGS,50049100,6/3/2014,15,A
USGS,50049100,6/4/2014,14,A
USGS,50049100,6/5/2014,28,A
USGS,50049100,6/6/2014,15,A
USGS,50049100,6/7/2014,17,A
USGS,50049100,6/8/2014,17,A
USGS,50049100,6/9/2014,15,A
USGS,50049100,6/10/2014,14,A
USGS,50049100,6/11/2014,15,A
USGS,50049100,6/12/2014,13,A
USGS,50049100,6/13/2014,13,A
USGS,50049100,6/14/2014,14,A
USGS,50049100,6/15/2014,14,A
USGS,50049100,6/16/2014,14,A
USGS,50049100,6/17/2014,14,A
USGS,50049100,6/18/2014,17,A
USGS,50049100,6/19/2014,19,A
USGS,50049100,6/20/2014,22,A
USGS,50049100,6/21/2014,14,A
USGS,50049100,6/22/2014,12,A
USGS,50049100,6/23/2014,17,A
USGS,50049100,6/24/2014,13,A
USGS,50049100,6/25/2014,12,A
USGS,50049100,6/26/2014,12,A
USGS,50049100,6/27/2014,13,A
USGS,50049100,6/28/2014,13,A
USGS,50049100,6/29/2014,14,A
USGS,50049100,6/30/2014,24,A
USGS,50049100,7/1/2014,13,A
USGS,50049100,7/2/2014,12,A
USGS,50049100,7/3/2014,24,A
USGS,50049100,7/4/2014,12,A
USGS,50049100,7/5/2014,73,A
USGS,50049100,7/6/2014,19,A
USGS,50049100,7/7/2014,13,A
USGS,50049100,7/8/2014,12,A
USGS,50049100,7/9/2014,17,A
USGS,50049100,7/10/2014,12,A
USGS,50049100,7/11/2014,26,A
USGS,50049100,7/12/2014,13,A
USGS,50049100,7/13/2014,37,A
USGS,50049100,7/14/2014,33,A
USGS,50049100,7/15/2014,13,A
USGS,50049100,7/16/2014,12,A
USGS,50049100,7/17/2014,26,A
USGS,50049100,7/18/2014,40,A
USGS,50049100,7/19/2014,18,A
USGS,50049100,7/20/2014,11,A
USGS,50049100,7/21/2014,18,A
USGS,50049100,7/22/2014,19,A
USGS,50049100,7/23/2014,13,A
USGS,50049100,7/24/2014,12,A
USGS,50049100,7/25/2014,12,A
USGS,50049100,7/26/2014,11,A
USGS,50049100,7/27/2014,12,A
USGS,50049100,7/28/2014,11,A
USGS,50049100,7/29/2014,11,A
USGS,50049100,7/30/2014,16,A
USGS,50049100,7/31/2014,11,A
USGS,50049100,8/1/2014,10,A
USGS,50049100,8/2/2014,125,A
USGS,50049100,8/3/2014,47,A
USGS,50049100,8/4/2014,16,A
USGS,50049100,8/5/2014,56,A
USGS,50049100,8/6/2014,13,A
USGS,50049100,8/7/2014,11,A
USGS,50049100,8/8/2014,21,A
USGS,50049100,8/9/2014,13,A
USGS,50049100,8/10/2014,12,A
USGS,50049100,8/11/2014,49,A
USGS,50049100,8/12/2014,29,A
USGS,50049100,8/13/2014,13,A
USGS,50049100,8/14/2014,12,A
USGS,50049100,8/15/2014,12,A
USGS,50049100,8/16/2014,83,A
USGS,50049100,8/17/2014,16,A
USGS,50049100,8/18/2014,12,A
USGS,50049100,8/19/2014,16,A
USGS,50049100,8/20/2014,85,A
USGS,50049100,8/21/2014,54,A
USGS,50049100,8/22/2014,262,A
USGS,50049100,8/23/2014,560,A
USGS,50049100,8/24/2014,96,A
USGS,50049100,8/25/2014,30,A
USGS,50049100,8/26/2014,19,A
USGS,50049100,8/27/2014,16,A
USGS,50049100,8/28/2014,19,A
USGS,50049100,8/29/2014,14,A
USGS,50049100,8/30/2014,15,A
USGS,50049100,8/31/2014,20,A
USGS,50049100,9/1/2014,22,A
USGS,50049100,9/2/2014,85,A
USGS,50049100,9/3/2014,14,A
USGS,50049100,9/4/2014,112,A
USGS,50049100,9/5/2014,29,A
USGS,50049100,9/6/2014,16,A
USGS,50049100,9/7/2014,56,A
USGS,50049100,9/8/2014,20,A
USGS,50049100,9/9/2014,147,A
USGS,50049100,9/10/2014,205,A
USGS,50049100,9/11/2014,61,A
USGS,50049100,9/12/2014,39,A
USGS,50049100,9/13/2014,34,A
USGS,50049100,9/14/2014,102,A
USGS,50049100,9/15/2014,33,A
USGS,50049100,9/16/2014,27,A
USGS,50049100,9/17/2014,25,A
USGS,50049100,9/18/2014,33,A
USGS,50049100,9/19/2014,187,A
USGS,50049100,9/20/2014,105,A
USGS,50049100,9/21/2014,50,A
USGS,50049100,9/22/2014,39,A
USGS,50049100,9/23/2014,43,A
USGS,50049100,9/24/2014,128,A
USGS,50049100,9/25/2014,195,A
USGS,50049100,9/26/2014,128,A
USGS,50049100,9/27/2014,52,A
USGS,50049100,9/28/2014,31,A
USGS,50049100,9/29/2014,24,A
USGS,50049100,9/30/2014,21,A
USGS,50049100,10/1/2014,22,A
USGS,50049100,10/2/2014,19,A
USGS,50049100,10/3/2014,17,A
USGS,50049100,10/4/2014,18,A
USGS,50049100,10/5/2014,17,A
USGS,50049100,10/6/2014,16,A
USGS,50049100,10/7/2014,15,A
USGS,50049100,10/8/2014,15,A
USGS,50049100,10/9/2014,16,A
USGS,50049100,10/10/2014,87,A
USGS,50049100,10/11/2014,45,A
USGS,50049100,10/12/2014,25,A
USGS,50049100,10/13/2014,55,A
USGS,50049100,10/14/2014,67,A
USGS,50049100,10/15/2014,21,A
USGS,50049100,10/16/2014,36,A
USGS,50049100,10/17/2014,21,A
USGS,50049100,10/18/2014,16,A
USGS,50049100,10/19/2014,23,A
USGS,50049100,10/20/2014,19,A
USGS,50049100,10/21/2014,23,A
USGS,50049100,10/22/2014,15,A
USGS,50049100,10/23/2014,15,A
USGS,50049100,10/24/2014,14,A
USGS,50049100,10/25/2014,14,A
USGS,50049100,10/26/2014,14,A
USGS,50049100,10/27/2014,14,A
USGS,50049100,10/28/2014,14,A
USGS,50049100,10/29/2014,17,A
USGS,50049100,10/30/2014,136,A
USGS,50049100,10/31/2014,77,A
USGS,50049100,11/1/2014,16,A
USGS,50049100,11/2/2014,15,A
USGS,50049100,11/3/2014,33,A
USGS,50049100,11/4/2014,306,A
USGS,50049100,11/5/2014,46,A
USGS,50049100,11/6/2014,29,A
USGS,50049100,11/7/2014,835,A
USGS,50049100,11/8/2014,90,A
USGS,50049100,11/9/2014,43,A
USGS,50049100,11/10/2014,32,A
USGS,50049100,11/11/2014,38,A
USGS,50049100,11/12/2014,31,A
USGS,50049100,11/13/2014,24,A
USGS,50049100,11/14/2014,38,A
USGS,50049100,11/15/2014,21,A
USGS,50049100,11/16/2014,28,A
USGS,50049100,11/17/2014,30,A
USGS,50049100,11/18/2014,22,A
USGS,50049100,11/19/2014,34,A
USGS,50049100,11/20/2014,21,A
USGS,50049100,11/21/2014,21,A
USGS,50049100,11/22/2014,177,A
USGS,50049100,11/23/2014,44,A
USGS,50049100,11/24/2014,26,A
USGS,50049100,11/25/2014,64,A
USGS,50049100,11/26/2014,81,A
USGS,50049100,11/27/2014,29,A
USGS,50049100,11/28/2014,20,A
USGS,50049100,11/29/2014,34,A
USGS,50049100,11/30/2014,18,A
USGS,50049100,12/1/2014,18,A
USGS,50049100,12/2/2014,29,A
USGS,50049100,12/3/2014,20,A
USGS,50049100,12/4/2014,50,A
USGS,50049100,12/5/2014,18,A
USGS,50049100,12/6/2014,17,A
USGS,50049100,12/7/2014,15,A
USGS,50049100,12/8/2014,14,A
USGS,50049100,12/9/2014,14,A
USGS,50049100,12/10/2014,14,A
USGS,50049100,12/11/2014,14,A
USGS,50049100,12/12/2014,47,A
USGS,50049100,12/13/2014,19,A
USGS,50049100,12/14/2014,19,A
USGS,50049100,12/15/2014,111,A
USGS,50049100,12/16/2014,760,A
USGS,50049100,12/17/2014,84,A
USGS,50049100,12/18/2014,54,A
USGS,50049100,12/19/2014,43,A
USGS,50049100,12/20/2014,35,A
USGS,50049100,12/21/2014,31,A
USGS,50049100,12/22/2014,30,A
USGS,50049100,12/23/2014,29,A
USGS,50049100,12/24/2014,29,A
USGS,50049100,12/25/2014,68,A
USGS,50049100,12/26/2014,38,A
USGS,50049100,12/27/2014,30,A
USGS,50049100,12/28/2014,33,A
USGS,50049100,12/29/2014,27,A
USGS,50049100,12/30/2014,26,A
USGS,50049100,12/31/2014,26,A
