"","Code","Sample_ID","Sample_Date","Sample_Time","Qm3","PR.Gage.Ht","PR.Discharge","USGS_STAGE","USGS_cfps","Temp","pH","Cond","Cl_mg_L","NO3.N_ug_N_L","SO4_S_mg_L","Na_mg_L","K_mg_L","Mg_mg_L","Ca_mg_L","NH4.N_ug_L","PO4.P_ug_P_L","DOC_mg_L","DIC_mg_L","TDN_mg_L","TDP_ug_P_L","SiO2_mg_L","DON_mg_L","TSS_mg_L","Month","Year","MonYr","UNH","Sample_Type","Site","FinalID","PC","PN","PO4_Lachat","Fluoride_mg_L","date","CFS"
"1",27845,"QS","1/5/2009",955,0.05,3.2,NA,2.89,1.7,20,6.93,56,7.85,88.95,0.55,4.99,0.23,1.85,2.94,2.5,2,3.72,NA,0.16,NA,12.71,0.07,1.73,1,2009,"15-Jan-09",NA,"Stream","QS","QS",NA,NA,NA,NA,2009-01-05,1.75
"2",27861,"QS","1/13/2009",951,0.12,3.54,NA,3.22,4.1,20.1,6.94,51.1,7.66,86.87,0.54,4.64,0.22,1.63,3.05,5.7,2,1.65,NA,0.18,NA,10.59,0.09,3.1,1,2009,"15-Jan-09",NA,"Stream","QS","QS",NA,NA,NA,NA,2009-01-13,2
"3",27877,"QS","1/20/2009",915,0.05,3.22,NA,2.92,1.9,20.5,6.89,55.1,6.7,84.95,0.54,4.8,0.24,1.78,2.78,14.53,2,1.56,NA,0.14,NA,11.11,0.04,2.3,1,2009,"15-Jan-09",NA,"Stream","QS","QS",NA,NA,NA,NA,2009-01-20,2
"4",27893,"QS","1/27/2009",940,0.05,3.2,NA,2.92,1.9,20.5,7.04,55,7.4,83.02,0.54,4.88,0.21,1.77,3.15,6.61,2,1.18,NA,0.16,NA,11.45,0.07,1.8,1,2009,"15-Jan-09",NA,"Stream","QS","QS",NA,NA,NA,NA,2009-01-27,2.6
"5",27909,"QS","2/3/2009",905,0.03,3,NA,2.69,0.95,20.6,6.96,57.1,7.61,97.3,0.54,5.05,0.23,1.93,3.08,2.5,2,3.47,NA,0.17,NA,12.37,0.07,1.5,2,2009,"15-Feb-09",NA,"Stream","QS","QS",NA,NA,NA,NA,2009-02-03,0.955
"6",27925,"QS","2/10/2009",942,0.15,3.62,NA,3.32,5.2,20.1,6.94,47,7.01,22.98,0.57,4.33,0.23,1.59,2.41,6.65,2,2.14,NA,0.13,NA,8.65,0.1,2.7,2,2009,"15-Feb-09",NA,"Stream","QS","QS",NA,NA,NA,NA,2009-02-10,12.2
"7",27941,"QS","2/17/2009",855,0.04,3.12,NA,2.8,1.3,19.1,6.92,55.1,7.47,50.71,0.56,4.93,0.24,1.96,3.01,2.5,2,0.93,NA,0.15,NA,12.66,0.09,2.39,2,2009,"15-Feb-09",NA,"Stream","QS","QS",NA,NA,NA,NA,2009-02-17,1.35
"8",27957,"QS","2/24/2009",915,0.03,3.08,NA,2.75,1.1,20,6.95,56,7.73,54.95,0.59,5.23,0.19,2.06,2.96,6.78,2,0.97,NA,0.15,NA,13.07,0.09,1.8,2,2009,"15-Feb-09",NA,"Stream","QS","QS",NA,NA,NA,NA,2009-02-24,1.1
"9",27973,"QS","3/3/2009",923,0.02,2.9,NA,2.57,0.64,20.6,7.2,60,7.94,119.83,0.52,5.37,0.22,2.08,2.96,2.5,2,1.08,NA,0.14,NA,13.97,0.02,1.3,3,2009,"15-Mar-09",NA,"Stream","QS","QS",NA,NA,NA,NA,2009-03-03,0.635
"10",27989,"QS","3/10/2009",930,0.08,3.12,NA,3.15,2.9,18.8,7.03,55.2,8.16,73.96,0.55,5.04,0.22,1.91,2.63,10.13,2,1.07,NA,0.14,NA,12.94,0.06,1.5,3,2009,"15-Mar-09",NA,"Stream","QS","QS",NA,NA,NA,NA,2009-03-10,2.9
"11",28005,"QS","3/17/2009",945,0.48,3.9,NA,3.58,17,19.3,6.9,59,10.29,46.64,0.58,5,0.23,1.65,2.54,2.5,2,2.29,NA,0.12,NA,6.59,0.07,2.5,3,2009,"15-Mar-09",NA,"Stream","QS","QS",NA,NA,NA,NA,2009-03-17,38.5
"12",28021,"QS","3/24/2009",935,0.2,3.74,NA,3.41,7.2,19.1,6.77,45.1,8.98,29.78,0.6,4.78,0.25,1.54,2.46,2.5,2,3.01,NA,0.1,NA,6.79,0.08,2.4,3,2009,"15-Mar-09",NA,"Stream","QS","QS",NA,NA,NA,NA,2009-03-24,32.5
"13",28037,"QS","3/31/2009",1005,0.12,3.48,NA,3.14,4.1,20,7.03,55,7.91,69.71,0.6,5.24,0.26,1.88,2.94,2.5,2,1.13,NA,0.13,NA,12.27,0.06,1.3,3,2009,"15-Mar-09",NA,"Stream","QS","QS",NA,NA,NA,NA,2009-03-31,10.75
"14",28053,"QS","4/7/2009",1045,NA,3.2,NA,NA,NA,20.4,7.08,56.1,7.98,72.9,0.54,5.32,0.27,1.96,3.14,2.5,2,1.08,NA,0.14,NA,12.93,0.06,1.6,4,2009,"15-Apr-09",NA,"Stream","QS","QS",NA,NA,NA,NA,2009-04-07,2.2
"15",28069,"QS","4/14/2009",1050,0.08,3.12,NA,3.18,2.7,21.1,7.01,55,7.72,48.26,0.57,5.45,0.26,2.03,3.1,2.5,2,0.98,NA,0.1,NA,13.73,0.06,1.3,4,2009,"15-Apr-09",NA,"Stream","QS","QS",NA,NA,NA,NA,2009-04-14,2.6
"16",28085,"QS","4/21/2009",921,0.74,4.2,NA,4.24,26,20.9,6.58,46.2,7.34,31.23,0.74,4.37,0.34,1.31,2.1,5.91,2,4.22,NA,0.14,NA,6.34,0.11,5.07,4,2009,"15-Apr-09",NA,"Stream","QS","QS",NA,NA,NA,NA,2009-04-21,19.6
"17",28101,"QS","4/28/2009",931,0.16,3.44,NA,3.52,5.5,20.8,6.89,56,8.02,45.14,0.61,4.96,0.32,1.64,2.62,2.5,6.8,1.73,NA,0.11,NA,10.54,0.06,1.7,4,2009,"15-Apr-09",NA,"Stream","QS","QS",NA,NA,NA,NA,2009-04-28,4.9
"18",28117,"QS","5/5/2009",905,0.11,3.4,NA,3.46,4,20.7,7.03,55,7.73,80.17,0.61,5.03,0.31,1.61,2.58,2.5,2,1.43,NA,0.12,NA,9.83,0.04,1.9,5,2009,"15-May-09",NA,"Stream","QS","QS",NA,NA,NA,NA,2009-05-05,3.85
"19",28133,"QS","5/12/2009",930,0.26,3.8,NA,3.89,9.3,20.8,6.87,47.1,8.56,44.93,0.57,4.55,0.28,1.35,2.07,11.22,2,1.4,NA,0.14,NA,7.62,0.08,1.6,5,2009,"15-May-09",NA,"Stream","QS","QS",NA,NA,NA,NA,2009-05-12,30
"20",28149,"QS","5/19/2009",847,NA,3.9,NA,NA,NA,20.8,6.56,45.1,7.23,36.98,0.54,4.53,0.28,1.31,2.55,13.59,2,2.28,NA,0.12,NA,7.32,0.07,1.8,5,2009,"15-May-09",NA,"Stream","QS","QS",NA,NA,NA,NA,2009-05-19,19
"21",28165,"QS","5/26/2009",817,NA,3.45,NA,NA,NA,22.3,6.64,52,7.5,70.48,0.55,5.06,0.28,1.62,3.09,2.5,2,1.25,NA,0.12,NA,11.22,0.05,1,5,2009,"15-May-09",NA,"Stream","QS","QS",NA,NA,NA,NA,2009-05-26,5.4
"22",28181,"QS","6/2/2009",935,0.99,4.6,NA,4.59,35,21.9,6.38,43.1,6.86,63.46,0.67,4.23,0.34,1.3,2.48,15.58,2,3.73,NA,0.15,NA,7.25,0.07,15,6,2009,"15-Jun-09",NA,"Stream","QS","QS",NA,NA,NA,NA,2009-06-02,7.7
"23",28197,"QS","6/9/2009",829,0.1,3.5,NA,3.58,3.4,21.9,6.6,49.3,7.12,60.85,0.61,4.57,0.3,1.51,2.81,8.67,2,1.8,NA,0.13,NA,9.99,0.06,1.27,6,2009,"15-Jun-09",NA,"Stream","QS","QS",NA,NA,NA,NA,2009-06-09,3.8
"24",28213,"QS","6/16/2009",829,0.08,3.45,NA,3.51,2.8,22.2,6.57,50.4,7.3,56.51,0.52,4.9,0.29,1.6,2.53,12.75,2,1.17,NA,0.14,NA,11.51,0.07,0.9,6,2009,"15-Jun-09",NA,"Stream","QS","QS",NA,NA,NA,NA,2009-06-16,3.15
"25",28229,"QS","6/23/2009",813,0.07,3.35,NA,3.4,2.4,22.4,7.3,52.1,7.35,76.3,0.57,5.02,0.27,1.74,2.73,8.85,2,1.16,NA,0.12,NA,12.16,0.03,1.3,6,2009,"15-Jun-09",NA,"Stream","QS","QS",NA,NA,NA,NA,2009-06-23,2.5
"26",28245,"QS","6/30/2009",826,0.05,3.15,NA,3.21,1.6,22.8,7.15,56.2,7.21,81.07,0.58,5.31,0.25,1.91,2.78,2.5,2,0.95,NA,0.09,NA,12.26,0.01,9.2,6,2009,"15-Jun-09",NA,"Stream","QS","QS",NA,NA,NA,NA,2009-06-30,1.7
"27",28261,"QS","7/7/2009",927,0.17,3.4,NA,3.68,6.1,23.6,7.14,46.9,6.31,31.4,0.59,4.46,0.25,1.42,2.24,8.92,2,2.04,NA,0.13,NA,9.61,0.08,5.4,7,2009,"15-Jul-09",NA,"Stream","QS","QS",NA,NA,NA,NA,2009-07-07,6.45
"28",28277,"QS","7/14/2009",833,0.08,3.4,NA,3.36,2.8,23,6.83,52,6.89,46.04,0.61,4.91,0.24,1.65,2.59,10.57,2,2.28,NA,0.2,NA,11.26,0.14,0.9,7,2009,"15-Jul-09",NA,"Stream","QS","QS",NA,NA,NA,NA,2009-07-14,3.3
"29",28293,"QS","7/21/2009",859,0.15,3.45,NA,3.63,5.4,22.9,6.73,50.9,7.69,44.73,0.63,4.62,0.33,1.62,2.59,2.5,2,2.44,NA,0.04,NA,10.3,0.01,0.8,7,2009,"15-Jul-09",NA,"Stream","QS","QS",NA,NA,NA,NA,2009-07-21,24.1
"30",28309,"QS","7/28/2009",1015,0.1,3.35,NA,3.45,3.5,24.1,6.88,53,7.68,45.45,0.57,4.79,0.35,1.69,2.74,10.46,2,1.67,NA,0.09,NA,10.23,0.04,1.1,7,2009,"15-Jul-09",NA,"Stream","QS","QS",NA,NA,NA,NA,2009-07-28,4.5
"31",28325,"QS","8/4/2009",820,0.45,4.1,NA,4.12,16,23.5,6.81,48.6,7.48,32.19,0.57,4.62,0.35,1.58,2.59,7.03,2,2.8,NA,0.31,NA,8.32,0.27,4.6,8,2009,"15-Aug-09",NA,"Stream","QS","QS",NA,NA,NA,NA,2009-08-04,7.65
"32",28341,"QS","8/11/2009",824,0.08,3.35,NA,3.37,2.8,23.9,6.72,54,7.73,71.06,0.58,4.91,0.25,1.65,2.55,8.6,2,1.43,NA,0.14,NA,10.83,0.06,5.4,8,2009,"15-Aug-09",NA,"Stream","QS","QS",NA,NA,NA,NA,2009-08-11,2.95
"33",28357,"QS","8/18/2009",810,0.13,3.6,NA,3.78,4.5,23.6,6.61,46.3,6.24,41.28,0.58,4.34,0.28,1.25,2.34,5.02,2,2.02,NA,0.1,NA,8.92,0.05,1.6,8,2009,"15-Aug-09",NA,"Stream","QS","QS",NA,NA,NA,NA,2009-08-18,6.35
"34",28373,"QS","8/25/2009",750,0.28,3.9,NA,4.11,10,23.4,6.55,42,6.19,30.45,0.51,4.03,0.27,1.16,2.22,8.52,2,3.6,NA,0.12,NA,6.92,0.09,2.4,8,2009,"15-Aug-09",NA,"Stream","QS","QS",NA,NA,NA,NA,2009-08-25,14.5
"35",28389,"QS","9/1/2009",752,0.04,3.35,NA,3.39,1.4,24.3,6.64,52.1,6.83,88.31,0.57,4.88,0.29,1.54,2.87,2.5,2,1.64,NA,0.14,NA,11.29,0.04,0.25,9,2009,"15-Sep-09",NA,"Stream","QS","QS",NA,NA,NA,NA,2009-09-01,1.45
"36",28405,"QS","9/8/2009",813,0.06,3.5,NA,3.5,2,23.5,6.57,48.8,7.3,32.95,0.56,4.62,0.29,1.4,2.72,2.5,2,1.82,NA,0.12,NA,10.02,0.09,0.5,9,2009,"15-Sep-09",NA,"Stream","QS","QS",NA,NA,NA,NA,2009-09-08,2.1
"37",28421,"QS","9/15/2009",808,0.04,3.4,NA,3.42,1.5,23.6,6.75,50.1,6.4,62.61,0.57,4.67,0.29,1.51,2.87,9.37,2,2.05,NA,0.14,NA,10.74,0.07,0.4,9,2009,"15-Sep-09",NA,"Stream","QS","QS",NA,NA,NA,NA,2009-09-15,2.75
"38",28437,"QS","9/22/2009",817,0.16,3.8,NA,3.87,5.8,23.4,6.75,38.7,5.48,34.9,0.5,3.84,0.35,1.1,2.11,6.21,2,2.59,NA,0.11,NA,6.98,0.07,2.2,9,2009,"15-Sep-09",NA,"Stream","QS","QS",NA,NA,NA,NA,2009-09-22,11.8
"39",28455,"QS","9/29/2009",814,0.04,3.35,NA,3.36,1.3,23.9,6.69,52.5,7.06,79.16,0.51,4.88,0.32,1.57,2.95,2.5,2,0.92,NA,0.13,NA,11.89,0.05,0.5,9,2009,"15-Sep-09",NA,"Stream","QS","QS",NA,NA,NA,NA,2009-09-29,1.25
"40",28471,"QS","10/6/2009",755,0.03,3.35,NA,3.34,1.2,23.9,6.71,51.1,6.36,58.8,0.51,4.62,0.33,1.5,2.82,6.86,9.18,1.73,NA,0.15,NA,12.47,0.09,1,10,2009,"15-Oct-09",NA,"Stream","QS","QS",NA,NA,NA,NA,2009-10-06,1.25
"41",28487,"QS","10/13/2009",804,0.07,3.5,NA,3.55,2.4,23.9,6.74,43.3,5.71,70.1,0.53,4.02,0.31,1.25,2.34,2.5,6.5,2.53,NA,0.16,NA,9.9,0.08,1.1,10,2009,"15-Oct-09",NA,"Stream","QS","QS",NA,NA,NA,NA,2009-10-13,4.55
"42",28503,"QS","10/20/2009",758,0.03,3.25,NA,3.28,1.1,23.5,6.75,51,6.75,111.6,0.52,4.73,0.33,1.63,3.03,2.5,6.32,1.24,NA,0.16,NA,11.8,0.05,0.8,10,2009,"15-Oct-09",NA,"Stream","QS","QS",NA,NA,NA,NA,2009-10-20,1.05
"43",28519,"QS","10/27/2009",840,0.03,3.1,NA,3.13,1.2,23.7,6.84,56.6,6.91,106.9,0.51,5.05,0.33,1.8,2.61,2.5,4.75,1.08,NA,0.17,NA,13.34,0.06,0.3,10,2009,"15-Oct-09",NA,"Stream","QS","QS",NA,NA,NA,NA,2009-10-27,1.25
"44",28535,"QS","11/3/2009",1010,0.06,3.2,NA,3.22,2.2,23.5,6.73,53.2,6.64,79.8,0.54,4.78,0.34,1.69,3.24,14.31,2,1.51,NA,0.18,NA,12.13,0.09,1.3,11,2009,"15-Nov-09",NA,"Stream","QS","QS",NA,NA,NA,NA,2009-11-03,2.85
"45",28551,"QS","11/10/2009",847,0.34,4,NA,3.94,12,22.7,6.58,39.3,4.15,44.4,0.25,2.49,0.17,0.36,0.59,7,2,2.5,NA,0.14,NA,7.75,0.09,1.1,11,2009,"15-Nov-09",NA,"Stream","QS","QS",NA,NA,NA,NA,2009-11-10,14.5
"46",28567,"QS","11/17/2009",825,0.14,3.55,NA,3.54,5.1,22.8,6.69,45.3,6.03,55,0.59,4.32,0.43,1.59,2.75,2.5,2,2.08,NA,0.15,NA,10.07,0.09,2.3,11,2009,"15-Nov-09",NA,"Stream","QS","QS",NA,NA,NA,NA,2009-11-17,7.85
"47",28583,"QS","11/24/2009",822,0.22,3.7,NA,3.73,7.9,23.3,6.65,49.7,6.55,78.5,0.57,4.67,0.45,1.76,2.98,10.64,8.77,1.62,NA,0.18,NA,11.89,0.09,3.3,11,2009,"15-Nov-09",NA,"Stream","QS","QS",NA,NA,NA,NA,2009-11-24,3.95
"48",28599,"QS","12/1/2009",818,0.05,3.2,NA,3.13,1.7,22.6,6.72,55.7,7.23,96.8,0.56,5.12,0.45,1.96,3.21,12.48,4.08,0.95,NA,0.17,NA,12.9,0.07,0.5,12,2009,"15-Dec-09",NA,"Stream","QS","QS",NA,NA,NA,NA,2009-12-01,1.7
"49",28615,"QS","12/8/2009",808,0.07,3.35,NA,3.24,2.4,22.8,6.84,52.3,6.62,81.8,0.56,4.76,0.33,1.62,2.93,2.5,4.39,1.62,NA,0.14,NA,12.09,0.06,1.2,12,2009,"15-Dec-09",NA,"Stream","QS","QS",NA,NA,NA,NA,2009-12-08,2.8
"50",28631,"QS","12/15/2009",814,0.1,3.5,NA,3.38,3.4,22,6.68,52.2,6.94,73.8,0.55,4.64,0.33,1.56,2.9,5.63,2,1.47,NA,0.14,NA,11.29,0.06,1.8,12,2009,"15-Dec-09",NA,"Stream","QS","QS",NA,NA,NA,NA,2009-12-15,2.6
"51",28647,"QS","12/22/2009",800,0.05,3.2,NA,3.13,1.7,21.7,6.64,53,7.02,111.6,0.54,4.74,0.31,1.6,3.02,7.22,2,1.05,NA,0.17,NA,12.14,0.05,1.4,12,2009,"15-Dec-09",NA,"Stream","QS","QS",NA,NA,NA,NA,2009-12-22,1.75
"52",28663,"QS","12/29/2009",811,0.05,3.25,NA,3.11,1.6,22,6.59,53.8,6.88,109,0.55,4.79,0.3,1.64,3.12,5.74,4.17,1.07,NA,0.18,NA,12.23,0.07,0.8,12,2009,"15-Dec-09",NA,"Stream","QS","QS",NA,NA,NA,NA,2009-12-29,1.65
"53",28679,"QS","1/5/2010",827,0.07,3.2,NA,NA,2.4,22.2,6.44,63.7,7.9,88.7,0.55,5.31,0.35,1.73,3.24,14.3,4.57,1.05,NA,0.17,NA,13.27,0.06,0.5,1,2010,"15-Jan-10",NA,"Stream","QS","QS",NA,NA,NA,NA,2010-01-05,2.45
"54",28695,"QS","1/12/2010",820,0.07,3.4,NA,NA,2.4,21.1,6.75,53.4,7.36,46.1,0.5,4.76,0.14,1.47,2.75,10.05,2,0.91,NA,0.13,NA,12.24,0.07,0,1,2010,"15-Jan-10",NA,"Stream","QS","QS",NA,NA,NA,NA,2010-01-12,2.35
"55",28711,"QS","1/19/2010",837,0.17,3.8,NA,NA,6.1,21.9,6.69,45.4,6.45,44.2,0.46,3.99,0.12,1.05,1.98,8.87,2,1.34,NA,0.09,NA,10.36,0.04,0.3,1,2010,"15-Jan-10",NA,"Stream","QS","QS",NA,NA,NA,NA,2010-01-19,6.6
"56",28727,"QS","1/26/2010",835,0.14,3.65,NA,NA,4.8,21.7,6.5,48.7,7.61,34,0.54,4.34,0.14,1.29,2.19,9.46,2,1.64,NA,0.1,NA,9.1,0.06,1.5,1,2010,"15-Jan-10",NA,"Stream","QS","QS",NA,NA,NA,NA,2010-01-26,7.15
"57",28743,"QS","2/2/2010",915,0.13,3.66,NA,NA,4.7,21.2,6.66,50.4,7.69,52.6,0.5,4.61,0.19,1.48,2.79,11.52,2,1.49,NA,0.13,NA,10.87,0.07,0.6,2,2010,"15-Feb-10",NA,"Stream","QS","QS",NA,NA,NA,NA,2010-02-02,3.8
"58",28759,"QS","2/9/2010",915,0.05,3.1,NA,NA,1.7,21.3,6.75,56.7,7.26,104.3,0.56,5.16,0.29,1.66,3.09,7.95,2,1.52,NA,0.2,NA,13.1,0.09,0.8,2,2010,"15-Feb-10",NA,"Stream","QS","QS",NA,NA,NA,NA,2010-02-09,1.7
"59",28775,"QS","2/16/2010",945,0.04,2.96,NA,NA,1.3,22.2,6.95,60.2,7.18,105.7,0.53,5.18,0.29,1.74,3.27,2.5,4.4,1.11,NA,0.13,NA,14.58,0.02,0.4,2,2010,"15-Feb-10",NA,"Stream","QS","QS",NA,NA,NA,NA,2010-02-16,1.3
"60",28791,"QS","2/23/2010",815,0.15,3.5,NA,NA,5.4,21.9,6.42,48.7,6.96,63.8,0.55,4.55,0.3,1.35,2.56,2.5,6.94,1.37,NA,0.11,NA,10.4,0.04,1,2,2010,"15-Feb-10",NA,"Stream","QS","QS",NA,NA,NA,NA,2010-02-23,5.5
"61",28807,"QS","3/2/2010",822,0.11,3.4,NA,NA,3.9,22.3,6.54,51.2,6.96,67.8,0.54,4.85,0.27,1.54,3.21,6.62,2,0.44,NA,0.11,NA,11.78,0.04,1.6,3,2010,"15-Mar-10",NA,"Stream","QS","QS",NA,NA,NA,NA,2010-03-02,3.95
"62",28823,"QS","3/9/2010",813,0.18,3.65,NA,NA,6.3,20.9,6.66,45.6,6.57,48.9,0.49,4.35,0.25,1.33,2.77,18.81,2,0.48,NA,0.09,NA,NA,0.02,1,3,2010,"15-Mar-10",NA,"Stream","QS","QS",NA,NA,NA,NA,2010-03-09,6.75
"63",28839,"QS","3/16/2010",945,0.1,3.4,NA,NA,3.7,22.4,7.06,53.3,8.02,31.5,0.35,5.37,0.36,1.14,2.67,8.96,2,0.43,NA,0.13,NA,12.43,0.09,0.7,3,2010,"15-Mar-10",NA,"Stream","QS","QS",NA,NA,NA,NA,2010-03-16,3.75
"64",28855,"QS","3/23/2010",918,0.08,3.28,NA,NA,2.8,23,7.28,58.2,6.7,103.2,0.52,6.08,0.63,1.36,3.69,2.5,2,0.94,NA,0.15,NA,13.74,0.05,1.72,3,2010,"15-Mar-10",NA,"Stream","QS","QS",NA,NA,NA,NA,2010-03-23,2.7
"65",28871,"QS","3/30/2010",942,0.05,3.09,NA,NA,1.8,23.4,6.85,60.5,7.17,125.9,0.55,5.48,0.29,1.81,3.41,22.32,2,1.27,NA,0.22,NA,14.15,0.07,0.6,3,2010,"15-Mar-10",NA,"Stream","QS","QS",NA,NA,NA,NA,2010-03-30,1.8
"66",28887,"QS","4/6/2010",938,0.07,3.14,NA,NA,2.3,22,6.91,58.8,8.26,103.2,0.59,5.23,0.3,1.74,3.27,23.56,2,1.55,NA,0.23,NA,13.2,0.1,0.8,4,2010,"15-Apr-10",NA,"Stream","QS","QS",NA,NA,NA,NA,2010-04-06,2.55
"67",28903,"QS","4/13/2010",950,0.45,4.1,NA,NA,16,22.3,6.61,46.3,8.38,28.8,0.68,4.44,0.19,1.23,2.2,10.09,2,2.71,NA,0.13,NA,6.82,0.09,3.3,4,2010,"15-Apr-10",NA,"Stream","QS","QS",NA,NA,NA,NA,2010-04-13,25.5
"68",28919,"QS","4/20/2010",940,0.12,3.44,NA,NA,4.4,23.2,6.84,49.5,7.58,53.8,0.57,4.53,0.18,1.31,2.53,23.72,2,1.54,NA,0.15,NA,11.12,0.07,0.1,4,2010,"15-Apr-10",NA,"Stream","QS","QS",NA,NA,NA,NA,2010-04-20,4.4
"69",28935,"QS","4/27/2010",855,0.14,3.5,NA,NA,4.8,23.3,6.98,51,13.06,49.9,0.98,9.07,0.48,2.23,3.44,2.5,2,1.21,NA,0.11,NA,11.36,0.06,2.25,4,2010,"15-Apr-10",NA,"Stream","QS","QS",NA,NA,NA,NA,2010-04-27,4.95
"70",28951,"QS","5/4/2010",915,0.59,4.28,NA,NA,21,23.3,6.42,38.3,7.44,81.1,0.38,5.68,0.49,1.44,4.34,104.21,2,2.31,NA,0.2,NA,5.99,0.01,2.74,5,2010,"15-May-10",NA,"Stream","QS","QS",NA,NA,NA,NA,2010-05-04,13.85
"71",28967,"QS","5/11/2010",935,0.37,4,NA,NA,13,23.2,6.48,40.3,6.08,32.2,0.49,4.31,0.18,1.17,2.28,18.2,2,1.86,NA,0.12,NA,9.49,0.07,1.2,5,2010,"15-May-10",NA,"Stream","QS","QS",NA,NA,NA,NA,2010-05-11,10.5
"72",28983,"QS","5/18/2010",1015,1.1,4.7,NA,NA,39,23.4,6.17,29.5,5.06,14.4,0.43,3.31,0.16,0.79,1.54,8.05,2,2.45,NA,0.09,NA,5.11,0.07,2,5,2010,"15-May-10",NA,"Stream","QS","QS",NA,NA,NA,NA,2010-05-18,32.5
"73",28999,"QS","5/25/2010",912,0.17,3.6,NA,NA,5.9,24.2,6.43,44.8,6.11,32.52,0.5,4.3,0.18,1.39,2.75,8.01,2,1.47,NA,0.09,NA,10.57,0.05,0.2,5,2010,"15-May-10",NA,"Stream","QS","QS",NA,NA,NA,NA,2010-05-25,12.25
"74",29032,"QS","6/1/2010",935,0.34,3.9,NA,NA,12,24.2,6.89,35,5,21.2,0.49,3.79,0.18,1.05,2.05,2.5,2,2.8,NA,0.13,NA,7.83,0.12,3,6,2010,"15-Jun-10",NA,"Stream","QS","QS",NA,NA,NA,NA,2010-06-01,13
"75",29049,"QS","6/8/2010",758,0.1,3.35,NA,NA,3.6,24.2,6.55,53.6,6.89,60.6,0.52,4.84,0.21,1.58,2.96,9.45,2,1.15,NA,0.15,NA,10.28,0.08,0.3,6,2010,"15-Jun-10",NA,"Stream","QS","QS",NA,NA,NA,NA,2010-06-08,3.5
"76",29066,"QS","6/15/2010",814,0.14,3.45,NA,NA,4.8,24.6,6.72,51.5,NA,NA,NA,NA,NA,NA,NA,6.05,2,12.89,NA,6.12,NA,12.34,NA,1.5,6,2010,"15-Jun-10",NA,"Stream","QS","QS",NA,NA,NA,NA,2010-06-15,3.45
"77",29083,"QS","6/22/2010",728,0.57,4.3,NA,NA,20,23.5,6.06,30.1,4.44,17.2,0.47,3,0.24,0.9,1.8,7.03,2,3.01,NA,0.1,NA,4.89,0.07,2.5,6,2010,"15-Jun-10",NA,"Stream","QS","QS",NA,NA,NA,NA,2010-06-22,34.5
"78",29100,"QS","6/29/2010",817,0.18,3.6,NA,NA,6.2,24.3,6.47,47.4,6.6,64.7,0.5,4.34,0.21,1.49,2.45,2.5,2,2.36,NA,0.11,NA,11.72,0.05,0.5,6,2010,"15-Jun-10",NA,"Stream","QS","QS",NA,NA,NA,NA,2010-06-29,5.65
"79",29117,"QS","7/6/2010",955,0.31,3.5,NA,NA,11,24.3,6.82,38.7,5.63,29.5,0.56,3.92,0.23,1.21,2.17,2.5,2,2.97,NA,0.1,NA,8.68,0.07,3,7,2010,"15-Jul-10",NA,"","QS","QS",NA,NA,NA,NA,2010-07-06,19.5
"80",29134,"QS","7/13/2010",854,0.16,3.5,NA,NA,5.5,24.6,6.94,47.5,6.25,40.7,0.52,3.73,0.19,1.42,2.43,16.13,2,1.8,NA,0.14,NA,10.8,0.08,1.8,7,2010,"15-Jul-10",NA,"","QS","QS",NA,NA,NA,NA,2010-07-13,7.2
"81",29151,"QS","7/20/2010",756,1.64,4.8,NA,NA,58,23.5,6.24,27.9,4.24,23.9,0.42,2.42,0.14,0.75,1.32,2.5,2,3.11,NA,0.08,NA,4.54,0.05,4,7,2010,"15-Jul-10",NA,"","QS","QS",NA,NA,NA,NA,2010-07-20,77.5
"82",29168,"QS","7/27/2010",955,0.31,3.74,NA,NA,11,24.3,6.83,46.1,6.02,54.3,0.48,4.17,0.21,1.29,2.45,2.5,2,1.54,NA,0.08,NA,10.5,0.03,2.3,7,2010,"15-Jul-10",NA,"","QS","QS",NA,NA,NA,NA,2010-07-27,13
"83",29185,"QS","8/3/2010",945,0.26,3.62,NA,NA,9.3,24.8,6.51,48.3,6.62,84,0.53,4.46,0.24,1.5,2.93,14.35,2,1.6,NA,0.11,NA,11.68,0.01,2,8,2010,"15-Aug-10",NA,"","QS","QS",NA,NA,NA,NA,2010-08-03,9.1
"84",29202,"QS","8/10/2010",945,1.59,4.75,NA,NA,56,24.4,6.1,35.4,4.95,26.7,0.56,3.38,0.21,1,1.95,19.1,2,3.92,NA,0.11,NA,6.46,0.07,20.75,8,2010,"15-Aug-10",NA,"","QS","QS",NA,NA,NA,NA,2010-08-10,23.5
"85",29219,"QS","8/17/2010",943,0.26,3.64,NA,NA,9.3,24.6,6.42,45.6,5.43,60.6,0.42,4.18,0.2,1.38,2.73,9.91,2,1.49,NA,0.15,NA,10.98,0.08,1.37,8,2010,"15-Aug-10",NA,"","QS","QS",NA,NA,NA,NA,2010-08-17,8.55
"86",29236,"QS","8/24/2010",947,0.16,3.4,NA,NA,5.7,25.1,6.49,49.2,6.04,79.3,0.5,4.48,0.21,1.52,2.95,20.57,2,1.99,NA,0.22,NA,12.41,0.12,2.1,8,2010,"15-Aug-10",NA,"","QS","QS",NA,NA,NA,NA,2010-08-24,6.85
"87",29253,"QS","8/31/2010",NA,0.4,NA,NA,NA,14,NA,NA,NA,NA,NA,NA,NA,NA,NA,NA,NA,NA,NA,NA,NA,NA,NA,NA,NA,8,2010,"15-Aug-10",NA,"","QS","QS",NA,NA,NA,NA,2010-08-31,36
"88",29270,"QS","9/7/2010",955,1.13,4.5,NA,NA,40,24.8,6.01,35.9,5.14,22.7,0.53,3.3,0.21,0.88,1.57,2.5,2,5.07,NA,0.18,NA,5.5,0.15,6.97,9,2010,"15-Sep-10",NA,"","QS","QS",NA,NA,NA,NA,2010-09-07,29.55
"89",29287,"QS","9/14/2010",929,0.15,3.5,NA,NA,5.3,24.5,6.4,47.9,7.06,49.5,0.52,4.4,0.15,1.45,2.51,6.73,2,1.71,NA,0.1,NA,12.26,0.05,0.71,9,2010,"15-Sep-10",NA,"","QS","QS",NA,NA,NA,NA,2010-09-14,6.15
"90",29304,"QS","9/21/2010",925,0.17,3.56,NA,NA,6.1,24.4,6.39,46.2,6.74,58,0.55,4.23,0.17,1.42,2.43,5.68,2,2.43,NA,0.11,NA,9.88,0.04,0.9,9,2010,"15-Sep-10",NA,"","QS","QS",NA,NA,NA,NA,2010-09-21,10.25
"91",29321,"QS","9/28/2010",920,0.2,3.6,NA,NA,7.2,24.5,6.44,45.7,3.48,20.4,0.22,2.47,0.13,0.73,1.31,2.5,5.69,1.42,NA,0.04,NA,11.84,0.02,1.26,9,2010,"15-Sep-10",NA,"","QS","QS",NA,NA,NA,NA,2010-09-28,7.75
"92",29338,"QS","10/5/2010",950,0.25,3.7,NA,NA,8.7,24.6,6.81,47.1,6.73,54.8,0.54,4.42,0.18,1.47,2.58,10.18,4.3,2.47,NA,0.12,NA,11.16,0.06,1.67,10,2010,"15-Oct-10",NA,"","QS","QS",NA,NA,NA,NA,2010-10-05,7.55
"93",29355,"QS","10/12/2010",1000,0.18,3.4,NA,NA,6.5,24.6,6.7,51,7.72,100.2,0.51,4.57,0.29,1.65,3.35,7.07,4.48,1.43,NA,0.14,NA,12.49,0.03,1.43,10,2010,"15-Oct-10",NA,"","QS","QS",NA,NA,NA,NA,2010-10-12,6.7
"94",29372,"QS","10/19/2010",910,0.13,3.2,NA,NA,4.5,23.9,6.79,56.9,8.2,142.9,0.54,5.04,0.31,1.83,2.75,8.63,4.85,1.16,NA,0.19,NA,13.27,0.04,0.93,10,2010,"15-Oct-10",NA,"","QS","QS",NA,NA,NA,NA,2010-10-19,4.5
"95",29389,"QS","10/26/2010",910,0.13,3.16,NA,NA,4.5,24.5,6.9,59.4,8.5,135.3,0.56,5.24,0.4,1.88,2.89,2.5,2,1.36,NA,0.18,NA,13.09,0.04,0.8,10,2010,"15-Oct-10",NA,"","QS","QS",NA,NA,NA,NA,2010-10-26,4.65
"96",29406,"QS","11/2/2010",950,0.16,3.28,NA,NA,5.8,24.5,7.07,53.2,6.73,91.7,0.55,3.99,0.21,1.66,2.88,2.5,2,1.63,NA,0.15,NA,11.7,0.06,1.9,11,2010,"15-Nov-10",NA,"","QS","QS",NA,NA,NA,NA,2010-11-02,6.05
"97",29422,"QS","11/9/2010",930,0.31,3.6,NA,NA,11,24.2,6.68,44.9,6.27,61.3,0.55,3.5,0.17,1.42,2.52,2.5,2,1.88,NA,0.12,NA,10.42,0.06,1.12,11,2010,"15-Nov-10",NA,"","QS","QS",NA,NA,NA,NA,2010-11-09,17
"98",29438,"QS","11/16/2010",955,0.21,3.42,NA,NA,7.5,23.9,6.88,51,8.19,149.8,1.31,7.07,1.06,3.17,4.54,2.5,2,1.25,NA,0.17,NA,12.12,0.01,1.8,11,2010,"15-Nov-10",NA,"","QS","QS",NA,NA,NA,NA,2010-11-16,7.6
"99",29454,"QS","11/23/2010",845,1.56,4.64,NA,NA,55,23.7,6.12,34.3,5.95,2.5,0.53,3.63,0.98,0.99,1.78,2.5,2,3.81,NA,0.09,NA,5.3,0.09,1.92,11,2010,"15-Nov-10",NA,"","QS","QS",NA,NA,NA,NA,2010-11-23,44.5
"100",29470,"QS","11/30/2010",935,0.17,4.34,NA,NA,5.9,20.7,6.91,53.5,8.09,116.9,0.47,6.46,0.32,3.74,3.6,2.5,NA,0.94,NA,0.14,NA,12.59,0.02,0.3,11,2010,"15-Nov-10",NA,"","QS","QS",NA,NA,NA,NA,2010-11-30,5.9
"101",29486,"QS","12/7/2010",910,0.13,3.19,NA,NA,4.5,20.1,6.58,56.6,9.68,129.9,0.78,7.16,0.36,1.83,3.46,6.76,5.65,1.21,NA,0.17,NA,13.96,0.04,0.9,12,2010,"15-Dec-10",NA,"","QS","QS",NA,NA,NA,NA,2010-12-07,13.75
"102",29502,"QS","12/14/2010",958,0.16,3.28,NA,NA,5.5,20.2,6.63,51.7,6.62,87.1,0.55,4.66,0.25,1.69,2.9,7.26,2,1.69,NA,0.14,NA,11.7,0.04,1,12,2010,"15-Dec-10",NA,"","QS","QS",NA,NA,NA,NA,2010-12-14,5.8
"103",29518,"QS","12/21/2010",830,0.27,3.6,NA,NA,9.5,19.9,6.39,49,6.94,65,0.55,4.49,0.22,1.51,2.61,19.08,2,1.61,NA,0.1,NA,11.73,0.02,1.06,12,2010,"15-Dec-10",NA,"","QS","QS",NA,NA,NA,NA,2010-12-21,11
"104",29534,"QS","12/28/2010",1010,0.23,3.5,NA,NA,8.2,20.2,6.53,51.6,7.05,2.5,0.53,4.57,0.26,1.55,2.69,2.5,2,1.72,NA,0.04,NA,10.81,0.03,1.29,12,2010,"15-Dec-10",NA,"","QS","QS",NA,NA,NA,NA,2010-12-28,22.75
"105",29550,"QS","1/4/2011",955,0.51,3.96,NA,NA,18,18.8,6.45,50.8,7.9,51.6,0.51,4.7,0.2,1.35,2.5,2.5,2,1.49,NA,0.08,NA,9.1,0.02,1.1,1,2011,"15-Jan-11",NA,"","QS","QS",NA,NA,2.78,NA,2011-01-04,13.5
"106",29566,"QS","1/11/2011",955,0.2,3.48,NA,NA,7.1,20.2,6.84,54.4,6.92,78,0.53,5.08,0.22,1.55,3.1,2.5,2,1.16,NA,0.1,NA,12.84,0.02,0.5,1,2011,"15-Jan-11",NA,"","QS","QS",NA,NA,0.68,NA,2011-01-11,7.35
"107",29582,"QS","1/18/2011",935,0.16,3.38,NA,NA,5.8,20.2,6.6,56.3,6.67,86.3,0.55,4.9,0.21,1.6,3.01,9.02,2,1.22,NA,0.13,NA,12.17,0.04,2.06,1,2011,"15-Jan-11",NA,"","QS","QS",NA,NA,0.27,NA,2011-01-18,5.75
"108",29598,"QS","1/25/2011",840,0.15,3.32,NA,NA,5.2,19.9,6.47,55.8,8.01,89.7,0.54,5.14,0.18,1.66,3.07,6.19,2,1.22,NA,0.14,NA,12.4,0.04,0.5,1,2011,"15-Jan-11",NA,"","QS","QS",NA,NA,1.72,NA,2011-01-25,5.35
"109",29614,"QS","2/1/2011",930,0.13,3.34,NA,NA,4.7,19.5,6.7,55.7,7.8,95.9,0.55,5.04,0.15,1.67,3.2,2.5,2,1.35,NA,0.15,NA,11.67,0.06,1.1,2,2011,"15-Feb-11",NA,"","QS","QS",NA,NA,1.7,NA,2011-02-01,4.95
"110",29630,"QS","2/8/2011",935,0.4,3.8,NA,NA,14,19.9,6.5,50.6,7.89,24.1,0.54,4.78,0.19,1.52,2.96,2.5,2,2.14,NA,0.08,NA,8.01,0.06,2.3,2,2011,"15-Feb-11",NA,"","QS","QS",NA,NA,2.43,NA,2011-02-08,16
"111",29646,"QS","2/15/2011",940,0.25,3.58,NA,NA,8.9,20,6.75,49.7,7.82,45,0.5,4.77,0.14,1.34,2.59,6.45,2,2.28,NA,0.12,NA,8.16,0.07,1.8,2,2011,"15-Feb-11",NA,"","QS","QS",NA,NA,1.57,NA,2011-02-15,13.6
"112",29662,"QS","2/22/2011",955,0.27,3.62,NA,NA,9.7,19.4,6.51,45,6.65,38.8,0.5,4.39,0.18,1.37,2.7,2.5,2,1.78,NA,0.07,NA,7.9,0.03,0.9,2,2011,"15-Feb-11",NA,"","QS","QS",NA,NA,3.05,NA,2011-02-22,11.3
"113",29678,"QS","3/1/2011",910,0.14,3.34,NA,NA,4.8,19.2,6.63,54.9,7.53,86.5,0.51,5.04,0.13,1.56,2.95,16.82,2,0.92,NA,0.12,NA,10.69,0.01,0.9,3,2011,"15-Mar-11",NA,"","QS","QS",NA,NA,1.47,NA,2011-03-01,4.8
"114",29694,"QS","3/8/2011",918,0.17,3.34,NA,NA,6.1,19.2,6.72,50.7,6.7,36.4,0.52,4.5,0.18,1.53,3.05,2.5,2,1.94,NA,0.09,NA,7.48,0.05,1.6,3,2011,"15-Mar-11",NA,"","QS","QS",NA,NA,9.15,NA,2011-03-08,7.2
"115",29710,"QS","3/15/2011",940,0.12,3.3,NA,NA,4.4,19.2,6.71,55.7,6.93,81.8,0.55,4.96,0.11,1.49,3.2,2.5,2,1.01,NA,0.14,NA,13.47,0.05,0.4,3,2011,"15-Mar-11",NA,"","QS","QS",NA,NA,NA,NA,2011-03-15,4.3
"116",29726,"QS","3/22/2011",855,0.54,3.92,NA,NA,19,18.8,6.73,51.2,7.64,56.1,0.59,4.68,0.16,1.46,2.84,7.61,5.23,1.73,NA,0.14,NA,10.26,0.07,3.4,3,2011,"15-Mar-11",NA,"","QS","QS",NA,NA,NA,NA,2011-03-22,9.15
"117",29742,"QS","3/29/2011",925,0.1,3.18,NA,NA,3.6,20.2,6.7,56.6,7.18,105.7,0.56,5.07,0.18,1.74,2.6,5.42,4.03,0.93,NA,0.14,NA,13.4,0.03,1.6,3,2011,"15-Mar-11",NA,"","QS","QS",NA,NA,NA,NA,2011-03-29,3.65
"118",29758,"QS","4/5/2011",920,0.11,3.19,NA,NA,4,20.4,6.81,58.3,7.68,49.8,0.64,4.8,0.22,1.73,3.47,5.59,2,1.32,NA,0.12,NA,13.38,0.06,1.8,4,2011,"15-Apr-11",NA,"","QS","QS",NA,NA,NA,NA,2011-04-05,4.75
"119",29774,"QS","4/12/2011",815,0.1,3.11,NA,NA,3.5,20.2,7.09,58.2,6.79,66.4,0.54,4.5,0.18,1.57,2.99,2.5,2,1.31,NA,0.13,NA,12.94,0.06,0.8,4,2011,"15-Apr-11",NA,"","QS","QS",NA,NA,NA,NA,2011-04-12,7.8
"120",29790,"QS","4/19/2011",930,0.12,3.2,NA,NA,4.2,20.3,7.13,53.6,7.51,90.9,0.61,5.3,0.22,1.76,3,2.5,2,1.2,NA,0.17,NA,13.04,0.08,1.25,4,2011,"15-Apr-11",NA,"","QS","QS",NA,NA,1.51,NA,2011-04-19,4.3
"121",29806,"QS","4/26/2011",935,0.45,3.8,NA,NA,16,20.7,7.14,51.6,6.77,72.7,0.67,4.84,0.23,1.56,2.8,2.5,2,1.52,NA,0.14,NA,9.84,0.07,11,4,2011,"15-Apr-11",NA,"","QS","QS",NA,NA,1.06,NA,2011-04-26,15.8
"122",29822,"QS","5/3/2011",1000,0.37,3.8,NA,NA,13,20.6,6.97,42.5,6.66,25.8,0.54,4.23,0.17,1.09,1.95,13.28,2,1.77,NA,0.13,NA,8.95,0.09,NA,5,2011,"15-May-11",NA,"","QS","QS",NA,NA,2.57,NA,2011-05-03,16.5
"123",29838,"QS","5/10/2011",935,0.14,3.34,NA,NA,4.9,20.9,7.16,55.3,7.32,47,0.58,5.2,0.2,1.53,2.78,2.5,2,1.1,NA,0.12,NA,13.35,0.08,NA,5,2011,"15-May-11",NA,"","QS","QS",NA,NA,0.98,NA,2011-05-10,6.3
"124",29854,"QS","5/17/2011",915,1.33,4.6,NA,NA,47,20.6,6.61,30.4,6.05,32.6,0.52,4.19,0.17,1.2,2.2,13.26,2,2.25,NA,0.18,NA,9.89,0.13,NA,5,2011,"15-May-11",NA,"","QS","QS",NA,NA,3.31,NA,2011-05-17,50
"125",29870,"QS","5/24/2011",955,0.27,3.6,NA,NA,9.5,21.1,7.06,43.5,7.42,25.9,0.66,5.32,0.3,0.96,2.7,2.5,2,4.82,NA,0.16,NA,4.34,0.13,NA,5,2011,"15-May-11",NA,"","QS","QS",NA,NA,10.6,NA,2011-05-24,11.75
"126",29886,"QS","5/31/2011",801,0.18,3.45,NA,NA,6.5,22.4,6.98,52.5,6.36,64.3,0.49,5.11,0.16,1.53,3.44,2.5,2,1.57,NA,0.13,NA,13.08,0.07,NA,5,2011,"15-May-11",NA,"","QS","QS",NA,NA,0.17,NA,2011-05-31,5.6
"127",29902,"QS","6/7/2011",911,0.34,3.75,NA,NA,12,21.1,6.9,42.9,5.24,34.2,0.49,4.1,0.16,1.27,2.72,2.5,2,1.89,NA,0.11,NA,10.67,0.08,0.9,6,2011,"15-Jun-11",NA,"","QS","QS",NA,NA,NA,NA,2011-06-07,15.2
"128",29918,"QS","6/14/2011",842,0.14,3.35,NA,NA,5.1,22.5,6.97,51.2,6.14,78.8,0.5,4.75,0.22,1.59,3.39,2.5,4.46,1.31,NA,0.15,NA,11.24,0.07,0.6,6,2011,"15-Jun-11",NA,"","QS","QS",NA,NA,NA,NA,2011-06-14,5.25
"129",29934,"QS","6/21/2011",755,3.11,5.4,NA,NA,110,21.9,6.72,31.6,7.14,19.1,0.53,3.18,0.21,0.88,2.2,2.5,2,4.97,NA,0.17,NA,4.68,0.15,15,6,2011,"15-Jun-11",NA,"","QS","QS",NA,NA,13.33,NA,2011-06-21,18
"130",29950,"QS","6/28/2011",940,0.23,3.52,NA,NA,8.2,21.9,6.89,45,9.35,76.8,0.7,5.57,0.28,1.38,2.62,2.5,2,2.52,NA,0.16,NA,9.65,0.08,1.6,6,2011,"15-Jun-11",NA,"","QS","QS",NA,NA,8.61,NA,2011-06-28,11.4
"131",29966,"QS","7/5/2011",730,0.19,3.45,NA,NA,6.8,22,6.78,50,8.47,68.7,0.52,4.32,0.19,1.54,2.64,2.5,2,1.47,NA,0.1,NA,10.67,0.03,0.71,7,2011,"15-Jul-11",NA,"","QS","QS",NA,NA,6.37,NA,2011-07-05,6.8
"132",29982,"QS","7/12/2011",845,0.45,3.9,NA,NA,16,21.7,6.91,41,7.43,27.8,0.54,3.64,0.16,1.26,2.93,2.5,2,3.66,NA,0.12,NA,8.17,0.09,2,7,2011,"15-Jul-11",NA,"","QS","QS",NA,NA,0.03,NA,2011-07-12,35
"133",29998,"QS","7/19/2011",920,0.48,3.9,NA,NA,17,22,7,39.9,5.5,20.2,0.5,3.73,0.16,1.1,2.14,2.5,2,2.85,NA,0.12,NA,6.34,0.09,1.6,7,2011,"15-Jul-11",NA,"","QS","QS",NA,NA,NA,NA,2011-07-19,46
"134",30014,"QS","7/26/2011",730,0.22,3.51,NA,NA,7.9,22,6.95,48.5,6.47,73,0.45,4.61,0.11,1.39,3.1,2.5,2,1.44,NA,0.15,NA,7.63,0.08,0.6,7,2011,"15-Jul-11",NA,"","QS","QS",NA,NA,6.37,NA,2011-07-26,8.5
"135",30030,"QS","8/2/2011",700,4.87,5.7,NA,NA,172,22,6.45,33.2,5.16,2.5,0.44,3.48,0.24,0.92,2.01,2.5,4.22,4.09,NA,0.12,NA,5.45,0.11,51.5,8,2011,"15-Aug-11",NA,"","QS","QS",NA,NA,9.11,NA,2011-08-02,30.3
"136",30046,"QS","8/9/2011",817,0.21,3.5,NA,NA,7.5,22.1,6.71,48.4,6.65,84.9,0.44,4.68,0.2,1.44,3.13,8.41,2,1.69,NA,0.19,NA,10.57,0.1,0.6,8,2011,"15-Aug-11",NA,"","QS","QS",NA,NA,7.68,NA,2011-08-09,7.7
"137",30062,"QS","8/16/2011",824,0.19,3.45,NA,NA,6.6,23,6.76,49.3,6.17,27.9,0.49,4.62,0.19,1.4,2.89,2.5,4.21,1.61,NA,0.1,NA,12.68,0.08,0.9,8,2011,"15-Aug-11",NA,"","QS","QS",NA,NA,3.32,NA,2011-08-16,9.95
"138",30078,"QS","8/23/2011",NA,2.61,NA,NA,NA,92,NA,NA,NA,NA,NA,NA,NA,NA,NA,NA,NA,NA,NA,NA,NA,NA,NA,NA,NA,8,2011,"15-Aug-11",NA,"","QS","QS",NA,NA,NA,NA,2011-08-23,72.5
"139",30094,"QS","8/30/2011",802,0.31,3.65,NA,NA,11,22,6.76,47,6.74,2.5,0.47,4.55,0.22,1.37,2.64,2.5,2,1.69,NA,0.07,NA,9.79,0.07,1.3,8,2011,"15-Aug-11",NA,"","QS","QS",NA,NA,3.44,NA,2011-08-30,8.4
"140",30110,"QS","9/6/2011",815,0.16,2.42,NA,NA,5.5,22.2,6.96,51.7,6.33,45.1,0.47,4.54,0.22,1.54,2.87,2.5,2,2.58,NA,0.13,NA,NA,0.08,1.1,9,2011,"15-Sep-11",NA,"","QS","QS",NA,NA,0.57,NA,2011-09-06,6.8
"141",30126,"QS","9/13/2011",825,6.85,6.4,NA,NA,242,21.9,6.08,26.9,4.11,50.8,0.53,2.56,0.35,0.65,1.22,2.5,2,6.1,NA,0.21,NA,2.14,0.16,26.8,9,2011,"15-Sep-11",NA,"","QS","QS",NA,NA,1.37,NA,2011-09-13,39.3
"142",30142,"QS","9/20/2011",815,0.4,3.82,NA,NA,14,21.6,6.6,35.9,4.52,12,0.44,3.37,0.18,1.06,1.99,2.5,2,3.18,NA,0.1,NA,6.58,0.08,1.3,9,2011,"15-Sep-11",NA,"","QS","QS",NA,NA,NA,NA,2011-09-20,25.5
"143",30160,"QS","9/27/2011",740,0.21,3.5,NA,NA,7.4,22.3,6.96,48.6,6.42,49.5,0.48,4.45,0.24,1.51,3.25,2.5,2,1.47,NA,0.1,NA,10.53,0.05,0.3,9,2011,"15-Sep-11",NA,"","QS","QS",NA,NA,4.34,NA,2011-09-27,7.45
"144",30178,"QS","10/4/2011",1000,0.27,3.64,NA,NA,9.5,22.8,7.06,48.7,6.31,54.7,0.49,4.57,0.26,1.56,2.55,5.19,2,2.25,NA,0.14,NA,10.58,0.08,2.5,10,2011,"15-Oct-11",NA,"","QS","QS",NA,NA,5.27,NA,2011-10-04,7
"145",30196,"QS","10/11/2011",920,0.17,3.4,NA,NA,6.1,22.3,6.78,48.4,6.52,113.3,0.48,4.65,0.28,1.55,3.43,2.5,2,1.24,NA,0.14,NA,13.71,0.03,0.2,10,2011,"15-Oct-11",NA,"","QS","QS",NA,NA,7.07,NA,2011-10-11,7.1
"146",30214,"QS","10/18/2011",955,0.16,3.36,NA,NA,5.5,22.4,7.08,50.2,6.35,116.9,0.49,4.69,0.25,1.66,2.74,8.69,2,1.42,NA,0.16,NA,12.38,0.03,1.4,10,2011,"15-Oct-11",NA,"","QS","QS",NA,NA,3.44,NA,2011-10-18,12.6
"147",30232,"QS","10/25/2011",1000,0.15,3.36,NA,NA,5.3,22.6,7.09,51.8,6.56,120.3,0.52,4.76,0.26,1.68,2.8,11.31,2,1.29,NA,0.15,NA,12.41,0.02,0.6,10,2011,"15-Oct-11",NA,"","QS","QS",NA,NA,7.18,NA,2011-10-25,5.1
"148",30250,"QS","11/1/2011",1000,0.31,3.7,NA,NA,11,22,6.84,39.8,5.95,2.5,0.49,4.09,0.23,1.2,2.39,2.5,2,3.55,NA,0.13,NA,8.1,0.13,0.2,11,2011,"15-Nov-11",NA,"","QS","QS",NA,NA,3.62,NA,2011-11-01,43.5
"149",30268,"QS","11/8/2011",930,0.15,3.38,NA,NA,5.3,21.9,6.83,50.9,7.07,47.5,0.51,4.52,0.2,1.57,3.02,9.38,2,1.76,NA,0.16,NA,13.08,0.11,0.1,11,2011,"15-Nov-11",NA,"","QS","QS",NA,NA,5.37,NA,2011-11-08,5.4
"150",30286,"QS","11/15/2011",915,0.91,4.3,NA,NA,32,21.9,6.83,34.6,5.22,2.5,0.49,3.28,0.16,1.03,2.11,2.5,2,4.42,NA,0.15,NA,6.84,0.15,5.92,11,2011,"15-Nov-11",NA,"","QS","QS",NA,NA,5.22,NA,2011-11-15,43.5
"151",30304,"QS","11/22/2011",935,0.51,3.98,NA,NA,18,21.6,6.74,39.4,6.49,2.5,0.48,3.72,0.18,1.14,2.24,2.5,2,2.76,NA,0.11,NA,7.45,0.11,1.92,11,2011,"15-Nov-11",NA,"","QS","QS",NA,NA,4.58,NA,2011-11-22,25.5
"152",30322,"QS","11/29/2011",925,1.05,4.4,NA,NA,37,21.5,6.72,31.9,4.4,40.1,0.46,3.64,0.21,0.95,2.12,14.29,2,3.72,NA,0.15,NA,6.29,0.1,2.22,11,2011,"15-Nov-11",NA,"","QS","QS",NA,NA,6.6,NA,2011-11-29,51.5
"153",30340,"QS","12/6/2011",940,0.31,3.7,NA,NA,11,21.1,6.9,39.6,4.91,79.5,0.45,4.28,0.21,1.22,2.71,2.5,2,2.15,NA,0.16,NA,9.48,0.08,1.29,12,2011,"15-Dec-11",NA,"","QS","QS",NA,NA,5.12,NA,2011-12-06,14.5
"154",30358,"QS","12/13/2011",935,0.28,3.67,NA,NA,10,20.1,6.84,47.4,9.72,174.6,0.83,9.58,0.51,1.49,3.53,8.11,2,1.2,NA,0.2,NA,12.76,0.01,0.25,12,2011,"15-Dec-11",NA,"","QS","QS",NA,NA,NA,NA,2011-12-13,10.5
"155",30376,"QS","12/20/2011",945,0.18,3.42,NA,NA,6.2,20.1,6.85,50.7,6.64,124.3,0.5,5.27,0.26,1.64,3.49,2.5,2,0.97,NA,0.16,NA,13.36,0.04,4.3,12,2011,"15-Dec-11",NA,"","QS","QS",NA,NA,7.24,NA,2011-12-20,8.1
"156",30394,"QS","12/27/2011",1000,0.27,3.6,NA,NA,9.5,20.5,6.81,52,8.33,83.5,0.46,5.01,0.26,1.6,3.49,2.5,2,1.49,NA,0.13,NA,11.23,0.05,0.9,12,2011,"15-Dec-11",NA,"","QS","QS",NA,NA,6.2,NA,2011-12-27,7.85
"157",30412,"QS","1/3/2012",1040,0.31,3.66,NA,NA,11,20.7,6.67,44.6,8.06,72.9,0.47,4.78,0.25,1.61,3.47,2.5,5.43,1.89,NA,0.09,NA,8.98,0.02,1.1,1,2012,"15-Jan-12",NA,"","QS","QS",NA,NA,6.26,NA,2012-01-03,11
"158",30430,"QS","1/10/2012",945,0.2,3.42,NA,NA,6.9,20.5,6.8,49.7,7.03,116.4,0.46,4.82,0.26,1.65,2.72,2.5,2,1.09,NA,0.16,NA,9.27,0.04,1,1,2012,"15-Jan-12",NA,"","QS","QS",NA,NA,4.81,NA,2012-01-10,5.75
"159",30448,"QS","1/17/2012",800,0.17,3.4,NA,NA,6.1,20.5,6.83,NA,9.4,2.5,0.64,5.87,0.3,1.86,2.63,11.29,2,2.29,NA,0.14,NA,7.84,0.13,0.9,1,2012,"15-Jan-12",NA,"","QS","QS",NA,NA,NA,NA,2012-01-17,13.05
"160",30466,"QS","1/24/2012",940,0.57,4.16,NA,NA,20,19.7,6.63,NA,7.05,40.5,0.47,3.93,0.21,1.21,2.71,2.5,2,3.72,NA,0.1,NA,3.82,0.06,13.7,1,2012,"15-Jan-12",NA,"","QS","QS",NA,NA,2.89,NA,2012-01-24,11.5
"161",30484,"QS","1/31/2012",1005,0.54,4.1,NA,NA,19,20.2,6.62,NA,7.34,59.8,0.44,4.53,0.19,1.34,2.02,2.5,2,1.63,NA,0.08,NA,10.65,0.02,1,1,2012,"15-Jan-12",NA,"","QS","QS",NA,NA,4.17,NA,2012-01-31,12
"162",30500,"QS","2/7/2012",945,0.15,3.52,NA,NA,5.3,20.2,6.75,NA,7.24,2.5,0.5,4.93,0.26,1.42,2.84,2.5,2,2.83,NA,0.04,NA,7.83,0.03,2,2,2012,"15-Feb-12",NA,"","QS","QS",NA,NA,NA,NA,2012-02-07,9.95
"163",30516,"QS","2/14/2012",915,0.16,3.54,NA,NA,5.7,20.3,6.95,NA,6.94,108,0.52,4.89,0.25,1.57,2.51,2.5,2,1.52,NA,0.11,NA,12.69,0.01,1.1,2,2012,"15-Feb-12",NA,"","QS","QS",NA,NA,5.08,NA,2012-02-14,8.2
"164",30532,"QS","2/21/2012",935,0.1,3.36,NA,NA,3.7,19.9,6.82,NA,6.96,19.4,0.5,4.85,0.26,1.58,2.82,2.5,2,1.61,NA,0.04,NA,11.57,0.02,1.6,2,2012,"15-Feb-12",NA,"","QS","QS",NA,NA,8.78,NA,2012-02-21,3.75
"165",30548,"QS","2/28/2012",1005,0.12,3.42,NA,NA,4.4,20.4,6.85,NA,7.29,94.1,0.49,4.73,0.24,1.63,3.29,2.5,2,1.68,NA,0.11,NA,10.83,0.01,1.6,2,2012,"15-Feb-12",NA,"","QS","QS",NA,NA,8.42,NA,2012-02-28,4.95
"166",30564,"QS","3/6/2012",915,0.15,3.48,NA,NA,5.3,20.4,6.85,NA,7.49,81,0.51,4.85,0.24,1.53,3.2,2.5,2,1.48,NA,0.12,NA,10.24,0.03,0.5,3,2012,"15-Mar-12",NA,"","QS","QS",NA,NA,6.44,NA,2012-03-06,5.65
"167",30580,"QS","3/13/2012",945,0.19,3.6,NA,NA,6.8,19.9,6.78,NA,7.9,2.5,0.48,4.89,0.23,1.48,3.06,NA,2,1.8,NA,0.04,NA,9.04,NA,2,3,2012,"15-Mar-12",NA,"","QS","QS",NA,NA,5.29,NA,2012-03-13,8.25
"168",30596,"QS","3/20/2012",855,0.1,3.38,NA,NA,3.5,20.4,6.73,NA,7.45,89.1,0.51,5.28,0.25,1.73,2.75,NA,2,1.37,NA,0.13,NA,NA,NA,1.5,3,2012,"15-Mar-12",NA,"","QS","QS",NA,NA,3.38,NA,2012-03-20,3.5
"169",30612,"QS","3/27/2012",850,0.19,3.58,NA,NA,6.8,20.3,6.8,NA,6.66,71,0.47,4.49,0.21,1.47,3.14,NA,2,1.11,NA,0.09,NA,10.3,NA,1.5,3,2012,"15-Mar-12",NA,"","QS","QS",NA,NA,0.78,NA,2012-03-27,8.1
"170",30628,"QS","4/3/2012",930,0.23,3.9,NA,NA,8.2,20.5,6.78,NA,7.21,53.7,0.53,4.72,0.26,1.42,2.72,2.5,2,1,NA,0.11,NA,12.56,0.06,1,4,2012,"15-Apr-12",NA,"","QS","QS",NA,NA,8.64,NA,2012-04-03,8.6
"171",30644,"QS","4/10/2012",930,0.74,4.5,NA,NA,26,20.7,6.62,NA,4.16,2.5,0.48,3.24,0.2,0.97,1.96,2.5,2,4.59,NA,0.09,NA,6.29,0.09,3.2,4,2012,"15-Apr-12",NA,"","QS","QS",NA,NA,NA,NA,2012-04-10,39
"172",30660,"QS","4/17/2012",935,0.2,3.82,NA,NA,7.1,19.7,6.82,NA,7.88,2.5,0.53,4.77,0.27,1.56,3.37,2.5,2,1.5,NA,0.04,NA,12.31,0.03,1.3,4,2012,"15-Apr-12",NA,"","QS","QS",NA,NA,NA,NA,2012-04-17,7
"173",30676,"QS","4/24/2012",915,0.17,3.76,NA,NA,5.9,21.5,6.7,NA,7.13,39.1,0.52,4.36,0.22,1.57,3.24,2.5,2,1.61,NA,0.11,NA,10.85,0.07,0.8,4,2012,"15-Apr-12",NA,"","QS","QS",NA,NA,2.22,NA,2012-04-24,6.4
"174",30692,"QS","5/1/2012",915,0.15,3.7,NA,NA,5.3,21.1,6.85,NA,7.12,54.9,0.5,4.79,0.24,1.59,3.15,2.5,2,1.69,NA,0.09,NA,13.51,0.04,1.2,5,2012,"15-May-12",NA,"","QS","QS",NA,NA,3.12,NA,2012-05-01,7.4
"175",30708,"QS","5/8/2012",855,0.26,3.9,NA,NA,9.1,21.1,6.45,NA,5.82,7,0.46,4.14,0.23,1.35,2.7,2.5,2,1.89,NA,0.04,NA,9.9,0.03,1.4,5,2012,"15-May-12",NA,"","QS","QS",NA,NA,5.72,NA,2012-05-08,9.5
"176",30724,"QS","5/15/2012",915,0.15,3.66,NA,NA,5.4,22.2,6.65,NA,6.6,2.5,0.49,4.82,0.28,1.61,3.23,2.5,2,1.37,NA,0.04,NA,11.88,0.03,1.1,5,2012,"15-May-12",NA,"","QS","QS",NA,NA,NA,NA,2012-05-15,5.2
"177",30740,"QS","5/22/2012",807,0.74,4.4,NA,NA,26,21.8,6.54,NA,6.28,2.5,0.48,3.89,0.21,1.14,2.21,2.5,2,2.54,NA,0.04,NA,8.65,0.03,2.7,5,2012,"15-May-12",NA,"","QS","QS",NA,NA,NA,NA,2012-05-22,20.5
"178",30756,"QS","5/29/2012",812,0.26,3.85,NA,NA,9.1,21.9,6.46,NA,6.08,2.5,0.48,4.08,0.21,1.27,2.42,2.5,2,2.25,NA,0.04,NA,12.16,0.03,1.5,5,2012,"15-May-12",NA,"","QS","QS",NA,NA,NA,NA,2012-05-29,9.95
"179",30772,"QS","6/5/2012",810,0.16,3.65,NA,NA,5.8,22.2,6.91,NA,6.81,115.1,0.5,4.74,0.29,1.44,2.52,2.5,2,1.19,NA,0.14,NA,13.91,0.03,2.5,6,2012,"15-Jun-12",NA,"","QS","QS",NA,NA,5,NA,2012-06-05,5.75
"180",30788,"QS","6/12/2012",1055,0.12,3.44,NA,NA,4.2,23.4,6.83,NA,8.13,40.5,0.51,5.29,0.23,1.58,2.99,2.5,2,1.52,NA,0.04,NA,12.04,0.01,0.9,6,2012,"15-Jun-12",NA,"","QS","QS",NA,NA,8.31,NA,2012-06-12,4
"181",30804,"QS","6/19/2012",1005,0.13,3.5,NA,NA,4.5,23.1,6.83,57.7,8.04,70.4,0.57,5.15,0.24,1.67,2.98,2.5,2,1.45,NA,0.14,NA,14.18,0.06,0.9,6,2012,"15-Jun-12",NA,"","QS","QS",NA,NA,6.4,NA,2012-06-19,4.25
"182",30820,"QS","6/26/2012",855,0.11,3.4,NA,NA,3.8,23.1,6.88,59.7,8.12,40,0.61,5.11,0.23,1.69,3.04,2.5,2,1.77,NA,0.04,NA,13.78,0.01,1,6,2012,"15-Jun-12",NA,"","QS","QS",NA,NA,8.61,NA,2012-06-26,5.75
"183",30836,"QS","7/3/2012",935,0.07,3.3,NA,NA,2.3,23.6,6.8,60.4,7.96,42.9,0.54,5.26,0.23,1.76,3.1,32.97,2,1.47,NA,0.13,NA,13.37,0.06,0.7,7,2012,"15-Jul-12",NA,"","QS","QS",NA,NA,1.9,NA,2012-07-03,2.4
"184",30852,"QS","7/10/2012",915,0.19,3.7,NA,NA,6.6,23.7,6.57,50.5,7.17,62.3,0.6,4.67,0.27,1.54,2.58,2.5,6.1,2.05,NA,0.14,NA,12.23,0.08,1.9,7,2012,"15-Jul-12",NA,"","QS","QS",NA,NA,NA,0.01,2012-07-10,10.35
"185",30868,"QS","7/17/2012",735,0.09,3.39,NA,NA,3.3,23.8,6.64,54.1,7.38,13.6,0.53,4.87,0.19,1.42,2.25,2.5,2,2.55,NA,0.1,NA,11.43,0.08,1.1,7,2012,"15-Jul-12",NA,"","QS","QS",NA,NA,2.86,NA,2012-07-17,3.65
"186",30884,"QS","7/24/2012",930,0.2,3.72,NA,NA,7.1,23.4,6.93,51.6,7.64,65,0.51,4.55,0.21,1.38,2.48,2.5,2,1.62,NA,0.1,NA,10.89,0.03,1.9,7,2012,"15-Jul-12",NA,"","QS","QS",NA,NA,3.27,NA,2012-07-24,6.5
"187",30900,"QS","7/31/2012",935,1.25,4.88,NA,NA,44,23,6.55,42.6,7.12,19.5,0.48,3.84,0.2,0.95,1.96,6.2,2,2.99,NA,0.04,NA,5.72,0.01,9.57,7,2012,"15-Jul-12",NA,"","QS","QS",NA,NA,6.39,NA,2012-07-31,36.5
"188",30916,"QS","8/7/2012",950,0.14,3.6,NA,NA,4.9,23.4,6.75,54.46,7.02,74.7,0.51,4.63,0.2,1.33,2.4,2.5,2,1.25,NA,0.13,NA,12.37,0.06,1.7,8,2012,"15-Aug-12",NA,"","QS","QS",NA,NA,3.08,NA,2012-08-07,5
"189",30932,"QS","8/14/2012",925,0.1,3.42,NA,NA,3.4,23.5,6.91,59.25,7.18,47.5,0.52,5.02,0.23,1.65,2.88,72.13,2,1.84,NA,0.1,NA,13.32,0.01,1,8,2012,"15-Aug-12",NA,"","QS","QS",NA,NA,7.76,NA,2012-08-14,3.35
"190",30948,"QS","8/21/2012",955,0.12,3.54,NA,NA,4.4,23.8,6.85,55.83,6.96,44.2,0.55,4.66,0.25,1.54,2.7,2.5,2,1.45,NA,0.09,NA,12.22,0.04,1.5,8,2012,"15-Aug-12",NA,"","QS","QS",NA,NA,1.03,NA,2012-08-21,10.5
"191",30964,"QS","8/28/2012",935,0.22,3.82,NA,NA,7.9,22.6,6.7,48.64,6.41,28.1,0.53,4.33,0.22,1.29,2.29,2.5,2,1.69,NA,0.1,NA,10.93,0.07,0.8,8,2012,"15-Aug-12",NA,"","QS","QS",NA,NA,5.47,NA,2012-08-28,8.8
"192",30980,"QS","9/4/2012",1015,0.11,3.51,NA,NA,4,23.1,6.83,56.66,6.92,2.5,0.55,4.77,0.24,1.51,2.67,11.79,4.24,1.51,NA,0.09,NA,13.56,0.08,2.9,9,2012,"15-Sep-12",NA,"","QS","QS",NA,NA,5.8,NA,2012-09-04,4.05
"193",30996,"QS","9/11/2012",930,0.05,3.3,NA,NA,1.8,22.8,6.75,58.19,7.45,89.6,0.56,5.21,0.26,1.66,2.99,2.5,2,1.34,NA,0.17,NA,11.56,0.08,6.9,9,2012,"15-Sep-12",NA,"","QS","QS",NA,NA,7.12,NA,2012-09-11,1.7
"194",31012,"QS","9/18/2012",915,0.03,3,NA,NA,0.95,23.9,6.86,62.88,8,82,0.54,5.42,0.23,1.62,3.03,2.5,2,1.06,NA,0.13,NA,14.61,0.04,4.5,9,2012,"15-Sep-12",NA,"","QS","QS",NA,NA,NA,NA,2012-09-18,1.02
"195",31028,"QS","9/25/2012",925,0.23,4,NA,NA,8.2,23.3,6.62,53.48,7.64,109.1,0.66,4.69,0.22,1.25,2.31,30.26,2,2.47,NA,0.19,NA,11.11,0.06,7,9,2012,"15-Sep-12",NA,"","QS","QS",NA,NA,7.4,NA,2012-09-25,4.75
"196",31044,"QS","10/2/2012",925,0.05,3.23,NA,NA,1.8,23.7,6.76,57.2,5.98,2.5,0.51,4.49,0.23,1.57,2.78,2.5,2,1.98,NA,0.04,NA,11.09,0.03,1.9,10,2012,"15-Oct-12",NA,"","QS","QS",NA,NA,NA,NA,2012-10-02,6.4
"197",31060,"QS","10/9/2012",950,0.37,4.16,NA,NA,13,22.9,6.65,44.4,5.54,2.5,0.54,3.97,0.27,1.18,2.07,5.62,2,2.81,NA,0.04,NA,8.48,0.03,2.3,10,2012,"15-Oct-12",NA,"","QS","QS",NA,NA,NA,NA,2012-10-09,16.5
"198",31076,"QS","10/16/2012",935,0.12,3.6,NA,NA,4.1,23.5,6.62,50.5,6.12,2.5,0.51,4.34,0.25,1.43,2.58,2.5,2,1.69,NA,0.04,NA,10.75,0.03,12.3,10,2012,"15-Oct-12",NA,"","QS","QS",NA,NA,5.07,NA,2012-10-16,14.25
"199",31092,"QS","10/23/2012",930,0.14,3.7,NA,NA,4.8,23.5,6.63,49.5,NA,NA,NA,NA,NA,NA,NA,2.5,2,1.73,NA,0.04,NA,10.51,NA,0.5,10,2012,"15-Oct-12",NA,"","QS","QS",NA,NA,9.75,NA,2012-10-23,5.25
"200",31108,"QS","10/30/2012",905,0.22,3.64,NA,NA,7.9,23.3,6.74,52.3,7.35,26.1,0.49,4.55,0.2,1.4,2.44,2.5,2,1.22,NA,0.04,NA,11.14,0.01,1,10,2012,"15-Oct-12",NA,"","QS","QS",NA,NA,7.45,NA,2012-10-30,7.8
"201",31124,"QS","11/6/2012",855,0.2,3.58,NA,NA,7.2,22.8,6.72,54.9,7.32,2.5,0.52,4.8,0.21,1.45,2.4,2.5,2,1.75,NA,0.04,NA,13.2,0.03,0.7,11,2012,"15-Nov-12",NA,"","QS","QS",NA,NA,8.33,NA,2012-11-06,8.45
"202",31140,"QS","11/13/2012",940,0.42,4,NA,NA,15,22.1,6.6,44,6.56,36.3,0.47,3.84,0.18,1.17,1.87,NA,2,2.09,NA,0.09,NA,9.1,NA,1.3,11,2012,"15-Nov-12",NA,"","QS","QS",NA,NA,NA,NA,2012-11-13,16
"203",31156,"QS","11/20/2012",925,0.25,3.68,NA,NA,8.7,22.7,6.67,51.4,6.31,70,0.5,4.48,0.28,1.46,2.58,2.5,2,1.52,NA,0.12,NA,11.49,0.05,1.1,11,2012,"15-Nov-12",NA,"","QS","QS",NA,NA,7.82,NA,2012-11-20,8.6
"204",31172,"QS","11/27/2012",1000,0.28,3.74,NA,NA,9.9,22.7,6.7,50.1,5.94,41.1,0.48,4.29,0.28,1.42,2.47,2.5,2,1.59,NA,0.1,NA,20.36,0.06,0.6,11,2012,"15-Nov-12",NA,"","QS","QS",NA,NA,5.7,NA,2012-11-27,12.5
"205",31188,"QS","12/4/2012",925,0.79,4.42,NA,NA,28,21.6,6.25,34.6,4.68,47.6,0.44,3.37,0.28,0.97,1.72,5.64,2,2.89,NA,0.12,NA,6.38,0.07,2.7,12,2012,"15-Dec-12",NA,"","QS","QS",NA,NA,3.99,NA,2012-12-04,169.5
"206",31204,"QS","12/11/2012",714,0.21,3.85,NA,NA,7.5,21.7,6.51,52.1,7.38,68.2,0.48,4.68,0.3,1.49,2.65,42.68,2,1.15,NA,0.1,NA,11.98,0.01,1.1,12,2012,"15-Dec-12",NA,"","QS","QS",NA,NA,5.02,NA,2012-12-11,17.3
"207",31220,"QS","12/18/2012",709,0.13,3.75,NA,NA,4.7,21.1,6.59,51.5,7.07,90.3,0.45,4.65,0.22,1.49,2.64,2.5,2,0.92,NA,0.11,NA,12.91,0.01,0.9,12,2012,"15-Dec-12",NA,"","QS","QS",NA,NA,3.55,NA,2012-12-18,4.85
"208",31236,"QS","12/26/2012",1000,0.13,3.72,NA,NA,4.7,21.3,6.69,54.2,6.92,74.6,0.47,4.69,0.25,1.5,2.68,2.5,2,1.04,NA,0.09,NA,11.02,0.01,2.3,12,2012,"15-Dec-12",NA,"","QS","QS",NA,NA,2.77,NA,2012-12-26,5.3
"209",31252,"QS","1/2/2013",1040,0.12,3.66,NA,NA,4.1,21.3,6.65,54.9,6.88,86.1,0.48,4.63,0.25,1.52,2.76,2.5,2,1.26,NA,0.12,NA,27.31,0.04,0.9,1,2013,"15-Jan-13",NA,"","QS","QS",NA,NA,4.45,NA,2013-01-02,4.8
"210",31268,"QS","1/8/2013",945,0.13,3.7,NA,NA,4.6,21.4,6.67,55,7.55,2.5,0.49,4.75,0.28,1.49,2.7,8.05,2,1.8,NA,0.04,NA,10.95,0.03,1.3,1,2013,"15-Jan-13",NA,"","QS","QS",NA,NA,5.62,NA,2013-01-08,5.55
"211",31284,"QS","1/15/2013",1030,0.13,3.7,NA,NA,4.7,21.3,6.83,54.5,7.39,2.5,0.45,4.7,0.26,1.51,2.74,17.03,2,1.31,NA,0.04,NA,9.68,0.02,1.3,1,2013,"15-Jan-13",NA,"","QS","QS",NA,NA,NA,NA,2013-01-15,5
"212",31300,"QS","1/22/2013",1030,0.08,3.46,NA,NA,3,21,6.63,56.1,7.28,92.6,0.46,4.85,0.25,1.6,2.85,2.5,2,0.95,NA,0.11,NA,17.72,0.03,0.9,1,2013,"15-Jan-13",NA,"","QS","QS",NA,NA,NA,NA,2013-01-22,3.2
"213",31316,"QS","1/29/2013",920,0.74,4.5,NA,NA,26,21,6.5,48,7,37.7,0.46,4.23,0.26,1.24,2.26,2.5,2,2.66,NA,0.11,NA,7.02,0.07,4.88,1,2013,"15-Jan-13",NA,"","QS","QS",NA,NA,4.26,NA,2013-01-29,9.95
"214",31332,"QS","2/5/2013",945,0.1,3.56,NA,NA,3.7,19.9,6.53,53.4,7.14,2.5,0.45,4.7,0.26,1.55,2.74,2.5,4.44,1.16,NA,0.04,NA,11.25,0.03,1.1,2,2013,"15-Feb-13",NA,"","QS","QS",NA,NA,NA,NA,2013-02-05,3.8
"215",31348,"QS","2/12/2013",930,0.25,3.68,NA,NA,8.9,20.3,6.61,53,7.27,2.5,0.5,4.6,0.22,1.47,2.64,5.95,2,1.43,NA,0.09,NA,10.03,0.08,1.2,2,2013,"15-Feb-13",NA,"","QS","QS",NA,NA,5.64,NA,2013-02-12,16.25
"216",31364,"QS","2/19/2013",1015,0.06,3.44,NA,NA,2.2,21,6.65,60.1,6.23,2.5,0.36,5.09,0.4,1,2.74,2.5,2,1.25,NA,0.17,NA,10.34,0.17,2,2,2013,"15-Feb-13",NA,"","QS","QS",NA,NA,3.62,NA,2013-02-19,2.6
"217",31380,"QS","2/26/2013",1025,0.03,3.3,NA,NA,0.95,21.3,6.6,61.1,7.92,35.1,0.6,5.38,0.25,1.76,2.69,2.5,2,1.25,NA,0.12,NA,13.73,0.09,1.2,2,2013,"15-Feb-13",NA,"","QS","QS",NA,NA,8.13,NA,2013-02-26,0.92
"218",31396,"QS","3/5/2013",955,1.61,5.1,NA,4.94,57,21.1,6.1,47.1,8.72,50.6,0.72,4.89,0.34,1.31,1.77,18.93,2,3.85,NA,0.24,NA,4.83,0.17,14.67,3,2013,"15-Mar-13",NA,"","QS","QS",NA,NA,9.6,NA,2013-03-05,32
"219",31412,"QS","3/12/2013",1030,0.03,3.32,NA,3.23,1.1,20.4,6.78,60.5,7.71,27.5,0.61,5.13,0.26,1.89,2.62,5.4,2,1.2,NA,0.08,NA,10.54,0.05,2.13,3,2013,"15-Mar-13",NA,"","QS","QS",NA,NA,5.02,NA,2013-03-12,1.1
"220",31428,"QS","3/19/2013",1035,0.48,4.3,NA,4.25,17,20.7,6.35,52.6,7.64,62.6,0.58,4.3,0.19,1.41,2.16,2.5,2,2.69,NA,0.12,NA,5.8,0.05,4.95,3,2013,"15-Mar-13",NA,"","QS","QS",NA,NA,NA,NA,2013-03-19,43
"221",31444,"QS","3/26/2013",935,0.02,3,NA,3.03,0.56,21.7,6.5,62,7.41,93.6,0.61,5.23,0.18,1.93,3.04,2.5,2,1.11,NA,0.16,NA,11.46,0.07,1.4,3,2013,"15-Mar-13",NA,"","QS","QS",NA,NA,NA,NA,2013-03-26,0.565
"222",31460,"QS","4/2/2013",1040,0.22,4.09,NA,3.96,7.7,21.3,6.62,49.5,6.98,37.6,0.56,4.46,0.21,1.4,2.13,2.5,2,1.41,NA,0.1,NA,26.21,0.06,0.9,4,2013,"15-Apr-13",NA,"","QS","QS",NA,NA,3.01,NA,2013-04-02,8.05
"223",31476,"QS","4/9/2013",1020,0.34,4.24,NA,4.16,12,22,6.44,48.3,9.29,48.8,0.81,6.31,0.23,1.45,2.76,6.24,2,2.21,NA,0.13,NA,7.5,0.08,1.6,4,2013,"15-Apr-13",NA,"","QS","QS",NA,NA,1.7,NA,2013-04-09,8.05
"224",31492,"QS","4/16/2013",1015,0.11,3.72,NA,3.66,3.9,22.1,6.13,55.72,7.13,2.5,0.62,4.95,0.17,1.48,1.92,2.5,2,1.36,NA,0.04,NA,10.3,0.03,0.8,4,2013,"15-Apr-13",NA,"","QS","QS",NA,NA,5.04,NA,2013-04-16,9.75
"225",31508,"QS","4/23/2013",1020,0.13,3.8,NA,3.74,4.7,21.2,6.8,55.02,7.37,21.6,0.58,4.75,0.21,1.78,2.41,2.5,4.67,1.14,NA,0.04,NA,12.4,0.01,1.26,4,2013,"15-Apr-13",NA,"","QS","QS",NA,NA,1.96,NA,2013-04-23,4.85
"226",31524,"QS","4/30/2013",920,0.12,3.76,NA,3.71,4.4,21.8,6.6,53.9,7.16,2.5,0.52,5.04,0.27,1.92,3,2.5,2,1.42,NA,0.04,NA,13.98,0.03,0.1,4,2013,"15-Apr-13",NA,"","QS","QS",NA,NA,NA,NA,2013-04-30,13.2
"227",31540,"QS","5/7/2013",940,0.12,3.7,NA,3.69,4.2,22.7,6.92,59.03,6.9,55.3,0.52,4.98,0.24,1.8,2.3,2.5,2,1.35,NA,0.04,NA,10.43,0.01,1.5,5,2013,"15-May-13",NA,"","QS","QS",NA,NA,NA,NA,2013-05-07,22.95
"228",31556,"QS","5/14/2013",1045,0.2,3.94,NA,3.92,7.1,22.1,6.81,51.5,7.08,24.9,0.45,4.44,0.19,1.56,3.4,2.5,2,2.07,NA,0.04,NA,11.51,0.01,1.8,5,2013,"15-May-13",NA,"","QS","QS",NA,NA,NA,NA,2013-05-14,7.4
"229",31572,"QS","5/21/2013",950,1.19,4.8,NA,4.77,42,22.3,6.52,43.94,6.55,24.3,0.44,3.69,0.17,1.19,2.41,2.5,2,3.48,NA,0.09,NA,7.4,0.07,4.62,5,2013,"15-May-13",NA,"","QS","QS",NA,NA,NA,NA,2013-05-21,26.05
"230",31588,"QS","5/28/2013",1030,0.45,4.3,NA,4.27,16,22.7,6.66,44.97,6.44,25.5,0.39,3.53,0.13,1.15,2.31,2.5,2,2.08,NA,0.04,NA,6.81,0.01,1.7,5,2013,"15-May-13",NA,"","QS","QS",NA,NA,NA,NA,2013-05-28,24.5
"231",31604,"QS","6/4/2013",955,1.53,4.96,NA,4.93,54,22.5,6.33,36.87,5.95,26.7,0.37,3.17,0.13,1.04,2.09,2.5,2,3.25,NA,0.09,NA,3.83,0.07,3.54,6,2013,"15-Jun-13",NA,"","QS","QS",NA,NA,NA,NA,2013-06-04,58.5
"232",31620,"QS","6/11/2013",1010,0.28,3.94,NA,4.07,9.9,22.9,6.64,53.8,6.88,2.5,0.49,4.34,0.17,1.53,3.32,2.5,4.01,1.91,NA,0.07,NA,8.42,0.07,1.4,6,2013,"15-Jun-13",NA,"","QS","QS",NA,NA,3.49,NA,2013-06-11,26
"233",31636,"QS","6/18/2013",750,0.19,3.88,NA,NA,6.62,23.1,6.78,52.9,7.09,8.1,0.49,4.53,0.18,1.56,3.12,10.17,2,1.15,NA,0.12,NA,9.53,0.11,1.3,6,2013,"15-Jun-13",NA,"","QS","QS",NA,NA,4.39,NA,2013-06-18,6.6
"234",31652,"QS","6/25/2013",1000,NA,4.3,NA,NA,NA,22.9,6.72,46.1,6.59,10,0.47,3.96,0.18,1.23,2.47,2.5,2,1.62,NA,0.09,NA,6.58,0.08,1.3,6,2013,"15-Jun-13",NA,"","QS","QS",NA,NA,3.8,NA,2013-06-25,71
"235",31668,"QS","7/2/2013",1020,NA,4.56,NA,NA,NA,22.7,6.77,47.1,6,2.5,0.43,3.64,0.15,1.18,1.95,2.5,2,2.08,NA,0.04,NA,6.97,0.03,1.8,7,2013,"15-Jul-13",NA,"","QS","QS",NA,NA,5.14,0.02,2013-07-02,27
"236",31684,"QS","7/9/2013",1030,NA,4.7,NA,NA,NA,23.2,6.28,38.1,7.04,84.4,0.49,3.6,0.17,1.07,2.39,2.5,2,3.63,NA,0.14,NA,5.97,0.06,6.46,7,2013,"15-Jul-13",NA,"","QS","QS",NA,NA,1.36,0.01,2013-07-09,33
"237",31700,"QS","7/16/2013",1020,NA,4.32,NA,NA,NA,23,6.51,40.6,4.97,2.5,0.58,3.11,0.03,0.86,1.79,2.5,2,2.7,1.54,0.04,NA,7.91,0.03,1.8,7,2013,"15-Jul-13",NA,"","QS","QS",NA,NA,NA,NA,2013-07-16,19
"238",31716,"QS","7/23/2013",920,NA,4,NA,NA,NA,23.5,6.48,46.6,5.55,2.5,0.57,3.88,0.09,1.18,2.43,2.5,2,2.07,1.91,0.08,NA,10.04,0.08,0.3,7,2013,"15-Jul-13",NA,"","QS","QS",NA,NA,NA,NA,2013-07-23,7.3
"239",31732,"QS","7/30/2013",910,NA,3.81,NA,NA,NA,23.5,6.61,48.8,5.75,2.5,0.53,4.19,0.12,1.38,2.85,2.5,2,2.39,2.2,0.15,NA,11.96,0.15,0.6,7,2013,"15-Jul-13",NA,"","QS","QS",NA,NA,NA,NA,2013-07-30,5.4
"240",31748,"QS","8/6/2013",1005,NA,4.2,NA,NA,NA,23.4,6.6,46.6,5.51,2.5,0.55,3.61,0.11,1.16,2.34,2.5,2,3.01,1.59,0.13,NA,8.58,0.13,3.6,8,2013,"15-Aug-13",NA,"","QS","QS",NA,NA,NA,NA,2013-08-06,8.1
"241",31764,"QS","8/13/2013",915,NA,3.81,NA,NA,NA,23.4,6.71,50.8,6.57,23.3,0.55,4.06,0.13,1.41,2.84,2.5,2,1.17,NA,0.13,NA,11.41,0.1,1,8,2013,"15-Aug-13",NA,"","QS","QS",NA,NA,NA,NA,2013-08-13,3.5
"242",31780,"QS","8/20/2013",1035,NA,4.2,NA,NA,NA,23.7,6.52,43.8,6.17,6.2,0.5,3.63,0.08,1.02,2.32,8.65,2,2.58,NA,0.12,NA,8.41,0.1,3.2,8,2013,"15-Aug-13",NA,"","QS","QS",NA,NA,NA,NA,2013-08-20,12
"243",31796,"QS","8/27/2013",700,NA,4.7,NA,NA,NA,23.4,6.06,40.9,5.93,2.5,0.54,3.25,0.11,0.94,2.12,2.5,2,3.7,NA,0.1,NA,6.23,0.1,3.7,8,2013,"15-Aug-13",NA,"","QS","QS",NA,NA,NA,NA,2013-08-27,19
"244",31812,"QS","9/3/2013",950,NA,4.1,NA,NA,NA,23.7,6.67,47.5,6.47,7.6,0.54,NA,NA,NA,NA,2.5,2,3.19,NA,0.15,NA,9.94,0.14,1.7,9,2013,"15-Sep-13",NA,"","QS","QS",NA,NA,NA,NA,2013-09-03,30
"245",31828,"QS","9/10/2013",1030,NA,3.88,NA,NA,NA,23.6,6.58,49.5,6.06,2.5,0.64,3.87,0.11,1.18,2.37,2.5,2,1.36,NA,0.09,NA,11.07,0.09,0.9,9,2013,"15-Sep-13",NA,"","QS","QS",NA,NA,0.38,NA,2013-09-10,7.5
"246",31844,"QS","9/17/2013",1010,NA,3.7,NA,NA,NA,24.3,6.2,52.8,6.2,32.5,0.62,4.23,0.1,1.39,2.74,14.88,2,1.2,NA,0.1,NA,12.95,0.05,0.9,9,2013,"15-Sep-13",NA,"","QS","QS",NA,NA,0.92,NA,2013-09-17,5.3
"247",31860,"QS","9/24/2013",1010,NA,3.98,NA,NA,NA,24.3,6.62,47,6.67,103.1,0.58,3.99,0.19,1.46,3.04,2.5,2,2.17,NA,0.13,NA,10.55,0.03,1,9,2013,"15-Sep-13",NA,"","QS","QS",NA,NA,0.68,0.01,2013-09-24,5.6
"248",31876,"QS","10/1/2013",1050,NA,3.4,NA,NA,NA,24.5,6.79,57.3,7.93,114.4,0.67,4.8,0.18,1.83,3.72,2.5,2,1.08,NA,0.15,NA,14.21,0.04,0.3,10,2013,"15-Oct-13",NA,"","QS","QS",NA,NA,2.14,0.005,2013-10-01,4.4
"249",31892,"QS","10/8/2013",1000,NA,3.5,NA,NA,NA,24.4,6.57,51.9,6.14,96.7,0.53,4.47,0.26,1.79,2.69,2.5,2,1.28,NA,0.13,NA,12.3,0.03,1.7,10,2013,"15-Oct-13",NA,"","QS","QS",NA,NA,1.56,0.005,2013-10-08,2.4
"250",31908,"QS","10/15/2013",1100,NA,3.62,NA,NA,NA,24,6.46,47.8,6.11,99.6,0.49,4.36,0.33,1.36,2.3,5.52,2,1.68,NA,0.19,NA,12.32,0.08,0.8,10,2013,"15-Oct-13",NA,"","QS","QS",NA,NA,7.29,0.06,2013-10-15,2.8
"251",31924,"QS","10/22/2013",930,NA,3.69,NA,NA,NA,23.5,6.39,52.5,6.42,111.8,0.49,4.42,0.23,1.45,2.43,2.5,2,1.36,NA,0.18,NA,10.55,0.06,2.5,10,2013,"15-Oct-13",NA,"","QS","QS",NA,NA,6.42,0.01,2013-10-22,2.7
"252",31940,"QS","10/29/2013",1030,0.13,4.68,NA,28,4.67,23.1,6.34,42.7,6.3,20.2,0.48,3.73,0.24,1.07,1.83,30.07,2,4.05,NA,0.21,NA,5.86,0.16,6.14,10,2013,"15-Oct-13",NA,"","QS","QS",NA,NA,8.54,0.01,2013-10-29,13.35
"253",31956,"QS","11/5/2013",703,0.1,3.7,NA,NA,3.63,22.7,6.5,42.3,5.96,75.5,0.45,4.15,0.23,1.37,2.2,6.26,2,1.68,NA,0.15,NA,9.32,0.07,0.7,11,2013,"15-Nov-13",NA,"","QS","QS",NA,NA,6.08,0.01,2013-11-05,4.25
"254",31972,"QS","11/12/2013",750,0.25,4.09,NA,NA,8.74,23,6.38,47.1,6.02,68.3,0.5,4.11,0.24,1.32,2.43,13.6,2,2.4,NA,0.14,NA,11.63,0.06,2.8,11,2013,"15-Nov-13",NA,"","QS","QS",NA,NA,NA,0.005,2013-11-12,5.45
"255",31988,"QS","11/19/2013",800,0.14,4.7,NA,NA,5.06,22.4,6.27,41.1,6.41,25,0.5,3.82,0.23,1.05,1.96,9.33,2,4.01,NA,0.14,NA,5.75,0.1,7.14,11,2013,"15-Nov-13",NA,"","QS","QS",NA,NA,3.45,0.005,2013-11-19,6.1
"256",32004,"QS","11/26/2013",754,0.27,3.95,NA,NA,9.7,22.5,6.23,44,5.57,2.5,0.45,3.94,0.23,1.28,2.19,2.5,4.79,2,NA,0.1,NA,11.34,0.1,1.1,11,2013,"15-Nov-13",NA,"","QS","QS",NA,NA,0.77,0.005,2013-11-26,9.7
"257",32020,"QS","12/3/2013",NA,NA,NA,NA,NA,NA,NA,NA,NA,NA,NA,NA,NA,NA,NA,NA,NA,NA,NA,NA,NA,NA,NA,NA,NA,12,2013,"15-Dec-13",NA,"","QS","QS",NA,NA,NA,NA,2013-12-03,13
"258",32036,"QS","12/10/2013",900,0.43,4.2,NA,NA,15.32,21.9,6.4,50.1,7.76,30.1,0.41,3.86,0.21,1.32,2.16,2.5,2,1.43,NA,0.07,NA,9.29,0.04,1,12,2013,"15-Dec-13",NA,"","QS","QS",NA,NA,NA,0.01,2013-12-10,14.5
"259",32052,"QS","12/17/2013",825,0.34,4.08,NA,NA,11.87,22.1,6.39,50.7,7.61,41.5,0.4,3.91,0.22,1.33,2.18,2.5,4.45,1.6,NA,0.09,NA,9.19,0.05,1.3,12,2013,"15-Dec-13",NA,"","QS","QS",NA,NA,NA,0.01,2013-12-17,19.5
"260",32068,"QS","12/24/2013",1225,3.49,5.7,NA,NA,123.21,21.6,6.08,46.7,8.2,17.7,0.39,3.77,0.27,1.13,1.85,11.64,2,2.48,NA,0.11,NA,5.59,0.08,78.86,12,2013,"15-Dec-13",NA,"","QS","QS",NA,NA,NA,0.01,2013-12-24,23
"261",32084,"QS","12/31/2013",1135,0.25,3.92,NA,NA,8.74,21.9,6.63,51.8,7.41,51.5,0.4,3.98,0.21,1.41,2.33,2.5,2,1.54,NA,0.11,NA,10.75,0.05,1.3,12,2013,"15-Dec-13",NA,"","QS","QS",NA,NA,NA,0.01,2013-12-31,14.5
"262",32100,"QS","1/7/2014",1105,0.39,4.12,NA,NA,13.62,22,6.39,53.1,8.09,45.2,0.47,4.2,0.31,1.41,2.44,2.5,2,1.99,NA,0.09,NA,10.72,0.04,2.8,1,2014,"15-Jan-14",NA,"","QS","QS",NA,NA,1.09,0.01,2014-01-07,12.3
"263",32116,"QS","1/14/2014",1035,0.2,3.82,NA,NA,6.92,21.1,6.92,54.5,8.08,73.7,0.45,4.35,0.31,1.49,2.58,2.5,2,1.42,NA,0.09,NA,11.82,0.02,5.5,1,2014,"15-Jan-14",NA,"","QS","QS",NA,NA,0.65,0.005,2014-01-14,10.2
"264",32132,"QS","1/21/2014",1030,0.11,3.6,NA,NA,3.91,21.3,6.6,57.1,7.75,110,0.5,4.73,0.26,1.71,2.88,2.5,2,0.92,NA,0.15,NA,10.88,0.04,1.15,1,2014,"15-Jan-14",NA,"","QS","QS",NA,NA,1.25,0.03,2014-01-21,3.65
"265",32148,"QS","1/28/2014",1100,0.22,3.92,NA,NA,7.86,21.4,6.7,56,8.12,83.1,0.52,4.53,0.27,1.59,2.62,2.5,2,1.36,NA,0.13,NA,9.73,0.04,1.9,1,2014,"15-Jan-14",NA,"","QS","QS",NA,NA,1.61,0.03,2014-01-28,4.95
"266",32164,"QS","2/4/2014",935,0.2,3.89,NA,NA,7.07,21.3,6.56,54.5,8.98,60.4,0.72,4.82,0.53,1.62,2.76,34.82,2,1.82,NA,0.15,NA,8.01,0.06,1.3,2,2014,"15-Feb-14",NA,"","QS","QS",NA,NA,18.93,0.02,2014-02-04,8.9
"267",32180,"QS","2/11/2014",1045,0.12,3.64,NA,NA,4.4,21.3,6.37,62.3,7.99,88,0.5,4.93,0.28,1.84,3.08,2.5,2,1.39,NA,0.16,NA,10.16,0.07,1.5,2,2014,"15-Feb-14",NA,"","QS","QS",NA,NA,3.63,0.01,2014-02-11,4.45
"268",32196,"QS","2/18/2014",1045,0.15,3.74,NA,NA,5.3,21.5,6.46,55.9,8.08,95.3,0.53,4.82,0.28,1.73,2.87,2.5,2,1.23,NA,0.15,NA,NA,0.05,3.7,2,2014,"15-Feb-14",NA,"","QS","QS",NA,NA,5.31,0.02,2014-02-18,7.05
"269",32212,"QS","2/25/2014",721,0.19,4.45,NA,NA,6.62,21.1,6.45,51.7,8.49,116.5,0.64,7.35,0.7,3.28,4.69,2.5,2,1.46,NA,0.08,NA,NA,0.01,1,2,2014,"15-Feb-14",NA,"","QS","QS",NA,NA,9.24,0.04,2014-02-25,6.05
"270",32228,"QS","3/4/2014",1100,0.11,3.6,NA,NA,3.81,21.1,7.04,53.1,8.81,120.4,0.47,6.57,0.33,3.45,4.78,8.01,2,1.05,NA,0.19,NA,17.87,0.06,3.1,3,2014,"15-Mar-14",NA,"","QS","QS",NA,NA,NA,0.02,2014-03-04,6.9
"271",32244,"QS","3/11/2014",1125,0.23,3.97,NA,NA,8.2,21.4,6.63,49.87,13.7,79.4,0.83,8.68,0.52,1.69,4,2.5,2,2.3,NA,0.18,NA,10.7,0.09,3.6,3,2014,"15-Mar-14",NA,"","QS","QS",NA,NA,NA,0.06,2014-03-11,19
"272",32260,"QS","3/18/2014",850,0.06,3.4,NA,NA,2.06,21.5,6.72,57.41,7.55,2.5,0.54,5.1,0.26,1.81,3.03,2.5,2,1.89,NA,0.1,NA,12.41,0.1,1.5,3,2014,"15-Mar-14",NA,"","QS","QS",NA,NA,NA,0.01,2014-03-18,2.05
"273",32276,"QS","3/25/2014",1045,0.03,3,NA,NA,1.11,21.9,6.61,59.26,7.72,2.5,0.54,5.26,0.27,1.56,3.2,2.5,2,2.01,2.22,0.09,NA,11.67,0.08,3.9,3,2014,"15-Mar-14",NA,"","QS","QS",NA,NA,NA,0.02,2014-03-25,1.1
"274",32292,"QS","4/1/2014",9.35,NA,2.9,NA,NA,NA,21.8,6.86,59.8,7.54,2.5,0.9,8.02,0.92,3.58,6.73,2.5,2,1.44,2.05,0.15,NA,16.2,0.14,5.1,4,2014,"15-Apr-14",NA,"","QS","QS",NA,NA,NA,0.09,2014-04-01,1.1
"275",32308,"QS","4/8/2014",955,0.05,3.44,NA,NA,1.69,21.9,6.74,55.85,7.96,103.1,0.57,5.02,0.27,1.36,2.83,2.5,2,1.23,1.73,0.16,NA,10.38,0.06,2.7,4,2014,"15-Apr-14",NA,"","QS","QS",NA,NA,NA,0.02,2014-04-08,1.75
"276",32324,"QS","4/15/2014",1040,0.03,3.3,NA,NA,0.89,22.2,6.63,61.47,7.82,84.8,0.55,5.44,0.29,1.6,3.22,2.5,2,1.12,NA,0.14,NA,NA,0.05,1.4,4,2014,"15-Apr-14",NA,"","QS","QS",NA,NA,NA,0.02,2014-04-15,1.045
"277",32340,"QS","4/22/2014",935,0.11,3.64,NA,NA,3.81,22.3,6.9,53.81,7.61,62.2,0.52,4.77,0.26,1.24,2.53,2.5,2,1.5,NA,0.12,NA,10.11,0.06,4.1,4,2014,"15-Apr-14",NA,"","QS","QS",NA,NA,NA,0.01,2014-04-22,4.45
"278",32356,"QS","4/29/2014",1010,0.03,3.3,NA,NA,1.11,22.9,6.9,58.43,7.31,2.5,0.52,5.11,0.27,1.51,2.97,2.5,2,1.64,NA,0.09,NA,NA,0.09,3.7,4,2014,"15-Apr-14",NA,"","QS","QS",NA,NA,NA,0.03,2014-04-29,1.55
"279",32372,"QS","5/6/2014",955,0.04,3.34,NA,NA,1.51,23.1,6.61,58.11,7.52,87.2,0.56,5.16,0.28,1.5,3.04,2.5,2,1.18,NA,0.13,NA,14.08,0.04,1,5,2014,"15-May-14",NA,"","QS","QS",NA,NA,NA,0.03,2014-05-06,2.35
"280",32388,"QS","5/13/2014",1040,0.71,4.2,NA,NA,25.15,22,6.35,41.22,6.22,32.9,0.49,3.75,0.23,1.05,1.92,2.5,2,1.53,NA,0.11,NA,9.81,0.08,4.3,5,2014,"15-May-14",NA,"","QS","QS",NA,NA,NA,0.01,2014-05-13,17
"281",32404,"QS","5/20/2014",955,1.12,4.5,NA,NA,39.43,22.4,6,34.16,4.86,6.9,0.46,3.21,0.23,0.9,1.51,5.5,2,3.08,NA,0.13,NA,4.73,0.11,3.47,5,2014,"15-May-14",NA,"","QS","QS",NA,NA,4.71,0.01,2014-05-20,30.5
"282",32420,"QS","5/27/2014",955,0.2,3.52,NA,NA,7.07,22.9,6.55,56.79,7.68,73.4,0.55,4.9,0.31,1.66,2.77,2.5,2,1.35,NA,0.14,NA,11.13,0.07,0.7,5,2014,"15-May-14",NA,"","QS","QS",NA,NA,6.65,0.02,2014-05-27,5.2
"283",32436,"QS","6/3/2014",1115,0.14,3.4,NA,NA,4.95,23.8,6.46,55.79,5.56,61.5,0.45,3.98,0.21,1.76,2.65,7.91,7.11,1.27,NA,0.14,NA,14.94,0.07,1.9,6,2014,"15-Jun-14",NA,"","QS","QS",NA,NA,NA,0.01,2014-06-03,3.9
"284",32452,"QS","6/10/2014",713,0.12,3.35,NA,NA,4.3,23.4,6.48,56.11,7.23,119.5,0.91,7.54,1.01,3.24,7.45,6.47,2,1.12,NA,0.13,NA,13.5,0.01,0.4,6,2014,"15-Jun-14",NA,"","QS","QS",NA,NA,28.85,0.05,2014-06-10,3.75
"285",32468,"QS","6/17/2014",700,0.04,2.8,NA,NA,1.51,23.9,6.34,62.79,8,104.1,0.57,5.41,0.29,1.73,3.35,2.5,2,1.03,NA,0.14,NA,15.67,0.03,2.6,6,2014,"15-Jun-14",NA,"","QS","QS",NA,NA,NA,0.005,2014-06-17,1.55
"286",32484,"QS","6/24/2014",915,NA,3.6,NA,NA,NA,24.3,6.13,63.31,7.56,104.7,0.55,5.37,0.28,1.7,3.42,5.2,2,1.5,NA,0.17,NA,12.94,0.06,1.7,6,2014,"15-Jun-14",NA,"","QS","QS",NA,NA,NA,0.02,2014-06-24,0.795189873417721
"287",32500,"QS","7/1/2014",1015,0.04,2.5,NA,NA,1.3,24.3,6.54,61.49,9.43,57.7,0.47,5.34,0.29,1.58,3.3,2.5,2,1.56,NA,0.07,NA,15.44,0.01,2.1,7,2014,"15-Jul-14",NA,"","QS","QS",NA,NA,NA,0.03,2014-07-01,2
"288",32516,"QS","7/8/2014",850,0.1,3.2,NA,NA,3.54,22,6.75,58.14,8.69,40.5,0.62,5.58,0.35,1.45,3.43,2.5,4.59,1.6,NA,0.11,NA,8.97,0.07,1.1,7,2014,"15-Jul-14",NA,"","QS","QS",NA,NA,NA,0.02,2014-07-08,4.1
"289",32532,"QS","7/15/2014",810,0.12,3.2,NA,NA,4.1,22.5,6.88,58.76,7.64,80,0.58,5.19,0.34,1.43,3.27,2.5,2,1.4,NA,0.14,NA,9.2,0.05,0.8,7,2014,"15-Jul-14",NA,"","QS","QS",NA,NA,NA,0.01,2014-07-15,4.05
"290",32548,"QS","7/22/2014",1030,0.13,3.3,NA,NA,4.61,22.5,6.8,54.87,7.22,56.7,0.55,4.76,0.32,1.23,3.05,10.5,2,1.34,NA,0.14,NA,12.64,0.07,1.1,7,2014,"15-Jul-14",NA,"","QS","QS",NA,NA,NA,0.01,2014-07-22,4.7
"291",32564,"QS","7/29/2014",940,0.06,3,NA,NA,2.12,23,6.66,62.19,7.63,136,0.58,5.02,0.33,1.51,3.05,2.5,2,1.09,NA,0.21,NA,12.45,0.07,3.4,7,2014,"15-Jul-14",NA,"","QS","QS",NA,NA,NA,0.01,2014-07-29,1.8
"292",32580,"QS","8/5/2014",1005,0.64,4.44,NA,NA,22.51,22.5,6.48,46.67,7.91,2.5,0.55,4.15,0.26,1.19,2.21,2.5,2,2.67,NA,0.13,NA,8.11,0.12,1.9,8,2014,"15-Aug-14",NA,"","QS","QS",NA,NA,NA,0.01,2014-08-05,8.7
"293",32596,"QS","8/12/2014",1046,0.39,4.04,NA,NA,13.62,23,6.97,48.96,7.4,24.3,0.54,4.32,0.28,1.04,2.47,2.5,2,2.05,NA,0.1,NA,10.36,0.08,0.8,8,2014,"15-Aug-14",NA,"","QS","QS",NA,NA,NA,0.02,2014-08-12,7.1
"294",32612,"QS","8/19/2014",900,0.23,3.7,NA,NA,8.2,24.3,6.12,50.97,7.69,56.2,0.54,4.59,0.58,1.22,2.66,2.5,2,1.83,NA,0.1,NA,11.09,0.04,0.7,8,2014,"15-Aug-14",NA,"","QS","QS",NA,NA,NA,0.03,2014-08-19,7.1
"295",32628,"QS","8/26/2014",916,0.44,4,NA,NA,15.65,23.5,6.47,42.39,6.75,2.5,0.48,4.09,0.27,1.04,2.06,2.5,2,1.45,NA,0.04,NA,9.05,0.03,0.6,8,2014,"15-Aug-14",NA,"","QS","QS",NA,NA,NA,0.01,2014-08-26,13
"296",32644,"QS","9/2/2014",719,0.34,3.79,NA,NA,11.87,24.3,6.63,51.58,7.42,2.5,0.56,4.71,0.38,1.23,2.68,2.5,2,1.56,NA,0.04,NA,7.44,0.03,0.8,9,2014,"15-Sep-14",NA,"","QS","QS",NA,NA,NA,0.01,2014-09-02,7.7
"297",32660,"QS","9/9/2014",721,0.57,3.8,NA,NA,20.1,22,6.82,44.1,5.89,52.7,0.49,4.18,0.25,1.09,2.28,156.17,2,1.78,NA,0.16,NA,9.9,0.01,1.1,9,2014,"15-Sep-14",NA,"","QS","QS",NA,NA,NA,0.02,2014-09-09,14
"298",32676,"QS","9/16/2014",NA,NA,NA,NA,NA,NA,NA,NA,NA,NA,NA,NA,NA,NA,NA,NA,NA,NA,NA,NA,NA,NA,NA,NA,NA,9,2014,"15-Sep-14",NA,"","QS","QS",NA,NA,NA,NA,2014-09-16,6.6
"299",32692,"QS","9/23/2014",1015,1.16,4.12,NA,NA,41.13,22.5,6.63,40.9,5.29,30.6,0.46,3.81,0.2,1.19,2.07,2.5,7.47,2.09,NA,0.12,NA,5.09,0.09,1.1,9,2014,"15-Sep-14",NA,"","QS","QS",NA,NA,NA,0.01,2014-09-23,106
"300",32708,"QS","9/30/2014",736,0.13,3.75,NA,NA,4.51,21.5,6.62,53,7,88.6,0.52,4.86,0.23,1.27,2.83,2.5,2,0.96,NA,0.14,NA,13.14,0.05,1.5,9,2014,"15-Sep-14",NA,"","QS","QS",NA,NA,NA,0.01,2014-09-30,4.8
"301",32724,"QS","10/7/2014",1015,0.05,3.32,NA,NA,1.64,23,6.86,58.7,7.22,96,0.54,5.18,0.28,1.56,3.19,2.5,4.11,0.93,NA,0.15,NA,14.95,0.05,0.5,10,2014,"15-Oct-14",NA,"","QS","QS",NA,NA,NA,0.02,2014-10-07,2.2
"302",32740,"QS","10/14/2014",1010,0.09,3.96,NA,NA,3.21,22,6.56,52.2,7.12,16.5,0.62,4.78,0.25,1.44,2.82,2.5,2,2.06,NA,0.09,NA,13.56,0.08,3.6,10,2014,"15-Oct-14",NA,"","QS","QS",NA,NA,NA,0.03,2014-10-14,2.2
"303",32756,"QS","10/21/2014",1020,0.02,3,NA,NA,0.6,22,6.75,60.7,7.08,117.9,0.53,5.24,0.23,1.43,3.32,2.5,7.78,0.75,3.9,0.15,NA,13.37,0.03,0.5,10,2014,"15-Oct-14",NA,"","QS","QS",NA,NA,NA,0.02,2014-10-21,0.73
"304",32772,"QS","10/28/2014",1005,0.01,2.9,NA,NA,0.47,22.5,6.64,59.2,6.86,117.6,0.55,5.23,0.23,1.45,3.29,2.5,8.92,0.95,3.85,0.16,NA,13.03,0.04,1,10,2014,"15-Oct-14",NA,"","QS","QS",NA,NA,NA,0.03,2014-10-28,0.78
"305",32788,"QS","11/4/2014",1000,0.55,4.56,NA,NA,19.44,22,6.5,37,5.11,2.5,0.48,3.52,0.19,0.6,1.81,2.5,7.16,3.13,1.72,0.1,NA,NA,0.1,2.4,11,2014,"15-Nov-14",NA,"","QS","QS",NA,NA,NA,0.01,2014-11-04,11
"306",32804,"QS","11/11/2014",924,0.15,4.65,NA,NA,5.42,21.2,7,69.6,9.92,40,0.71,7.48,0.26,2.95,6.13,2.5,12.04,0.79,6.83,0.08,NA,19.98,0.04,3.4,11,2014,"15-Nov-14",NA,"","QS","QS",NA,NA,NA,0.03,2014-11-11,7.9
"307",32820,"QS","11/18/2014",1000,0.18,3.84,NA,NA,6.2,22,6.77,49.5,6.2,46.3,0.51,4.45,0.22,0.97,2.6,2.5,6.94,1.77,1.75,0.15,NA,10.71,0.1,1,11,2014,"15-Nov-14",NA,"","QS","QS",NA,NA,NA,0.04,2014-11-18,7.7
"308",32836,"QS","11/25/2014",745,0.3,4.67,NA,NA,10.52,21,6.74,45.6,5.48,2.5,0.29,3.1,0.1,0.36,0.36,2.5,6.95,1.86,NA,0.08,NA,10.87,0.08,0.7,11,2014,"15-Nov-14",NA,"","QS","QS",NA,NA,NA,0.01,2014-11-25,12
"309",32852,"QS","12/2/2014",1010,0.34,4.22,NA,NA,12.11,21,6.64,52.6,NA,NA,NA,NA,NA,NA,NA,2.5,4.1,2.23,NA,0.15,NA,NA,NA,2.8,12,2014,"15-Dec-14",NA,"","QS","QS",NA,NA,NA,NA,2014-12-02,10
"310",32868,"QS","12/9/2014",1005,0.08,3.61,NA,NA,2.97,19.5,6.56,52.1,7.39,81.7,0.52,4.76,0.24,1.21,2.94,7.25,NA,0.91,2.31,0.14,NA,14.08,0.05,0.6,12,2014,"15-Dec-14",NA,"","QS","QS",NA,NA,2.22,0.01,2014-12-09,3.37
"311",32884,"QS","12/16/2014",815,0.2,5.4,NA,NA,7.07,20,6.31,29.6,4.19,2.5,0.44,2.98,0.22,0.45,1.37,5.58,2,4.48,0.61,0.11,NA,4.49,0.11,21.75,12,2014,"15-Dec-14",NA,"","QS","QS",NA,NA,3.05,0.01,2014-12-16,4.72
"312",32900,"QS","12/23/2014",900,0.1,3.6,NA,NA,3.46,20,6.61,54.7,7.13,76.3,0.53,4.93,0.29,1.41,2.84,2.5,2,0.79,NA,0.12,NA,15.93,0.05,1.5,12,2014,"15-Dec-14",NA,"","QS","QS",NA,NA,NA,0.01,2014-12-23,3.9
"313",32916,"QS","12/30/2014",830,0.05,3.88,NA,NA,1.74,20,6.76,57.4,7.09,92.1,0.52,4.86,0.23,1.62,3.09,2.5,2,0.78,3.2,0.13,NA,15.62,0.04,1.8,12,2014,"15-Dec-14",NA,"","QS","QS",NA,NA,NA,0.01,2014-12-30,2.05
